"N° pièce";"CodeSAP";"Désignation";"Référence";"Fabriquant";"Référence fabricant";"IDFamille";"Fournisseur";"Prix";"Stock";"Stock sécurité";"Stock MAXI";"Coût reconditionnement";"Emplacement";"Notes";"Pièce à réparer";"Delai de reappro";"photos";"Remis en état";"lien plan meca";"Criticité";"Pieces SAP";"Masqué";"Statut_piece";"Statut_Date";"Meuble";"Tiroir";"Position";"Supprime";"Date_supp";"Nom_Supp"
1215;102145;"ROULEMENT 2205";"102145";31;"2205";3;;1,00 €;0;0;0;0,00 €;;"";0;0;;;;1;0;0;;;;;;0;;
1216;102338;"ROULEMENT 6210";"6210";;;3;;1,00 €;0;0;0;0,00 €;;"";0;0;;;;0;0;0;;;;;;0;;
1217;102365;"ROULEMENT 6000 INOX 2RSH";"6000 2RSR HLC";33;;3;;3,00 €;4;1;0;0,00 €;;"12 pour table mecanicaire";0;0;;;;0;0;0;1;13/2/2025 00:00:00;10;1;701;0;;
1218;107448;"ROULEMENT  15*32*9 2RS INOX";"6002H 2RS";31;;3;;8,76 €;48;2;0;0,00 €;;;0;0;;;;0;0;0;1;30/9/2026 00:00:00;10;1;703;0;;
1219;102370;"ROULEMENT 20*42*12";"6004 2RS";31;"6004 2RS";3;;1,99 €;2;2;0;0,00 €;;"";0;0;;;;0;0;0;1;27/8/2026 00:00:00;10;1;705;0;;
1220;102371;"ROULEMENT 25*47*12 2RS / 2RSR / 2RSH";"6005 2RS";;;13;;15,00 €;7;1;0;0,00 €;;"meme que 145914 / 168099 /168637";0;0;;;;0;0;0;1;13/2/2024 00:00:00;10;1;708;0;;
1221;102375;"ROULEMENT 6007 2RS";"6007 2RS";31;;3;;2,50 €;10;2;0;0,00 €;;"extrudeur tarto";0;0;;;;0;0;0;1;;10;1;709;0;;
1222;102378;"ROULEMENT ETANCHE 6012 2RS";"6012 2RS";;;3;;1,00 €;4;1;0;0,00 €;;"";0;0;;;;0;0;0;;;10;1;602;0;;
1223;102386;"ROULEMENT 6200 2RS";"S6200 2RSR HLC";33;;3;;15,00 €;16;2;0;0,00 €;;"";0;0;;;;0;0;0;1;14/9/2023 00:00:00;10;1;501;0;;
1224;102388;"ROULEMENT 6201 2RS INOX";"6201 2RS INOX";31;;3;;1,51 €;22;2;0;0,00 €;;"";0;0;;;;0;0;0;1;11/10/2023 00:00:00;10;1;502;0;;
1225;102390;"ROULEMENT 15x35x11";"6202 2RS";31;;3;;1,73 €;19;1;0;0,00 €;;"";0;0;;;;0;0;0;1;27/7/2026 00:00:00;10;1;503;0;;
1226;102391;"ROULEMENT ETANCHE 15*35*11";" 6202 ZZ";;;13;;1,00 €;1;1;0;0,00 €;;"";0;0;;;;0;0;0;1;18/8/2023 00:00:00;10;1;504;0;;
1227;102393;"ROULEMENT 17*40*12";"6203 2RS";31;;3;;1,00 €;10;1;0;0,00 €;;"";0;0;;;;0;0;0;1;;10;1;505;0;;
1228;102397;"ROULEMENT 6204 2RS";"102397";;;3;;3,00 €;6;1;0;0,00 €;;"";0;0;;;;0;0;0;1;18/6/2024 00:00:00;10;1;506;0;;
1229;102398;"ROULEMENT 6204 2RS C3";"102398";;;3;;1,00 €;3;1;0;0,00 €;;"";0;0;;;;0;0;0;1;;10;1;508;0;;
1230;102399;"ROULEMENT 6205 2RS";"102399";31;" 6205 2RS";3;;3,00 €;9;1;0;0,00 €;;"";0;0;;;;0;0;0;1;28/3/2023 00:00:00;10;1;402;0;;
1231;102400;"ROULEMENT 6205 2RS C3";"102400";;;3;;1,00 €;0;0;0;0,00 €;;"";0;0;;;;0;0;0;10;;;;;0;;
1232;102401;"ROULEMENT ETANCHE 6205 2Z/C3";" 6205 2Z/C3";31;" 6205 2Z/C3";13;;1,00 €;2;1;0;0,00 €;;"";0;0;;;;0;0;0;1;5/10/2023 00:00:00;10;1;403;0;;
1233;102402;"ROULEMENT 6206 2RS";"102402";;;3;;1,00 €;4;1;0;0,00 €;;"";0;0;;;;0;0;0;1;20/6/2024 00:00:00;10;1;404;0;;
1234;102404;"ROULEMENT  30x62x16";"6206 ZZ/C3";31;"6206 ZZ/C3";3;;5,00 €;0;2;0;0,00 €;;"";0;0;;;;0;0;0;5;17/10/2025 00:00:00;10;1;406;0;;
1235;102408;"ROULEMENT 6209 2RS";"102408";;;3;;1,00 €;2;1;0;0,00 €;;"";0;0;;;;0;0;0;;;10;2;903;0;;
1236;102417;"ROULEMENT ETANCHE 6301 2RS";"102417";;;3;;5,00 €;0;1;0;0,00 €;;"";0;0;;;;0;0;0;5;;10;2;802;0;;
1237;102420;"ROULEMENT 6303 2RSH";"6303 2RSH";31;"6303 2RSH";13;;2,63 €;6;1;0;0,00 €;;"RSH -&gt; FKM au lieu de NBR";0;0;;;;0;0;0;1;3/4/2024 00:00:00;;;;0;;
1238;102421;"ROULEMENT ETANCHE 6304 2RS";"102421";;;3;;1,00 €;12;1;0;0,00 €;;"";0;0;;;;0;0;0;1;1/7/2026 00:00:00;10;2;802;0;;
1239;102459;"FUSIBLE 10X38 1A GG 13301";"102459";;;1;;1,00 €;10;1;0;0,00 €;;"";0;0;;;;0;0;1;;;;;;1;;
1240;102460;"FUSIBLE 10.3x38 20A gG 13420";"102460";;;;;1,00 €;30;1;0;0,00 €;;"";0;0;;;;0;0;1;1;12/1/2024 00:00:00;;;;1;;
1241;102462;"FUSIBLE 10.3*38 25A AM";"102462";;;;;1,00 €;5;1;0;0,00 €;;"";0;0;;;;0;0;1;;;;;;1;;
1242;102464;"FUSIBLE 10.3*38 2A AM 13002";"102464";;;;;1,00 €;9;1;0;0,00 €;;"";0;0;;;;0;0;1;;;;;;1;;
1243;102467;"FUSIBLE 10*38 4A 500V 13004";"102467";;;;;1,00 €;0;0;0;0,00 €;;"";0;0;;;;0;0;1;;;;;;1;;
1244;102469;"FUSIBLE 10.3*38 6A AM 13006";"102469";;;;;1,00 €;8;1;0;0,00 €;;"";0;0;;;;0;0;1;;;;;;1;;
1245;102471;"FUSIBLE 10.3x38 8A AM 13008";"102471";;;;;1,00 €;3;1;0;0,00 €;;"";0;0;;;;0;0;1;;;;;;1;;
1246;102483;"FUSIBLE 14X51 40A AM PERCUT.L14140";"102483";;;;;1,00 €;10;1;0;0,00 €;;"";0;0;;;;0;0;1;;;;;;1;;
1247;102512;"FUSIBLE RAPIDE 5X20 10A";"102512";;;;;1,00 €;6;1;0;0,00 €;;"";0;0;;;;0;0;1;;;;;;1;;
1248;102513;"FUSIBLE  5X20 1A L090515P TYPE F";"102513";;;;;1,00 €;10;1;0;0,00 €;;"";0;0;;;;0;0;1;;;;;;1;;
1249;102518;"FUSIBLE TEMPORISE 5X20 2A";"";;;;;1,00 €;5;1;0;0,00 €;;"";0;0;;;;0;0;1;;;;;;1;;
1250;102520;"FUSIBLE RAPIDE 5X20 6.3A";"102520";;;;;1,00 €;15;1;0;0,00 €;;"";0;0;;;;0;0;1;;;;;;1;;
1251;102526;"FUSIBLE  8*31 10A Gg";"102526";1;;1;;1,34 €;11;1;0;0,00 €;;"";0;0;;;;0;0;1;;;;;;1;;
1252;102529;"FUSIBLE RAPIDE 8.5*31.5 20A GL";"102529";1;;1;;1,34 €;10;1;0;0,00 €;;"";0;0;;;;0;0;1;;;;;;1;;
1253;102861;"LAMPE BA9S 10X28 240V 3/4W CC5A B3080";"102861";10;;1;;1,00 €;30;1;0;0,00 €;;"";0;0;;;;0;0;0;1;;2;3;302;0;;
1254;102862;"AMPOULE BA9S 10*28 24V B34/56";"102862";94;;;;1,00 €;9;1;0;0,00 €;;"";0;0;;;;0;0;0;1;;2;3;303;0;;
1255;102894;"PRESSE ETOUPE PLASTIQUE PG13.5";"LEG098023";46;;1;;5,00 €;10;2;0;0,00 €;;"";0;0;;;;0;0;0;1;23/9/2024 00:00:00;2;7;104;0;;
1256;102929;"TETE INTERRUPTEUR DE POSITION";"ZCKE05";1;;1;;25,00 €;3;1;0;0,00 €;;"";0;0;;;;0;0;0;1;2/6/2025 00:00:00;1;4;104;0;;
1257;102935;"TETE INTERRUPTEUR DE POSITION";"ZCKY11";1;;1;;25,00 €;5;1;0;0,00 €;;"";0;0;;;;0;0;0;;;1;4;204;0;;
1258;102982;"DISJONCTEUR MOTEUR 1A/1.6A";"GV2ME06";91;"GV2ME06";1;;48,00 €;1;1;0;0,00 €;;"";0;0;;;;0;0;0;;;30;3;401;0;;
1259;102985;"DISJONCTEUR MOTEUR 13A/18A";"GV2ME20";91;"GV2ME20";1;;50,00 €;1;1;0;0,00 €;;"";0;0;;;;0;0;0;;;30;3;402;0;;
1260;103633;"DISJONCTEUR MOTEUR 0.63A/1A";"GV2ME05";91;"GV2ME05";1;;47,22 €;1;1;0;0,00 €;;"";0;0;;;;0;0;0;;;2;10;104;0;;
1261;103686;"TETE VOYANT LUMINEUX JAUNE ZB4BV05";"103686";91;;1;;3,42 €;4;1;0;0,00 €;;"";0;0;;;;0;0;0;1;19/3/2025 00:00:00;2;2;101;0;;
1262;103911;"ROULEMENT 6211 2RS1";"103911";;;;;1,00 €;0;0;0;0,00 €;;"";0;0;;;;0;0;0;;;;;;0;;
1263;103924;"JOINT TORIQUE NITRILE 44*2";"103924";;;;;1,00 €;0;1;0;0,00 €;;"";0;0;;;;0;0;0;;;;;;0;;
1264;103927;"JOINT TORIQUE NITRILE 35*3";"103927";;;;;1,00 €;0;1;0;0,00 €;;"";0;0;;;;0;0;0;;;;;;0;;
1265;103937;"ROULEMENT AUTO ALIGNEUR GYE30KRRB";"103937";;;13;;1,00 €;1;1;0;0,00 €;;"";0;0;;;;0;0;0;1;;10;2;602;0;;
1266;103971;"BUTEE A BILLE 51204";"103971";;;;;1,00 €;0;1;0;0,00 €;;"";0;0;;;;0;0;0;;;;;;0;;
1267;104472;"RELAIS 4RT FINDER   220V AC";"55.34.8.23.0040 / RMI A 45";84;"5534823000-40";16;;8,62 €;17;2;0;0,00 €;;"<div>RMI A 45 ? CARLO GAVAZZI</div>

<div>55348230040 ? FINDER</div>

<div>CENTRALE CO2</div>";0;0;;;;0;0;0;1;29/4/2025 00:00:00;2;5;106;0;;
1268;104942;"BOITIER 2 TROUS";"XALD02";91;;1;;10,54 €;1;1;0;0,00 €;;"";0;0;;;;0;0;0;1;26/1/2026 00:00:00;2;9;103;0;;
1269;105042;"FUSIBLE 14.3x51 40A GG 14540";"105042";;;;;1,00 €;7;1;0;0,00 €;;"";0;0;;;;0;0;1;;;;;;1;;
1270;105056;"FUSIBLE 8*32 2A C/DOM 012402 GG";"105056";;;;;1,00 €;0;0;0;0,00 €;;"";0;0;;;;0;0;1;;;;;;1;;
1271;105057;"FUSIBLES 10.3x38 2A GI 13402 GG";"105057";;;;;1,00 €;2;1;0;0,00 €;;"";0;0;;;;0;0;1;;;;;;1;;
1272;105061;"FUSIBLE 8.25x31 4A GF 12404 GG";"105061";;;;;1,00 €;17;1;0;0,00 €;;"";0;0;;;;0;0;1;;;;;;1;;
1273;105077;"FUSIBLE 10.3x38 10A AM 13010";"105077";;;;;1,00 €;9;1;0;0,00 €;;"";0;0;;;;0;0;1;;;;;;1;;
1274;105082;"FUSIBLE 10*25.8 10A 011710G C/DOM";"105082";;;;;1,00 €;10;1;0;0,00 €;;"";0;0;;;;0;0;1;;;;;;1;;
1275;105113;"AMPOULE  E27 240V 77W";"105113";72;;;;15,00 €;5;1;0;0,00 €;;"";0;0;;;;0;0;0;1;13/5/2025 00:00:00;31;2;401;0;;
1276;105192;"BARRETTE DE DOMINO 10 MM2 34215";"105192";;;;;1,00 €;15;1;0;0,00 €;;"";0;0;;;;0;0;0;;;21;3;603;0;;
1277;105193;"BARRETTE DE DOMINO 6MM2 34213";"105193";;;;;1,00 €;7;1;0;0,00 €;;"";0;0;;;;0;0;0;;;21;3;604;0;;
1278;105719;"CAPTEUR SME*8M624V*K*0,3*M8D 7202000635";"105719";4;;8;;1,00 €;3;1;0;0,00 €;;"";0;0;;;;0;0;1;;;;;;0;;
1279;106677;"EMBOUT FEMELLE INOX 1/2";"106677";;;;;1,00 €;0;0;0;0,00 €;;"";0;0;;;;0;0;1;;;;;;1;;
1280;106858;"REDUCTION GALVA MF 3/4 1/2 2015";"106858";;;;;1,00 €;0;0;0;0,00 €;;"";0;0;;;;0;0;1;;;;;;1;;
1281;107492;"ROULEMENT SKF";"2209E 2RS 1TN9";31;;13;;25,00 €;4;1;0;0,00 €;;"";0;0;;;;0;0;0;1;5/10/2023 00:00:00;40;1;303;0;;
1282;107634;"ROULEMENT 6204 H 2RS INOX";"107634";;;;;1,00 €;9;1;0;0,00 €;;"";0;0;;;;0;0;0;1;12/1/2024 00:00:00;;;;0;;
1283;107640;"VIS CHC 6X20 INOX A2";"107640";;;;;1,00 €;0;0;0;0,00 €;;"";0;0;;;;0;0;1;;;;;;1;;
1284;107644;"VIS CHC 6X40 INOX A2";"107644";;;;;1,00 €;0;0;0;0,00 €;;"";0;0;;;;0;0;1;;;;;;1;;
1285;107650;"VIS TETE HEXAGONALE 6X30 INOX A2";"107650";;;;;1,00 €;0;0;0;0,00 €;;"";0;0;;;;0;0;1;;;;;;1;;
1286;107684;"VIS CHC 8X20 INOX A2";"107684";;;;;1,00 €;0;0;0;0,00 €;;"";0;0;;;;0;0;1;;;;;;1;;
1287;107698;"ECROUS DIA.8 HU INOX A2";"107698";;;;;1,00 €;0;0;0;0,00 €;;"";0;0;;;;0;0;1;;;;;;1;;
1288;107727;"ECROU DIA.6 HU INOX A2";"107727";;;;;1,00 €;0;0;0;0,00 €;;"";0;0;;;;0;0;1;;;;;;1;;
1289;107733;"VIS CHC 5X30 INOX A2";"107733";;;;;1,00 €;0;0;0;0,00 €;;"";0;0;;;;0;0;1;;;;;;1;;
1290;107738;"VIS TETE HEXAGONALE 5X30 INOX A2";"107738";;;;;1,00 €;0;0;0;0,00 €;;"";0;0;;;;0;0;1;;;;;;1;;
1291;107745;"ECROU DIA.5 INOX A2";"107745";;;;;1,00 €;0;0;0;0,00 €;;"";0;0;;;;0;0;1;;;;;;1;;
1292;107749;"VIS CHC 4X30 INOX A2";"107749";;;;;1,00 €;0;0;0;0,00 €;;"";0;0;;;;0;0;1;;;;;;1;;
1293;107758;"VIS TETE HEXAGONALE 4X2O INOX A2";"107758";;;;;1,00 €;0;0;0;0,00 €;;"";0;0;;;;0;0;1;;;;;;1;;
1294;107895;"JOINT A LEVRE 30x47x7";"107895";;;3;;3,00 €;0;1;0;0,00 €;;"";0;0;;;;0;0;0;;;10;3;808;0;;
1295;107906;"JOINT A LEVRE 25x47x7";"107906";;;3;;3,00 €;4;1;0;0,00 €;;"";0;0;;;;0;0;0;;;10;3;805;0;;
1296;107921;"ROULEMENT S62201 2RS INOX";"12*32*14";31;;13;;5,80 €;12;1;0;0,00 €;;"";0;0;;;;0;0;0;1;8/8/2025 00:00:00;10;1;608;0;;
1297;108381;"COLLIER INOX 0538 12X22 L9";"108381";;;;;1,00 €;0;1;0;0,00 €;;"";0;0;;;;0;0;1;;;;;;1;;
1298;108961;"JOINT A LEVRE DL 20x42x7";"108961";10;;3;;1,00 €;8;4;0;0,00 €;;"<div>rouleau extrudeur</div>";0;0;;;;0;0;0;1;2/10/2026 00:00:00;10;3;804;0;;
1299;108983;"JOINT A LEVRE IE 20*40*7";"108983";;;3;;1,00 €;6;1;0;0,00 €;;"";0;0;;;;0;0;0;;;10;3;804;0;;
1300;109017;"JOINT A LEVRE IE 40x62x7";"109017";;;3;;1,00 €;3;1;0;0,00 €;;"";0;0;;;;0;0;0;1;17/11/2023 00:00:00;;;;0;;
1301;109020;"JOINT A LEVRE 45x62x8";"109020 / 168420";;;;;1,00 €;0;1;0;0,00 €;;"";0;0;;;;0;0;0;;;;;;0;;
1302;109119;"ROULEMENT YAR204 2F";"109119";31;;13;;1,00 €;6;1;0;0,00 €;;"";0;0;;;;0;0;0;1;5/10/2023 00:00:00;10;1;802;0;;
1303;109266;"ROULEMENT 30*55*13 2RS";"6006 2RS";10;;13;;2,00 €;2;1;0;0,00 €;;"";0;0;;;;0;0;0;;;10;1;708;0;;
1304;109735;"RESSORT DE SOUPAPE";"7114001012";97;;3;;52,00 €;10;1;0;0,00 €;;"";0;0;;;;0;0;0;1;10/10/2023 00:00:00;20;1;806;0;;
1305;110083;"COUDE INOX MF 1/2";"110083";;;;;1,00 €;0;0;0;0,00 €;;"";0;0;;;;0;0;1;;;;;;1;;
1306;110085;"REDUCTION INOX MF 1/2 3/8";"110085";;;;;1,00 €;0;0;0;0,00 €;;"";0;0;;;;0;0;1;;;;;;1;;
1307;110091;"REDUCTION INOX FM 3/4 1/2";"110091";;;;;1,00 €;0;0;0;0,00 €;;"";0;0;;;;0;0;1;;;;;;1;;
1308;110093;"REDUCTION INOX MM 3/4 1/2";"110093";;;;;1,00 €;0;0;0;0,00 €;;"";0;0;;;;0;0;1;;;;;;1;;
1309;110094;"REDUCTION INOX MM 1/2 3/8";"110094";;;;;1,00 €;0;0;0;0,00 €;;"";0;0;;;;0;0;1;;;;;;1;;
1310;110378;"DETECTEUR INDUCTIF 40*40  NO/NC AC/DC 24-240V";"XS7C4A1DPG13";91;;1;;54,45 €;1;1;0;0,00 €;;"";0;0;;;;0;0;0;1;17/4/2025 00:00:00;1;1;201;0;;
1311;110738;"ROULEMENT BILLE 6011-2Z ACIER";"6011 ZZ";31;;13;;15,00 €;2;2;0;0,00 €;;"";0;0;;;;0;0;0;1;2/10/2024 00:00:00;10;1;602;0;;
1312;111573;"TETE BOUTON POUSSOIR ROUGE";"ZB5AA4";91;"ZB5AA4";1;;3,42 €;3;1;0;0,00 €;;"";0;0;;;;0;0;0;;;2;1;202;0;;
1313;111681;"TIGE FILETEE INOX D08";"111681";;;;;1,00 €;0;0;0;0,00 €;;"";0;0;;;;0;0;1;;;;;;1;;
1314;111682;"TIGE FILETEE INOX D06";"111682";;;;;1,00 €;0;0;0;0,00 €;;"";0;0;;;;0;0;1;;;;;;1;;
1315;111684;"TIGE FILETEE INOX D05";"111684";;;;;1,00 €;0;0;0;0,00 €;;"";0;0;;;;0;0;1;;;;;;1;;
1316;111916;"ROULEMENT 25*47*12  ACIER flasque metal";"6005 ZZ";31;;13;;3,00 €;0;0;0;0,00 €;;"";0;0;;;;0;0;1;5;;10;1;707;0;;
1317;112814;"VIS TFHC INOX A2 4X20";"112814";;;;;1,00 €;0;0;0;0,00 €;;"";0;0;;;;0;0;1;;;;;;1;;
1318;112817;"VIS TFHC A2 5X20";"112817";;;;;1,00 €;0;0;0;0,00 €;;"";0;0;;;;0;0;1;;;;;;1;;
1319;112824;"VIS TFHC A2 6X30";"112824";;;;;1,00 €;0;0;0;0,00 €;;"";0;0;;;;0;0;1;;;;;;1;;
1320;113005;"CABLE REF XZCP1241L5";"113005";;;;;1,00 €;5;1;0;0,00 €;;"";0;0;;;;0;0;0;;;;;;0;;
1321;113250;"TIGE FILETEE INOX D04";"113250";;;;;1,00 €;0;0;0;0,00 €;;"";0;0;;;;0;0;1;;;;;;1;;
1322;113913;"JOINT OR BUNA 44X3 REF.EA 0130";"113913";;;;;1,00 €;0;0;0;0,00 €;;"";0;0;;;;0;0;0;10;;;;;0;;
1323;113919;"JOINT OR BUNA 62x3 REF.EA 0160";"113919";;;;;1,00 €;0;1;0;0,00 €;;"";0;0;;;;0;0;0;;;;;;0;;
1324;114722;"JOINT TORIQUE  40*3";"114722";;;;;1,00 €;9;1;0;0,00 €;;"";0;0;;;;0;0;0;;;20;2;605;0;;
1325;115865;"FERRULE A SOUDER 663414*51";"115865";;;;;1,00 €;0;0;0;0,00 €;;"";0;0;;;;0;0;0;;;;;;0;;
1326;116466;"FUSIBLE 10.3X38 20A AM 130.20";"116466";;;;;1,00 €;19;1;0;0,00 €;;"";0;0;;;;0;0;1;;;;;;1;;
1327;116551;"INTERRUPTEUR XCSPA 591";"XCS PA591";;;;;1,00 €;2;1;0;0,00 €;;"";0;0;;;;0;0;0;;;;;;0;;
1328;116597;"SOCLE DE TABLEAU 3P+T IP44 16A 52223";"52223";46;;1;;18,40 €;2;1;0;0,00 €;;"";0;0;;;;0;0;0;1;7/10/2025 00:00:00;30;3;306;0;;
1329;117030;"ELECT  DISTRIB CPE14-M1BH-5L-1/8";"196941";4;"196941";17;;50,00 €;3;1;0;0,00 €;;"<div>&nbsp;NAPPEUSE</div>";0;0;;;;0;0;0;1;23/9/2025 00:00:00;3;5;202;0;;
1330;117226;"ROULEMENT 607 2RS 7*19*6";"117226";;;;;1,00 €;1;1;0;0,00 €;;"";0;0;;;;0;0;0;;;10;1;1002;0;;
1331;117257;"JOINT A LEVRE 80 FKM 55*90*10";"67020396";144;;12;;15,00 €;1;1;0;0,00 €;;"";0;0;;;;0;0;0;1;9/10/2024 00:00:00;10;3;602;0;;
1332;117286;"ROULEMENT INOX 6205H 2RS";"117286";;;;;1,00 €;7;0;0;0,00 €;;"";0;0;;;;0;0;0;1;12/1/2024 00:00:00;;;;0;;
1333;117345;"PALIER FYTB 20 TF";"117345";;;;;1,00 €;0;1;0;0,00 €;;"";0;0;;;;0;0;0;;;10;2;804;0;;
1334;117370;"COUDE F/F 1/2 90";"117370";;;;;1,00 €;0;0;0;0,00 €;;"";0;0;;;;0;0;0;;;;;;0;;
1335;117378;"MAMELON 1/2  MALE/MALE 452213-15";"117378";;;;;1,00 €;0;0;0;0,00 €;;"";0;0;;;;0;0;0;;;;;;0;;
1336;117379;"MAMELON 3/4 280";"117379";;;;;1,00 €;0;0;0;0,00 €;;"";0;0;;;;0;0;0;;;;;;0;;
1337;117387;"REDUCTION F/F 3/4 1/2 652394-2015";"117387";;;;;1,00 €;0;0;0;0,00 €;;"";0;0;;;;0;0;1;;;;;;1;;
1338;117396;"TE F/F 3/4 LAITON";"117396";;;;;1,00 €;0;0;0;0,00 €;;"";0;0;;;;0;0;0;;;;;;0;;
1339;117492;"TRAVERSEE CLOISON  D8 36160800";"117492";;;;;1,00 €;0;0;0;0,00 €;;"";0;0;;;;0;0;1;;;;;;1;;
1340;117552;"CHAINE B14038  9.52 D";"117552";;;;;1,00 €;0;1;0;0,00 €;;"";0;0;;;;0;0;0;;;;;;0;;
1341;117986;"VANNE SHERE INOX P.I DN15 F/F 2709.04";"117986";;;;;1,00 €;0;0;0;0,00 €;;"";0;0;;;;0;0;1;;;;;;1;;
1342;119145;"ROULEMENT 6204ZZ/C3";"119145";;;;;1,00 €;2;1;0;0,00 €;;"";0;0;;;;0;0;0;1;13/6/2023 00:00:00;;;;0;;
1343;120210;"ROULEMENT 6010";"120210";31;;13;;1,00 €;4;1;0;0,00 €;;"";0;0;;;;0;0;0;1;5/10/2023 00:00:00;10;1;601;0;;
1344;120227;"ROULEMENT 30204";"120227";;;;;1,00 €;1;1;0;0,00 €;;"";0;0;;;;0;0;0;1;14/9/2023 00:00:00;10;1;902;0;;
1345;120244;"ROULEMENT 203KRRAH02";"120244";;;;;1,00 €;2;1;0;0,00 €;;"";0;0;;;;0;0;0;;;10;1;910;0;;
1346;120245;"PALIER A APPLIQUE OVALE";"UCFL204";32;"UCFL204";3;;11,44 €;6;1;0;0,00 €;;"se monte avec UC 204";0;0;;;;0;0;0;1;10/3/2026 00:00:00;10;2;803;0;;
1347;120262;"PALIER GLCTE25";"120262";;;;;1,00 €;4;1;0;0,00 €;;"";0;0;;;;0;0;0;;;10;2;805;0;;
1348;120314;"COURROIE";"XPZ1180LP";;;;;1,00 €;3;1;0;0,00 €;;"";0;0;;;;0;0;0;;;20;3;401;0;;
1349;120421;"MANCHON INOX 316 1/2""LG 34MM 999N FILETE";"120421";;;;;1,00 €;0;0;0;0,00 €;;"";0;0;;;;0;0;1;;;;;;1;;
1350;121167;"COUPLEUR MALE BSP 92012110";"121167";;;;;1,00 €;0;1;0;0,00 €;;"";0;0;;;;0;0;1;;;;;;1;;
1351;122279;"ROULEMENT 32306";"122279";;;;;1,00 €;0;1;0;0,00 €;;"";0;0;;;;0;0;0;;;;;;0;;
1352;122596;"FICHE DROITE HYPRA 3P+T 16A*380V";"52243";46;;1;;10,00 €;4;1;0;0,00 €;;"";0;0;;;;0;0;0;1;26/7/2023 00:00:00;30;3;306;0;;
1353;122656;"FUSIBLE VERRE 6,3X32 8A";"122656";91;;;;1,00 €;0;0;0;0,00 €;;"";0;0;;;;0;0;0;;;;;;0;;
1354;122657;"FUSIBLE VERRE 6,3X32 10A";"122657";;;;;1,00 €;6;1;0;0,00 €;;"";0;0;;;;0;0;1;;;;;;1;;
1355;122703;"FUSIBLE 8,5X31,5 6A aM12006";"122703";;;;;1,00 €;10;1;0;0,00 €;;"";0;0;;;;0;0;1;;;;;;1;;
1356;122774;"FUSIBLE 8,5X31,5 10A aM 12010";"122774";;;;;1,00 €;19;1;0;0,00 €;;"";0;0;;;;0;0;1;;;;;;1;;
1357;122779;"FUSIBLE 10X38 10A 13410 GG";"122779";;;;;1,00 €;20;1;0;0,00 €;;"";0;0;;;;0;0;1;;;;;;1;;
1358;122781;"FUSIBLE 10X38 16A 13416 GG";"122781";;;;;1,00 €;1;1;0;0,00 €;;"";0;0;;;;0;0;1;;;;;;1;;
1359;123224;"RELAIS DE PUISSANCE MY4IN 220VAC";"123224";10;;16;;1,00 €;1;1;0;0,00 €;;"";0;0;;;;0;0;0;;;30;3;411;0;;
1360;123277;"CONTACTEUR  18A BOBINE 230V AC";"LC1D18P7";91;;1;;50,00 €;5;1;0;0,00 €;;"";0;0;;;;0;0;0;;;30;3;410;0;;
1361;123315;"CLE FLEXIBLE METAL";"XCS Z03";1;;1;;25,00 €;1;1;0;0,00 €;;"";0;0;;;;0;0;0;;;1;5;401;0;;
1362;123365;"STARTER S10 220V 4*65W 697691";"123365";72;;1;;3,00 €;27;1;0;0,00 €;;"";0;0;;;;0;0;0;;;31;2;404;0;;
1363;123631;"BAGUE ETANCHEITE 25*52*7 BA";"123631";;;;;1,00 €;0;0;0;0,00 €;;"<div>voir 123631</div>";0;0;;;;0;0;1;10;;;;;0;;
1364;123944;"JOINT TORIQUE 42X3 VITON";"123944";;;;;1,00 €;0;1;0;0,00 €;;"";0;0;;;;0;0;0;;;;;;0;;
1365;125629;"MASTIC SILICONE MULTI USAGES";"125629";;;;;1,00 €;0;0;0;0,00 €;;"";0;0;;;;0;0;1;10;;;;;1;;
1366;127700;"RONDELLE PLATE M8 A2 INOX  BOITE*100";"127700";;;;;1,00 €;0;0;0;0,00 €;;"";0;0;;;;0;0;1;;;;;;1;;
1367;128392;"CONTACT A VIS NO";"ZBE101";91;"ZBE101";1;;3,02 €;32;5;0;0,00 €;;"";0;0;;;;0;0;0;1;4/2/2026 00:00:00;2;2;403;0;;
1368;128394;"CONTACT A VIS NF";" ZBE102";91;" ZBE102";1;;1,00 €;19;5;0;0,00 €;;"";0;0;;;;0;0;0;1;4/2/2026 00:00:00;2;2;404;0;;
1369;128648;"VIS CHC INOX A2 06X60";"128648";;;;;1,00 €;0;0;0;0,00 €;;"";0;0;;;;0;0;1;;;;;;1;;
1370;129811;"ROULEMENT 403834  6304/C4";"129811";;;;;1,00 €;0;0;0;0,00 €;;"";0;0;;;;0;0;0;;;;;;0;;
1371;130567;"CONTACT ZB4BZ101";"130567";1;;1;;1,00 €;0;0;0;0,00 €;;"ELEMENT COMPOSABLE";0;0;;;;0;0;1;;;0;0;0;0;;
1372;130568;"BOUTON TOURNANT 2POS NOIR";"ZB4BD2";91;"ZB4BD2";1;;5,00 €;5;1;0;0,00 €;;"";0;0;;;;0;0;0;1;30/1/2024 00:00:00;21;4;703;0;;
1373;130581;"RELAIS FINDER 24VDC";"46.52.90.24 /G2R-2SNI";84;;16;;8,00 €;15;3;0;0,00 €;"M1 T10 P2/8";"G2R-2SNI OMRON";0;0;;;;0;0;0;1;26/1/2026 00:00:00;2;5;303;0;;
1374;130994;"TETE BOUTON POUSSOIR NOIR";"ZB4BA2";91;;1;;4,00 €;3;1;0;0,00 €;;"";0;0;;;;0;0;0;1;27/8/2026 00:00:00;2;1;205;0;;
1375;130995;"TETE BOUTON POUSSOIR VERT AFFLEURANT";"ZB4BA3";91;;1;;4,00 €;4;2;0;0,00 €;;"";0;0;;;;0;0;0;1;29/9/2023 00:00:00;2;1;204;0;;
1376;131010;"BOUTON TOURNANT 3POS NOIR";"ZB4BD3";91;"ZB4BD3";1;;1,00 €;3;1;0;0,00 €;;"";0;0;;;;0;0;0;1;30/1/2024 00:00:00;2;1;301;0;;
1377;132459;"BLOC CONTACT FOND DE BOITE NC";"ZENL1121";91;;1;;3,13 €;9;5;0;0,00 €;;"";0;0;;;;0;0;1;1;4/2/2026 00:00:00;2;2;402;0;;
1378;132898;"BAGUE AUTOLUBRIFIANTE 10*12*10";"00000001764";;;;;5,00 €;16;1;0;0,00 €;;"";0;0;;;;0;0;0;;;20;2;608;0;;
1379;133038;"BOUCHON INOX FEMELLE 1/2""";"133038";;;;;1,00 €;0;0;0;0,00 €;;"";0;0;;;;0;0;1;;;;;;1;;
1380;133363;"CAPUCHON TRANSPARENT";"ZBP0";91;;1;;1,34 €;9;1;0;0,00 €;;"";0;0;;;;0;0;0;1;5/10/2023 00:00:00;2;2;201;0;;
1381;133383;"TETE VOYANT LUMINEUX BLANC BA9S";"ZB4BV01 /ZB4BV07";91;;1;;10,00 €;5;1;0;0,00 €;;"<div>BV07=TRANSPARENT</div>";0;0;;;;0;0;0;1;26/7/2023 00:00:00;2;2;103;0;;
1382;133385;"TETE VOYANT LUMINEUX BLEU";"ZB4BV06";91;;1;;1,00 €;2;1;0;0,00 €;;"";0;0;;;;0;0;0;1;;2;2;104;0;;
1383;133405;"TETE BOUTON POUSSOIR NOIR";"ZB5AA2";91;"ZB5AA2";1;;3,42 €;2;1;0;0,00 €;;"";0;0;;;;0;0;0;1;;2;1;203;0;;
1384;135278;"FUSIBLE 10.3*38 1A AM 13001";"135278";;;;;1,00 €;18;1;0;0,00 €;;"";0;0;;;;0;0;1;;;;;;1;;
1385;135720;"VENTOUSE 40 SHORES + INSERT 9M18";"135720";;;;;1,00 €;0;0;0;0,00 €;;"";0;0;;;;0;0;0;;;;;;0;;
1386;138004;"COUPLEUR EMBOUT FEMELLE1/4 REF 90862313";"138004";;;;;1,00 €;0;1;0;0,00 €;;"";0;0;;;;0;0;0;;;;;;0;;
1387;138184;"TIREFOND INOX 8*60";"138184";;;;;1,00 €;0;0;0;0,00 €;;"";0;0;;;;0;0;0;;;;;;0;;
1388;138385;"ANTIROUILLE CONVERTISSEUR ROUILLE";"138385";;;;;1,00 €;0;0;0;0,00 €;;"";0;0;;;;0;0;0;;;;;;0;;
1389;139383;"ROULEMENT 17*40*12";"6203 2Z";31;;13;;2,00 €;11;1;0;0,00 €;;"";0;0;;;;0;0;0;1;18/8/2023 00:00:00;10;1;505;0;;
1390;139384;"ROULEMENT 12*28*8";" 6001 2RS";;;3;;1,00 €;8;1;0;0,00 €;;"";0;0;;;;0;0;0;1;15/5/2023 00:00:00;10;1;702;0;;
1391;140267;"PRESSE ETOUPE PLASTIQUE PG16";"LEG098024";46;;1;;2,00 €;11;2;0;0,00 €;;"";0;0;;;;0;0;0;1;24/9/2024 00:00:00;2;7;105;0;;
1392;140268;"PRESSE ETOUPE PLASTIQUE N°21";"LEG098025 ou 102896";46;;1;;3,00 €;14;2;0;0,00 €;;"";0;0;;;;0;0;0;1;;2;7;106;0;;
1393;141581;"PRISE SORTIE A VIS MALE 114*8276";"141581";;;;;1,00 €;1;1;0;0,00 €;;"";0;0;;;;0;0;0;;;21;3;1006;0;;
1394;141582;"PRISE SORTIE A VIS MALE 114*8298*";"141582";;;;;15,00 €;3;1;0;0,00 €;;"";0;0;;;;0;0;0;;;21;3;1003;0;;
1395;141766;"INTERRUPTEUR SECURITE";"AZ16-12ZVRK-M20";103;;1;;56,83 €;1;1;0;0,00 €;;"";0;0;;;;0;0;0;1;18/4/2024 00:00:00;1;5;301;0;;
1396;142331;"ROULEMENT 6207 2Z";"142331";;;;;1,00 €;0;0;0;0,00 €;;"";0;0;;;;0;0;0;;;;;;0;;
1397;142940;"INSERT M10 L=20MM 75204021000";"142940";;;;;1,00 €;29;1;0;0,00 €;;"";0;0;;;;0;0;0;;;20;1;304;0;;
1398;143232;"VERIN ADVU 32*20-A-P-A 156619";"143232";;;;;1,00 €;2;1;0;0,00 €;;"";0;0;;;;0;0;0;;;20;2;203;0;;
1399;143455;"JOINT TORIQUE 30*3 78301030300";"143455";;;;;1,00 €;0;1;0;0,00 €;;"";0;0;;;;0;0;0;;;;;;0;;
1400;144141;"PRESSE ETOUPE PLASTIQUE PG11";"LEG098022";46;;1;;1,00 €;12;2;0;0,00 €;;"";0;0;;;;0;0;0;1;24/9/2024 00:00:00;2;7;103;0;;
1401;144350;"LAMPE BA9S 130V 20MA 116730 B3013";"144350";10;;1;;1,00 €;14;1;0;0,00 €;;"";0;0;;;;0;0;0;1;;2;3;301;0;;
1402;144417;"ROULEMENT DE PALIER YAR 205 2F";"144417";31;;13;;1,00 €;4;1;0;0,00 €;;"";0;0;;;;0;0;0;1;5/10/2023 00:00:00;10;1;803;0;;
1403;144427;"ROULEMENT PALIER YAR 206 2F";"144427";;;;;20,00 €;14;1;0;0,00 €;;"";0;0;;;;0;0;0;1;12/1/2024 00:00:00;10;1;804;0;;
1404;144725;"ROULEMENT SKF 6205";"144725";;;;;1,00 €;0;0;0;0,00 €;;"";0;0;;;;0;0;0;10;;;;;0;;
1405;144727;"ROULEMENT SKF 6204 ZZ";"144727";;;;;1,00 €;10;1;0;0,00 €;;"";0;0;;;;0;0;0;1;31/1/2024 00:00:00;10;1;507;0;;
1406;144735;"ROULEMENT 15x32x9";" 6002 2RS";31;;3;;1,71 €;8;1;0;0,00 €;;"";0;0;;;;0;0;0;;;10;1;703;0;;
1407;145018;"BOITE VIDE 3 TROUS";"XALD03";91;;1;;20,00 €;0;0;0;0,00 €;;"";0;0;;;;0;0;0;4;3/12/2024 00:00:00;;;;0;;
1408;145301;"COUPLEUR FEMELLE BSP 92142113";"145301";;;;;1,00 €;0;1;0;0,00 €;;"";0;0;;;;0;0;0;;;;;;0;;
1409;145866;"JOINT TORIQUE 11*2 70NBR";"145866";;;;;1,00 €;0;1;0;0,00 €;;"";0;0;;;;0;0;0;;;;;;0;;
1410;145913;"ROULEMENT 25*52*15";" 6205 ZZ";31;" 6205 ZZ";13;;1,00 €;16;1;0;0,00 €;;"";0;0;;;;0;0;0;1;21/3/2024 00:00:00;10;1;402;0;;
1411;145914;"ROULEMENT 25*47*12 2Z/C3";"6005 2Z/C3";31;;13;;1,00 €;6;1;0;0,00 €;;"";0;0;;;;0;0;1;1;4/12/2025 00:00:00;10;1;706;1;;
1412;146253;"GRAISSE HAUTE RESISTANCE POLYFLEX 1740";"146253";;;9;;1,00 €;0;0;0;0,00 €;;"";0;0;;;;0;0;0;10;;;;;0;;
1413;146508;"JOINT TORIQUE 9X2 NIT";"146508";;;;;1,00 €;0;1;0;0,00 €;;"";0;0;;;;0;0;0;;;;;;0;;
1414;146727;"CONTACTEUR AUXILIAIRE 3NO  230V";"CAD32P7";91;;1;;31,00 €;1;1;0;0,00 €;;"";0;0;;;;0;0;0;;;30;3;408;0;;
1415;146854;"CONTACTEUR AUXILIAIRE  040333";"CAD50P7";91;;1;;32,00 €;3;1;0;0,00 €;;"";0;0;;;;0;0;0;1;;30;3;408;0;;
1416;146855;"BOBINE 24V 50/60Hz  046769";"LXD1B7";91;;1;;30,00 €;3;1;0;0,00 €;;"";0;0;;;;0;0;0;1;;30;3;408;0;;
1417;147048;"EMBOUT LEGRIS 92872110";"147048";;;;;1,00 €;7;1;0;0,00 €;;"";0;0;;;;0;0;1;1;12/1/2024 00:00:00;;;;1;;
1418;147131;"CONTACT AUXILIAIRE 2NO + 2NF";"LADN22";91;;1;;14,64 €;2;1;0;0,00 €;;"";0;0;;;;0;0;0;1;13/5/2025 00:00:00;30;3;407;0;;
1419;148467;"CONTACTEUR 12A  1F+10 24V CC";"LC1D12BD";91;"LC1D12BD";1;;64,00 €;4;1;0;0,00 €;;"";0;0;;;;0;0;0;1;10/8/2026 00:00:00;2;10;303;0;;
1420;149945;"RELAIS 4RT 24VDC  MY4IN";"MY4IN";13;;16;;8,15 €;1;1;0;0,00 €;;"";0;0;;;;0;0;0;1;;2;5;201;0;;
1421;150221;"BOUTON POUSSOIR VOYANT BLEU";"ZB4BW363";91;" ZB4BW363";1;;6,25 €;1;1;0;0,00 €;"M10 T10 P4/8";"";0;0;;;;0;0;0;1;29/9/2023 00:00:00;2;1;103;0;;
1422;150540;"ROULEMENT 609 2RS";"150540";31;;3;;1,00 €;5;2;0;0,00 €;;"";0;0;;;;0;0;0;1;24/7/2023 00:00:00;10;1;1004;0;;
1423;150641;"ROULEMENT 6206 2RS C3";"150641";;;;;1,00 €;4;1;0;0,00 €;;"";0;0;;;;0;0;0;;;10;1;405;0;;
1424;150681;"ROULEMENT 15x35x11";"6202 2RS C3";31;;3;;5,00 €;11;1;0;0,00 €;;"";0;0;;;;0;0;0;1;27/7/2026 00:00:00;10;1;503;0;;
1425;150921;"JOINT OR 168";"7110000048";97;"7110000048";3;;1,00 €;17;1;0;0,00 €;;"EXTRUDEUR";0;0;;;;0;0;0;;;20;1;701;0;;
1426;150936;"RESSORT EJECTEUR 338-07-251 REP 2";"150936";97;;3;;1,00 €;31;4;0;0,00 €;;"";0;0;;;;0;0;0;1;10/1/2024 00:00:00;;;;0;;
1427;150951;"JOINT OR 4131 7110000125 REP 108";"150951";10;;3;;1,00 €;0;0;0;0,00 €;;"<div>extrudeur tarto voir 168499</div>";0;0;;;;0;0;0;;;;;;0;;
1428;151405;"CONTACTEUR 3RT1026 1AL20 85621122204";"151405";;;;;1,00 €;0;1;0;0,00 €;;"";0;0;;;;0;0;0;;;;;;0;;
1429;151611;"CONTACTEUR 18A 1F+10";"LC1D18B7";91;;1;;35,16 €;1;1;0;0,00 €;;"<div>B7 = 24v</div>";0;0;;;;0;0;0;1;26/7/2023 00:00:00;30;3;410;0;;
1430;151812;"CELLULE PHOTO ELECTRIQUE";"WL14 2P430";40;;8;;50,00 €;1;1;0;0,00 €;;"<div>N'EST PLUS UTILISE</div>";0;0;;;;0;0;0;1;;1;2;503;0;;
1431;152244;"DISJONCTEUR MOTEUR  6A/10A";"GV2ME14";91;"GV2ME14";1;;52,00 €;1;1;0;0,00 €;;"";0;0;;;;0;0;0;1;;30;3;402;0;;
1432;152395;"ROULEMENT 20*47*12/15";"6204 ZV";10;;3;;25,00 €;41;1;0;0,00 €;;"";0;0;;;;0;0;0;1;27/10/2023 00:00:00;10;2;901;0;;
1433;152926;"PIECES D'USURE POUR DNC 80 369199 FESTO";"152926";;;;;1,00 €;1;1;0;0,00 €;;"";0;0;;;;0;0;0;;;20;2;309;0;;
1434;153189;"CABLE AV.CONNECTEUR KMYZ-9-24-2,5-LED-PU";"153189";4;;;;1,00 €;0;1;0;0,00 €;;"";0;0;;;;0;0;0;;;;;;0;;
1435;153261;"EMBASE RELAIS 14 BROCHES";" PYF14AN /94.74SMA";84;"94.74";1;;15,00 €;3;1;0;0,00 €;;"reference equivamentePYF14AN";0;0;;;;0;0;0;1;12/1/2024 00:00:00;2;5;404;0;;
1436;153836;"TETE BOUTON POUSSOIR LUMINEUX VERT LED";"ZB5AW333";91;"ZB5AW313";1;;6,20 €;1;1;0;0,00 €;;"";0;0;;;;0;0;0;1;;2;1;101;0;;
1437;154341;"EMBASE DE FIXATION METAL ZB4";"ZB4BZ009";91;"ZB4BZ009";1;;2,14 €;15;10;0;0,00 €;;"";0;0;;;;0;0;0;1;30/1/2024 00:00:00;2;2;302;0;;
1438;154553;"ROULEMENT 1206 30*62*16";"154553";;;;;1,00 €;5;1;0;0,00 €;;"";0;0;;;;0;0;0;;;10;1;910;0;;
1439;154751;"COLLE MASTIC FIXATION";"154751";;;;;1,00 €;10;1;0;0,00 €;;"";0;0;;;;0;0;0;;;;;;0;;
1440;155056;"BLOC LUMINEUX BA9S";"ZBV 6";91;;1;;5,00 €;9;3;0;0,00 €;;"";0;0;;;;0;0;0;1;;2;2;501;0;;
1441;155458;"ROULEMENT A BILLE 10X22X6";"61900 2RS HLC  / 6900 2RS";33;;3;;6,09 €;12;2;0;0,00 €;;"61900=6900 10 en stock sans flasque";0;0;;;;0;0;0;1;12/1/2024 00:00:00;10;1;605;0;;
1442;155778;"TETE VOYANT LUMINEUX VERT";"ZB4BV03";91;;1;;15,00 €;9;1;0;0,00 €;;"";0;0;;;;0;0;0;;;2;2;102;0;;
1443;155786;"CARTOUCHE SA19925 SUR FILTRE HIFI 431*02";"155786";;;;;1,00 €;1;1;0;0,00 €;;"";0;0;;;;0;0;0;;;11;3;804;0;;
1444;155917;"BAGUE ACIER 15*17*20 7101000108";"155917";;;;;1,00 €;0;1;0;0,00 €;;"";0;0;;;;0;0;0;;;;;;0;;
1445;156354;"PRISE PLEXO 2P+T 16A IP66";"LEG090466";46;;1;;27,28 €;2;1;0;0,00 €;;"";0;0;;;;0;0;0;1;9/1/2026 00:00:00;30;3;309;0;;
1446;156515;"FILTRE POMPE A VIDE REF 90138700005";"156515";10;;2;;1,00 €;1;1;0;0,00 €;;"";0;0;;;;0;0;0;;;;;;0;;
1447;156632;"BOITE VIDE 1 TROU";"XALD01";91;"XALD01";1;;10,00 €;3;1;0;0,00 €;;"";0;0;;;;0;0;0;1;10/11/2025 00:00:00;2;9;101;0;;
1448;156696;"INTERRUPTEUR SECURITE XCSA501";"XCS A501";1;;;;1,00 €;0;1;0;0,00 €;;"";0;0;;;;0;0;0;;;;;;0;;
1449;157730;"SERINGUE A HUILE 376 A";"157730";;;;;1,00 €;0;0;0;0,00 €;;"";0;0;;;;0;0;0;;;;;;0;;
1450;157908;"DETECT PHOTO XU5M18MA230 24-240VACDC";"157908";;;;;1,00 €;0;1;0;0,00 €;;"";0;0;;;;0;0;0;;;;;;0;;
1451;157959;"ROULEMENT 17*35*10";"6003 2RS";31;;3;;1,79 €;14;2;0;0,00 €;;"";0;0;;;;0;0;0;;;10;1;704;0;;
1452;158017;"ROULEMENT 10*26*8";"6000 2RS";31;"6000 2RS";3;;1,60 €;12;5;0;0,00 €;;"12 pour table mecanicaire";0;0;;;;0;0;0;1;28/11/2024 00:00:00;10;1;701;0;;
1453;158205;"SANGLE 25mm (L=3800)   D8140R0069";"158205";;;;;1,00 €;0;0;0;0,00 €;;"";0;0;;;;0;0;1;;;;;;1;;
1454;158513;"ECROU INOX A2 M10  BOITE DE 50";"158513";;;;;1,00 €;0;0;0;0,00 €;;"";0;0;;;;0;0;1;;;;;;1;;
1455;159255;"FUSIBLE VERRE 6,3X32 5A";"159255";;;;;1,00 €;1;1;0;0,00 €;;"";0;0;;;;0;0;1;;;;;;1;;
1456;159427;"COLLIER  INOX  BC9 10-16";"159427";;;;;1,00 €;0;0;0;0,00 €;;"";0;0;;;;0;0;0;;;;;;0;;
1457;159522;"DETECTEUR PHOTOELECTRIQUE";"XUBOBPSNM12";91;;1;;50,00 €;1;1;0;0,00 €;;"<div>POUSSEUR FOUR</div>";0;0;;;;0;0;0;;;1;2;105;0;;
1458;159764;"PROLONGATEUR F TEEXZCP0941L10";"159764";;;;;1,00 €;0;1;0;0,00 €;;"";0;0;;;;0;0;0;;;;;;0;;
1459;159812;"CELLULE REFLEX PNP  WL100L F2231";"6030710";40;"6030710";8;;50,00 €;1;1;0;0,00 €;;"<div>ALARME SORTIE FOUR</div>";0;0;;;;0;0;0;;;1;2;104;0;;
1460;160016;"TETE SECTIONNEUR";"KCD1PZ PRV02/V2";91;;1;;1,00 €;1;1;0;0,00 €;;"";0;0;;;;0;0;0;;;21;3;504;0;;
1462;160462;"ROULEMENT INOX 698 2RS";"160462";;;;;1,00 €;9;1;0;0,00 €;;"";0;0;;;;0;0;0;1;;10;1;1005;0;;
1463;160511;"VIS THC 8*30 BOITE*100";"160511";;;;;1,00 €;0;0;0;0,00 €;;"";0;0;;;;0;0;1;;;;;;1;;
1464;160670;"JOINT TORIQUE 50*3  9372935";"160670";;;;;1,00 €;0;1;0;0,00 €;;"";0;0;;;;0;0;0;;;21;4;701;0;;
1465;161162;"COURROIE 16AT5  EN METRE";"161162";137;;3;;15,00 €;11;4;0;0,00 €;;"x=113cm<br>
y=107,5cm";0;0;;;;0;0;0;1;;;;;0;;
1466;161370;"CAPTEUR SECURITE 10 METRES";"BNS33S-12 Z";103;"101184324";8;;120,00 €;0;0;0;0,00 €;;"<div>REMPLACER PAR BNS40S</div>";0;0;;;;0;0;1;5;3/10/2025 00:00:00;1;12;402;0;;
1467;162395;"FUSIBLE 10X38 6A GG L13306";"162395";;;;;1,00 €;8;1;0;0,00 €;;"";0;0;;;;0;0;0;;;;;;0;;
1468;162586;"COUPLEUR FEMELLE BSP réf: 92142110";"162586";;;;;1,00 €;0;1;0;0,00 €;;"";0;0;;;;0;0;1;;;;;;1;;
1469;163266;"ROULEMENT  6206H 2 RS INOX";"163266";;;;;1,00 €;4;1;0;0,00 €;;"";0;0;;;;0;0;0;1;12/1/2024 00:00:00;;;;0;;
1470;164344;"RESSORT PRINCIPAL K11 (HAUT) - 370017894";"164344";;;;;1,00 €;7;1;0;0,00 €;;"";0;0;;;;0;0;0;;;;;;0;;
1471;164622;"ROULEMENT 61801-2RS1";"164622";;;;;1,00 €;1;1;0;0,00 €;;"";0;0;;;;0;0;0;;;10;1;604;0;;
1472;164648;"HUILE HYDRAULIQUE NEVASTANE AW46 BIDON 20L";"190507";127;;9;;150,90 €;1;1;0;0,00 €;;"<div>en sdm huile tarto</div>";0;0;;;;0;0;0;1;1/7/2026 00:00:00;50;;;0;;
1473;165282;"RELAIS 4RT 7A 24AC TEST + INDICATEUR  MECA";"55 34 8 024 0040";84;"553480240040";16;;5,29 €;5;1;0;0,00 €;;"";0;0;;;;0;0;0;1;20/11/2023 00:00:00;2;5;101;0;;
1474;165707;"CORPS CAPTEUR DE POSITION";"ZCP21";1;;8;;8,26 €;1;1;0;0,00 €;;"";0;0;;;;0;0;0;1;2/6/2023 00:00:00;1;4;203;0;;
1475;165754;"RELAIS 24VDC 12A 4RT";"RXM4AB1BD";91;"RXM4AB1BD";16;;19,46 €;6;1;0;0,00 €;;"";0;0;;;;0;0;0;1;19/10/2022 00:00:00;30;3;408;0;;
1476;165822;"JOINT TORIQUE 10*2 78301010200";"165822";;;;;1,00 €;0;1;0;0,00 €;;"";0;0;;;;0;0;0;;;;;;0;;
1477;165847;"FICHE DROIT HYPRA 32 A 3P + T + N";"053061";46;"053061";1;;50,00 €;0;1;0;0,00 €;;"";0;0;;;;0;0;0;4;24/7/2026 00:00:00;30;3;207;0;;
1478;166058;"RONDELLE FREIN INOX  MB8";"166058";;;;;1,00 €;0;1;0;0,00 €;;"";0;0;;;;0;0;0;;;;;;0;;
1479;166258;"AMBRINE AIR NSF  MOLYDAL";"166258";;;9;;1,00 €;0;0;0;0,00 €;;"";0;0;;;;0;0;0;;;;;;0;;
1480;166808;"COUTEAU SIAT S4004152ZZZ";"166808";10;;3;;35,00 €;7;2;0;0,00 €;;"";0;0;;;;0;0;0;1;27/6/2023 00:00:00;11;1;803;0;;
1481;167041;"COLLIER  INOX W4 M8 D32-35";"167041";;;;;1,00 €;0;0;0;0,00 €;;"";0;0;;;;0;0;0;;;;;;0;;
1482;167242;"PRISE 16 A MOBILE HYPRA 51181";"167242";46;;1;;72,14 €;2;1;0;0,00 €;;"";0;0;;;;0;0;0;1;4/4/2024 00:00:00;30;3;208;0;;
1483;167786;"COURROIE CRANTEE 933MM x 12.7MM, 98 dents";"367 L 050 77ZA";10;;3;;25,00 €;2;2;0;0,00 €;;"<div>pasto Hubert Cloix 6</div>";0;0;;;;0;0;0;1;2/10/2026 00:00:00;12;1;301;0;;
1484;167832;"DISTRIBUTEUR 5/2 SERIE AV5";"R422103002";151;;17;;50,00 €;1;1;0;0,00 €;;"";0;0;;;;0;0;0;1;21/3/2024 00:00:00;3;4;202;0;;
1485;167833;"DISTRIBUTEUR 5/3 SERIE AV5";"R422103004";151;;17;;50,00 €;1;1;0;0,00 €;;"";0;0;;;;0;0;0;1;;3;4;203;0;;
1486;168033;"ROULEMENT DE PALIER J1020 20GCR";"168033";;;;;1,00 €;10;1;0;0,00 €;;"";0;0;;;;0;0;0;1;12/1/2024 00:00:00;10;2;501;0;;
1487;168099;"ROULEMENT 25*47*12";"6005";;;13;;1,00 €;1;1;0;0,00 €;;"";0;0;;;;0;0;1;;;10;1;706;1;;
1488;168225;"CONNECTEUR MALE RJ45 CAT 6 GGMMJ8C68PB8C";"168225";;;;;1,00 €;2;1;0;0,00 €;;"";0;0;;;;0;0;0;;;;;;0;;
1489;168226;"BOITIER ELECTRIQUE EXTERIEUR LEG069689";"168226";;;;;1,00 €;0;1;0;0,00 €;;"";0;0;;;;0;0;0;;;;;;0;;
1490;168227;"BOITIER COMPOSABLE RJ45 CAT 6";"LEG69569/76576";46;;1;;20,00 €;3;1;0;0,00 €;;"";0;0;;;;0;0;0;1;27/2/2025 00:00:00;1;3;203;0;;
1491;168228;"FICHE MALE 2P+T 16A*250V IP44 BIZ700930";"168228";;;;;10,00 €;8;1;0;0,00 €;;"";0;0;;;;0;0;0;;;;;;0;;
1492;168229;"FICHE FEMELLE 2P+T 16A*250V BIZ700931";"168229";;;;;16,00 €;13;1;0;0,00 €;;"";0;0;;;;0;0;0;;;21;4;302;0;;
1493;168230;"FICHE MALE 248 2P+T 16A*250V IP44 55124";"BIZ 700930";10;;1;;6,20 €;12;1;0;0,00 €;;"";0;0;;;;0;0;0;1;27/8/2026 00:00:00;21;4;303;0;;
1494;168231;"PRISE PLEXO 240V 2P+T 16A IP55 COMPLET AVZEC ECLIP";"LEG069910";46;;1;;9,90 €;2;1;0;0,00 €;;"";0;0;;;;0;0;0;1;5/12/2024 00:00:00;21;4;405;0;;
1495;168232;"PRISE COMPOSABLE 2P+T 250V*16A";"090486";46;;1;;15,80 €;2;1;0;0,00 €;;"";0;0;;;;0;0;0;1;5/3/2026 00:00:00;30;3;309;0;;
1496;168233;"BOITIER PLEXO IP66 DOUBLE VIDE LEG090493";"168233";46;;1;;25,40 €;1;1;0;0,00 €;;"";0;0;;;;0;0;0;1;12/1/2024 00:00:00;30;3;311;0;;
1497;168234;"BOITIER PLEXO IP55 DOUBLE VIDE";"069672";46;;1;;8,72 €;2;1;0;0,00 €;;"";0;0;;;;0;0;0;1;;21;4;402;0;;
1498;168235;"BOITE DISTRI. CARRE BDD 80X80 IBO05533";"168235";46;;1;;3,22 €;7;1;0;0,00 €;;"";0;0;;;;0;0;0;1;20/5/2025 00:00:00;21;4;504;0;;
1499;168236;"BOITE DISTRI. RONDE BDD DIAM 80 IBO05531";"168236";46;"092003";1;;2,83 €;5;3;0;0,00 €;;"";0;0;;;;0;0;0;1;7/10/2025 00:00:00;21;4;502;0;;
1500;168237;"SOCLE DE TABLEAU 3P+T 16A*400V LEG052184";"168237";;;;;1,00 €;0;1;0;0,00 €;;"";0;0;;;;0;0;0;;;;;;0;;
1501;168238;"FICHE MALE 3P+T 16A*400V IP44";"052244";46;;1;;50,00 €;0;1;0;0,00 €;;"";0;0;;;;0;0;0;4;10/4/2026 00:00:00;30;4;201;0;;
1502;168239;"PRISE SAILLLIE P17 3P+T 16A*400V IP67 LEG555359";"168239";46;;;;1,00 €;0;0;0;0,00 €;;"";0;0;;;;0;0;0;;;;;;0;;
1503;168240;"FICHE MALE 3P+T 16A*400V IP67";"LEG555329";46;;1;;21,53 €;2;1;0;0,00 €;;"";0;0;;;;0;0;0;1;7/10/2025 00:00:00;30;3;203;0;;
1504;168242;"SECTIONNEUR COFFRET 3P 10A IP65";"VCF02GE";91;"VCF02GE";1;;33,30 €;2;1;0;0,00 €;;"";0;0;;;;0;0;0;1;19/9/2024 00:00:00;21;3;301;0;;
1505;168243;"POIGNEE SECTIONNEUR GENERALE";"SVB-P3/M";95;;1;;10,00 €;4;1;0;0,00 €;;"";0;0;;;;0;0;0;;;21;3;501;0;;
1506;168244;"POIGNEE SECTIONNEUR OT80 VERROU IP65";"OHYS2AJ 1SCA105296R1001";94;"OHYS2AJ";1;;20,00 €;2;1;0;0,00 €;;"<div>Pasto &nbsp;1, 2 et 3</div>

<div>&nbsp;</div>";0;0;;;;0;0;0;1;4/10/2025 00:00:00;21;3;503;0;;
1507;168245;"POIGNEE SECTIONNEUR VERROU OHYS3PH 1SCA105327R1001";"686-7360";94;;1;;7,00 €;2;1;0;0,00 €;;"";0;0;;;;0;0;0;1;15/9/2025 00:00:00;21;3;502;0;;
1508;168246;"COLLERETTE ARRET URGENCE M22-XGPV";"168246";95;;;;1,00 €;10;1;0;0,00 €;;"";0;0;;;;0;0;0;1;12/1/2024 00:00:00;;;;0;;
1509;168247;"ALIM 24V 2,5A  MILLENIUM CRT88950302";"168247";30;;;;1,00 €;0;0;0;0,00 €;;"";0;0;;;;0;0;0;;;;;;0;;
1510;168248;"FUSIBLE TYPE AUTOMOBILE 3A ATQ3A 32V";"168248";;;;;1,00 €;10;1;0;0,00 €;;"";0;0;;;;0;0;1;;;;;;1;;
1511;168249;"FUSIBLE TYPE AUTOMOBILE 30A 299030 TXN";"168249";;;;;1,00 €;7;1;0;0,00 €;;"";0;0;;;;0;0;1;;;;;;1;;
1512;168250;"FUSIBLE 5X20 T315MA 250V ABIH2222";"168250";;;;;1,00 €;10;1;0;0,00 €;;"";0;0;;;;0;0;1;;;;;;1;;
1513;168251;"FUSIBLE 5X20 T500MA 250V ABIHV2226";"168251";;;;;1,00 €;4;1;0;0,00 €;;"";0;0;;;;0;0;1;;;;;;1;;
1514;168252;"FUSIBLE 5X20 F500MA 250V ABIHV1226";"168252";;;;;1,00 €;8;1;0;0,00 €;;"";0;0;;;;0;0;1;;;;;;1;;
1515;168253;"FUSIBLE 5X20 T800MA 250V ABIHV2232";"168253";;;;;1,00 €;1;1;0;0,00 €;;"";0;0;;;;0;0;1;;;;;;1;;
1516;168256;"FUSIBLE 6,3X32 500MA 250V ABIHV1360";"168256";;;1;;1,00 €;0;0;0;0,00 €;;"";0;0;;;;0;0;0;;;;;;0;;
1517;168257;"FUSIBLE 6,3X32 1A 250V ABIHV1368";"168257";;;;;1,00 €;5;1;0;0,00 €;;"";0;0;;;;0;0;1;;;;;;1;;
1518;168258;"FUSIBLE 6,3X32 4A 380V ABIHV1402";"168258";;;;;1,00 €;8;1;0;0,00 €;;"";0;0;;;;0;0;1;;;;;;1;;
1519;168260;"FUSIBLE 8X31 2A GG 400V FEZQ219227J";"168260";;;;;1,00 €;15;1;0;0,00 €;;"";0;0;;;;0;0;1;;;;;;1;;
1520;168261;"FUSIBLE 10x32 10A AM 400V LEG013332";"168261";;;1;;1,00 €;0;0;0;0,00 €;;"";0;0;;;;0;0;0;;;;;;0;;
1521;168262;"FUSIBLE TYPE AUTOMOBILE 40A 229940 TXN";"168262";;;;;1,00 €;3;1;0;0,00 €;;"";0;0;;;;0;0;1;;;;;;1;;
1522;168265;"EMBASE RELAIS 14 BROCHES 5A PYF14AN";"168265";;;;;1,00 €;0;0;0;0,00 €;;"meme piece que 153261";0;0;;;;0;0;1;;;;;;1;;
1523;168266;"RELAIS DE PUISSANCE 24V DC 1RT 5 BROCHES";"RPM12BD";91;"RPM12BD";16;;3,69 €;21;1;0;0,00 €;;"";0;0;;;;0;0;0;1;20/11/2023 00:00:00;2;5;302;0;;
1524;168268;"CONNECTEUR ALIM BATTERIE 50A 290-6124";"168268";;;;;1,00 €;5;1;0;0,00 €;;"";0;0;;;;0;0;0;;;21;3;806;0;;
1525;168269;"EMBASE HAN 16B-AGG-LB";"09300160307";;;;;1,00 €;3;1;0;0,00 €;;"";0;0;;;;0;0;0;;;21;3;1007;0;;
1526;168270;"CONNECTEUR MALE NEUTRIK NL2FX 363-0958";"168270";;;;;1,00 €;1;1;0;0,00 €;;"";0;0;;;;0;0;0;;;;;;0;;
1527;168271;"BOUCHON M32 5472258";"168271";;;;;1,00 €;4;1;0;0,00 €;;"";0;0;;;;0;0;0;;;;;;0;;
1528;168272;"BOITIER ARRET URGENCE";"FAK-R/V/KC11/IY";95;;1;;95,00 €;1;1;0;0,00 €;;"";0;0;;;;0;0;0;1;24/9/2026 00:00:00;21;2;706;0;;
1529;168273;"TETE BOUTON POUSSOIR BLANC LUMINEUX BA9S";"ZB4BW37";91;"ZB4BW37";1;;20,00 €;4;2;0;0,00 €;;"";0;0;;;;0;0;0;1;29/9/2023 00:00:00;2;1;105;0;;
1530;168274;"TETE BOUTON POUSSOIR ENCASTRER NOIR";"ZB5AA26";91;"ZB5AA26";1;;12,00 €;4;1;0;0,00 €;;"";0;0;;;;0;0;0;1;29/9/2023 00:00:00;2;1;201;0;;
1531;168276;"PLAQUE PORTE ETIQUETTE";"ZBY6102";91;;1;;1,00 €;20;1;0;0,00 €;;"";0;0;;;;0;0;0;1;;2;2;204;0;;
1532;168277;"AMPOULE  10X28 4,8V 750MA 104-935";"168277";10;;1;;1,00 €;2;1;0;0,00 €;;"";0;0;;;;0;0;0;1;;2;3;305;0;;
1533;168278;"BLOCK CONTACT NC";"M22-K01";95;;1;;1,00 €;3;1;0;0,00 €;;"";0;0;;;;0;0;0;1;;2;3;108;0;;
1534;168279;"BLOCK CONTACT NC";"M22-KC01";95;;1;;1,00 €;20;1;0;0,00 €;;"";0;0;;;;0;0;0;1;;2;3;107;0;;
1535;168280;"BLOCK CONTACT NO";"M22-K10";95;;1;;1,00 €;9;1;0;0,00 €;;"";0;0;;;;0;0;0;1;29/9/2023 00:00:00;2;3;105;0;;
1536;168281;"BLOCK CONTACT NO";"M22-KC10";95;;1;;1,00 €;5;1;0;0,00 €;;"";0;0;;;;0;0;0;1;;2;3;106;0;;
1537;168282;"BLOCK CONTACT A RESSORT NO";"ZBE1015";91;"ZBE1015";1;;1,00 €;1;0;0;0,00 €;;"<div>voir sap 128392</div>";0;0;;;;0;0;1;10;;21;3;1007;1;;
1538;168283;"CAPOT HARTING HAN B 16B REF 09300161440";"168283";;;;;1,00 €;1;1;0;0,00 €;;"";0;0;;;;0;0;0;;;;;;0;;
1539;168284;"TETE ARRET URGENCE A CLE D40";"XB4BS9442";91;;1;;25,00 €;1;1;0;0,00 €;;"";0;0;;;;0;0;0;;;2;1;402;0;;
1540;168285;"BLOCK CONTACT A RESSORT NC";"ZBE1025";91;"ZBE1025";1;;1,00 €;0;0;0;0,00 €;;"<div>VOIR SAP 128394</div>";0;0;;;;0;0;1;10;;0;0;0;1;;
1541;168286;"BLOC CONTACT NO AAB212100";"168286";94;;1;;1,00 €;9;1;0;0,00 €;;"";0;0;;;;0;0;0;1;29/9/2023 00:00:00;21;4;702;0;;
1542;168287;"BLOCK CONTACT NC AAB212101";"168287";94;;1;;1,00 €;7;1;0;0,00 €;;"";0;0;;;;0;0;0;1;29/9/2023 00:00:00;21;4;705;0;;
1543;168288;"REFLECTEUR ROND DIAM 80  E20005";"168288";44;;1;;25,00 €;1;1;0;0,00 €;;"";0;0;;;;0;0;0;1;;1;2;207;0;;
1544;168289;"REFLECTEUR CARRE 51X51 BRT-2X2";"P250";40;;1;;15,00 €;1;1;0;0,00 €;;"";0;0;;;;0;0;0;1;17/10/2025 00:00:00;1;2;205;0;;
1545;168290;"CONNECTEUR M12 4 PINS";"168290";10;;1;;20,00 €;6;1;0;0,00 €;;"";0;0;;;;0;0;0;1;31/3/2026 00:00:00;1;3;206;0;;
1546;168291;"INTERRUPTEUR DE POSITION";"XCKJ10511";1;;1;;57,00 €;2;1;0;0,00 €;;"";0;0;;;;0;0;0;1;2/6/2025 00:00:00;1;4;203;0;;
1547;168292;"INTERRUPTEUR DE POSITION";"LS31P71B11";94;;1;;1,00 €;1;1;0;0,00 €;;"";0;0;;;;0;0;0;;;1;4;106;0;;
1548;168294;"INTERRUPTEUR DE POSITION";"XCKN2145P20";1;;1;;25,00 €;1;1;0;0,00 €;;"";0;0;;;;0;0;0;;;1;4;103;0;;
1549;168297;"CLE DE SECURITE";"XCS Z12";1;;1;;25,00 €;1;1;0;0,00 €;;"";0;0;;;;0;0;0;1;16/5/2023 00:00:00;1;5;402;0;;
1550;168301;"DETECTEUR INDUCTIF M18 cable 2 M";"XS518B1MAL2";91;;1;;80,00 €;1;1;0;0,00 €;;"";0;0;;;;0;0;0;;;1;1;104;0;;
1551;168303;"CELLULE PHOTOELECTRIQUE";"XUB5BPANL5";91;;8;;50,00 €;1;1;0;0,00 €;;"";0;0;;;;0;0;0;;;1;2;106;0;;
1552;168304;"CELLULE BARRAGE LASER";"WL9L-P330";40;;8;;80,00 €;0;1;0;0,00 €;;"";0;0;;;;0;0;0;;;1;1;704;0;;
1553;168305;"CELLULE  PHOTOELECTRIQUE";"WL12-3P1731";40;;8;;50,00 €;1;1;0;0,00 €;;"";0;0;;;;0;0;0;;;1;2;501;0;;
1554;168306;"CELLULE BARRAGE LASER";"WL9L-3P2232";40;;8;;270,00 €;2;2;0;0,00 €;;"<div>Monte pâte</div>";0;0;;;;0;0;0;1;12/1/2026 00:00:00;1;3;101;0;;
1555;168307;"CELLULE PHOTOELECTRIQUE WT18-3P410 ou wt14-2P422";"1025889 ou 1026052";40;"1025889";8;;318,00 €;3;1;0;0,00 €;;"idem que WT14-2p422 en 500mm ne se vend plus";0;0;;;;0;0;0;1;28/3/2023 00:00:00;1;2;403;0;;
1556;168308;"CELLULE SICK PHOTOELEC MHTB15-P3367V";"168308";40;;8;;1,00 €;0;0;0;0,00 €;;"<div>PLUS UTILISEE</div>";0;0;;;;0;0;1;10;;21;1;702;0;;
1557;168309;"DISJONCTEUR MOTEUR 4A/6.3A 2.2KW";"GV2P10";91;"GV2P10";1;;52,00 €;2;1;0;0,00 €;;"";0;0;;;;0;0;0;1;24/11/2023 00:00:00;30;3;402;0;;
1558;168310;"CONTACTEUR MOTEUR 5.5KW 3RT1017-1AV01";"168310";;;;;1,00 €;0;1;0;0,00 €;;"";0;0;;;;0;0;0;;;30;3;410;0;;
1559;168314;"DISJONCTEUR 4P 6-10KA C20 HAGER";"NFN420";155;;1;;1,00 €;3;1;0;0,00 €;;"";0;0;;;;0;0;0;1;9/1/2024 00:00:00;3;10;;0;;
1560;168315;"RELAIS TEMPORISATION";"RE17LAMW";91;;16;;45,00 €;2;1;0;0,00 €;;"";0;0;;;;0;0;0;1;;30;3;411;0;;
1561;168316;"BLOC DIF 4P 32A 300 mA  HAGBFC863";"BFC863 + NRN432";155;;1;;100,00 €;1;1;0;0,00 €;;"";0;0;;;;0;0;0;1;25/6/2025 00:00:00;3;11;101;0;;
1562;168317;"RELAIS ABB RB121A-24V AC/DC";"645001R0300";94;;16;;12,55 €;1;1;0;0,00 €;;"<div>ABB063000201 ne se fabrique plus</div>";0;0;;;;0;0;0;1;29/11/2023 00:00:00;2;5;102;0;;
1563;168318;"CELLULE INDUCTIVE";"EI1202TBB0SL";104;;8;;50,00 €;1;1;0;0,00 €;;"";0;0;;;;0;0;0;;;1;1;301;0;;
1564;168319;"JOINT DE CUVE REF AF251236605";"168319";;;;;1,00 €;2;1;0;0,00 €;;"";0;0;;;;0;0;0;1;12/1/2024 00:00:00;20;4;707;0;;
1565;168320;"JOINT TORIQUE PISTON DIAM120 AF251236022";"168320";;;;;1,00 €;0;1;0;0,00 €;;"";0;0;;;;0;0;0;;;;;;0;;
1566;168321;"COURROIE DENTEE 330H150";"168321";;;;;1,00 €;2;1;0;0,00 €;;"";0;0;;;;0;0;0;;;20;4;701;0;;
1567;168322;"COURROIE DENTEE 800H150";"168322";;;;;1,00 €;2;1;0;0,00 €;;"";0;0;;;;0;0;0;;;20;4;702;0;;
1568;168323;"AIMANT DE PORTE  2937869";"168323";;;;;1,00 €;6;1;0;0,00 €;;"";0;0;;;;0;0;0;1;12/1/2024 00:00:00;20;4;706;0;;
1569;168324;"TEMPORISATEUR OMRH3CRA8AC100240DC100125";"168324";13;;;;1,00 €;2;1;0;0,00 €;;"";0;0;;;;0;0;0;1;;20;4;705;0;;
1570;168326;"BLOC CONTACT NO";"3SB3400-OB";83;;1;;1,00 €;4;1;0;0,00 €;;"";0;0;;;;0;0;0;1;;2;2;407;0;;
1571;168327;"BLOC CONTACT LUMINEUX";"3SB3400-1PE";83;;1;;1,00 €;2;1;0;0,00 €;;"";0;0;;;;0;0;0;1;;2;2;508;0;;
1572;168329;"TRANSFORMATEUR USTE250/2X115V";"168329";;;;;1,00 €;1;1;0;0,00 €;;"";0;0;;;;0;0;0;;;20;4;703;0;;
1573;168331;"TEMPORISATEUR /MINUTEUR 240V TMR48";"MDE1R05MVA";30;"MDE1R05MVA";1;;104,00 €;2;1;0;0,00 €;;"ancienn ref H3CR-F8AC/DC24";1;0;;;;0;0;0;;;20;4;704;0;;
1574;168332;"CELLULE INDUCTIVE PNP  M30*54 CONNECTEUR CABLE 2M";"3RG4014-0AB00-PF";100;;8;;1,00 €;0;0;0;0,00 €;;"<div><font color=red>NE SE VEND PLUS</font></div>";0;0;;;;0;0;0;;;1;1;202;0;;
1575;168333;"CELLULE DETECTEUR ULTRASONIQUE";"3RG6013-3AC01-PF";100;;8;;1,00 €;1;0;0;0,00 €;;"<div>ne se fabrique plus</div>";0;0;;;;0;0;0;;;1;1;203;0;;
1576;168334;"CELLULE PHOTOELECTRIQUE PNP REFLEXION DIRECTE 30MM";"E3FA-DP25";13;"E3F4-DP25";8;;47,00 €;3;1;0;0,00 €;;"REMPLACE E3F2-DS30B4-P1<br>
DETECTION 300MM";0;0;;;;0;0;0;;;1;2;102;0;;
1577;168335;"TUBE DE GRAISSE ALIMENTAIRE UN1/628";"168335";;;;;1,00 €;0;0;0;0,00 €;;"";0;0;;;;0;0;0;;;;;;0;;
1578;168336;"CELLULE INDUCTIVE M18*60 CONNECTEUR M12 PNP NC";"3RG4013-3AA00-PF";100;;8;;65,36 €;1;1;0;0,00 €;;"<div><font color=red>NE SE VEND PLUS</font></div>";0;0;;;;0;0;0;;;1;1;101;0;;
1579;168337;"CELLULE INDUCTIVE M18*60 CONNECTEUR M12 PNP NO";"3RG4013-3AB00-PF";100;;8;;1,00 €;2;1;0;0,00 €;;"<div><font color=red>NE SE VEND PLUS</font></div>";0;0;;;;0;0;0;;;1;1;102;0;;
1580;168338;"DOIGT INDEXEUR M8";"ESM 32-626-8-5";;;;;12,00 €;3;1;0;0,00 €;;"";0;0;;;;0;0;0;;;20;2;609;0;;
1581;168339;"VERIN NUMATIC G435AMSN0080A00";"168339";182;;2;;1,00 €;2;1;0;0,00 €;;"";0;0;;;;0;0;0;;;3;1;302;0;;
1582;168344;"LEVIER A CAME 21-340-26-8";"168344";;;;;1,00 €;0;1;0;0,00 €;;"";0;0;;;;0;0;0;;;;;;0;;
1583;168345;"FLEXIBLE AIR POMPE TRANSFERT UN3/1463";"168345";10;;2;;1,00 €;1;1;0;0,00 €;;"";0;0;;;;0;0;0;;;20;2;802;0;;
1585;168347;"JOINT TORIQUE 69X3";"168347";;;;;1,00 €;26;1;0;0,00 €;;"";0;0;;;;0;0;0;;;20;2;607;0;;
1586;168348;"JOINT TORIQUE 40X2";"168348";;;;;1,00 €;50;1;0;0,00 €;;"";0;0;;;;0;0;0;;;20;2;607;0;;
1587;168349;"BAGUE AUTOLUBRIFIANT DIAM 8X6X6";"168349";;;;;1,00 €;2;1;0;0,00 €;;"";0;0;;;;0;0;0;;;;;;0;;
1588;168350;"PRISE DOSEUSE 365-1960";"168350";;;;;1,00 €;1;1;0;0,00 €;;"";0;0;;;;0;0;0;;;;;;0;;
1589;168351;"RACCORD 31140810";"168351";;;;;1,00 €;0;1;0;0,00 €;;"";0;0;;;;0;0;0;;;20;2;802;0;;
1590;168352;"RACCORD PIQUAGE DROIT DIAM 6 UN3/1441";"168352";;;;;1,00 €;2;1;0;0,00 €;;"";0;0;;;;0;0;0;;;20;2;801;0;;
1591;168353;"RACCORD BANJO REGLEUR DE DEBIT UN3/330";"168353";;;;;1,00 €;0;1;0;0,00 €;;"";0;0;;;;0;0;0;;;;;;0;;
1592;168354;"DISTRIBUTEUR MONOSTABLE 5/2 SERIE 740 CP";"5727945302";90;;17;;50,00 €;1;1;0;0,00 €;;"";0;0;;;;0;0;0;;;3;4;302;0;;
1593;168355;"COMPTEUR DOSAGE DD52R-AN-0001,0-D-C3";"168355";;;;;1,00 €;1;1;0;0,00 €;;"";0;0;;;;0;0;0;;;20;2;706;0;;
1594;168356;"TRANSMETTEUR AMX F93160";"168356";;;;;1,00 €;1;1;0;0,00 €;;"";0;0;;;;0;0;0;;;;;;0;;
1595;168357;"JOINT CLAMP D50 UN1-621";"168357";;;;;1,00 €;0;0;0;0,00 €;;"";0;0;;;;0;0;1;;;;;;0;;
1596;168358;"JOINT CLAMP SMS EPDM DN 51 DEXT 64 INT 48,5";"963422-51";88;;4;;7,50 €;12;2;0;0,00 €;;"<div>SI JACQUETTE -&gt; &nbsp;DIN</div>";0;0;;;;0;0;0;1;24/9/2026 00:00:00;10;3;906;0;;
1597;168359;"COLLIER CLAMP DN51 263418-4051";"263444-50";88;;3;;25,00 €;10;1;0;0,00 €;;"";0;0;;;;0;0;0;1;10/1/2024 00:00:00;10;3;1002;0;;
1598;168360;"COLLIER CLAMP DN104";"263444-119";88;;4;;8,51 €;1;1;0;0,00 €;;"";0;0;;;;0;0;0;1;2/8/2025 00:00:00;10;3;1003;0;;
1599;168361;"JOINT CLAMP ISO EPDM DN 104";"963422-104.";88;;4;;1,00 €;4;0;0;0,00 €;;"<div>SI JACQUETTE -&gt; &nbsp;DIN</div>";0;0;;;;0;0;1;1;19/10/2022 00:00:00;;;;0;;
1600;168362;"COLLIER UN1/631";"168362";;;;;1,00 €;0;0;0;0,00 €;;"";0;0;;;;0;0;0;;;;;;0;;
1601;168363;"RACCORD UN1/504";"168363";;;;;1,00 €;0;0;0;0,00 €;;"";0;0;;;;0;0;0;;;;;;0;;
1602;168365;"JOINT TORIQUE DIAM EXTERIEUR 65";"UN3/7";98;"UN3/7";2;;5,60 €;29;5;0;0,00 €;;"pompe transfert";0;0;;;;0;0;0;1;21/5/2026 00:00:00;20;3;;0;;
1603;168366;"JOINT TORIQUE DIAM EXTERIEUR 19";"UN3/11";98;" UN3/00011";2;;3,80 €;21;5;0;0,00 €;;"pompe transfert";0;0;;;;0;0;0;1;21/5/2026 00:00:00;20;3;;0;;
1604;168367;"JOINT A LEVRE DIAM EXTERIEUR 19";"UN3/60";98;"UN3/00060";2;;12,00 €;15;5;0;0,00 €;;"Pompe transfert";0;0;;;;0;0;0;1;29/12/2025 00:00:00;20;;;0;;
1605;168368;"JOINT PLAT DIAM EXTERIEUR 63 UN3/01211";"168368";;;;;1,00 €;0;1;0;0,00 €;;"";0;0;;;;0;0;0;;;;;;0;;
1606;168369;"JOINT CLAMP EPDM DIAM EXTERIEUR 90";"963422-65  UN3/12";98;"UN3/12";2;;5,00 €;8;1;0;0,00 €;;"Pompe transfert";0;0;;;;0;0;0;1;24/8/2026 00:00:00;20;2;706;0;;
1607;168370;"COURROIE CRANTEE 120 XL";"474-9478";10;;3;;1,00 €;3;1;0;0,00 €;;"<div>ETIQUETTEUSE</div>";0;0;;;;0;0;0;1;6/2/2024 00:00:00;12;1;201;0;;
1608;168371;"CELLULE FOURCHE M8 CONNECTEUR JACK 6,35";"168371";;;8;;1,00 €;0;1;0;0,00 €;;"";0;0;;;;0;0;0;;;;;;0;;
1609;168372;"EMBASE JACK 6,35 MM";"168372";;;;;1,00 €;2;1;0;0,00 €;;"";0;0;;;;0;0;0;;;11;1;1106;0;;
1610;168373;"FICHE MALE JACK 6,35MM";"505-1340";10;;1;;5,00 €;1;1;0;0,00 €;;"";0;0;;;;0;0;0;;;3;9;502;0;;
1611;168374;"CELLULE PHOTOELECTRIQUE OBT200-18GM60-E4";"168374";100;;8;;1,00 €;0;1;0;0,00 €;;"";0;0;;;;0;0;0;;;;;;0;;
1612;168375;"CELLULE PHOTOELEC GLV 18-8-450/73/120";"168375";100;;8;;1,00 €;1;1;0;0,00 €;;"";0;0;;;;0;0;0;;;1;3;201;0;;
1613;168377;"CELLULE FOURCHE XUVE04M3KSNM8";"168377";1;;8;;1,00 €;1;1;0;0,00 €;;"";0;0;;;;0;0;0;;;11;1;1105;0;;
1614;168378;"PALIER UFL002";"168378";;;;;1,00 €;5;1;0;0,00 €;;"";0;0;;;;0;0;0;;;10;2;505;0;;
1615;168379;"CONNECTEUR BOBINE 156-1203";"168379";;;;;1,00 €;5;1;0;0,00 €;;"";0;0;;;;0;0;0;;;11;3;1003;0;;
1616;168380;"CONNECTEUR HAN A 8 BROCHE MALE 181-0606";"168380";;;;;1,00 €;0;1;0;0,00 €;;"";0;0;;;;0;0;0;;;;;;0;;
1617;168381;"CONNECTEUR HAN 8 BROCHE FEMELLE 181-0729";"168381";;;;;1,00 €;0;1;0;0,00 €;;"";0;0;;;;0;0;0;;;;;;0;;
1618;168382;"RACCORD OLIVE F/F DIAM 6";"168382";;;;;1,00 €;4;1;0;0,00 €;;"";0;0;;;;0;0;0;;;11;3;1005;0;;
1619;168383;"SILENCIEUX DE DISTRIBUTEUR FILETAGE 3/8";"2309";4;"2309";2;;10,37 €;5;1;0;0,00 €;;"silencieux tarto";0;0;;;;0;0;0;1;23/4/2026 00:00:00;11;3;1003;0;;
1620;168384;"RACCORD ENCOLLEUR L33 DIAM INT 7,5";"168384";;;;;1,00 €;1;1;0;0,00 €;;"";0;0;;;;0;0;0;;;11;3;1007;0;;
1621;168385;"JOINT 10100053";"168385";;;;;1,00 €;3;1;0;0,00 €;;"";0;0;;;;0;0;0;;;;;;0;;
1622;168386;"JOINT 10100083";"168386";;;;;1,00 €;1;1;0;0,00 €;;"";0;0;;;;0;0;0;;;11;3;1009;0;;
1623;168387;"JOINT 150024810";"168387";;;;;1,00 €;0;1;0;0,00 €;;"";0;0;;;;0;0;0;;;11;3;1008;0;;
1624;168388;"JOINT 10120096";"168388";;;;;1,00 €;1;1;0;0,00 €;;"";0;0;;;;0;0;0;;;11;3;1008;0;;
1625;168389;"JOINT 12320000";"168389";;;;;1,00 €;15;1;0;0,00 €;;"";0;0;;;;0;0;0;;;11;3;1004;0;;
1626;168390;"ANNEAU GUIDES";"168390";;;;;1,00 €;0;1;0;0,00 €;;"";0;0;;;;0;0;0;;;11;1;1103;0;;
1627;168391;"ROULEAU GUIDAGE PAPIER RLC3003";"168391";;;;;1,00 €;3;1;0;0,00 €;;"";0;0;;;;0;0;0;;;11;1;1107;0;;
1628;168393;"RESSORT TENDEUR DEBOBINEUR RLC2012";"168393";;;;;1,00 €;6;1;0;0,00 €;;"";0;0;;;;0;0;0;;;11;1;901;0;;
1629;168394;"FILTRE ENCOLLEUR";"168394";;;;;1,00 €;0;1;0;0,00 €;;"";0;0;;;;0;0;0;;;;;;0;;
1630;168395;"MAILLE FILTRE  10100051";"168395";;;;;1,00 €;1;1;0;0,00 €;;"";0;0;;;;0;0;0;;;11;3;1006;0;;
1631;168396;"MAILLE FILTRE  10100071";"168396";;;;;1,00 €;1;1;0;0,00 €;;"";0;0;;;;0;0;0;;;11;3;1005;0;;
1632;168397;"BUSE ENCOLLEUR 10502700";"168397";;;;;1,00 €;2;1;0;0,00 €;;"";0;0;;;;0;0;0;;;11;3;1009;0;;
1633;168398;"FIN DE COURSE PNEUMATIQUE UN3/1551";"VM133-M5-01SA";6;"VM133-M5-01SA";2;;17,00 €;3;2;0;0,00 €;;"pompe de transfert";0;0;;;;0;0;0;1;;20;2;806;0;;
1634;168401;"EXTRACTEUR UN1/635";"168401";;;;;1,00 €;0;1;0;0,00 €;;"";0;0;;;;0;0;0;;;;;;0;;
1635;168402;"ARBRE ENTRAINNEMENT P280A";"AF451812219";71;;3;;200,00 €;2;1;0;0,00 €;;"<div>a refroidir avant montage</div>";0;0;;;;0;0;0;1;27/11/2025 00:00:00;20;4;1002;0;;
1636;168404;"SUPPORT VENTOUSE MALE 9M14";"168404";;;;;1,00 €;4;1;0;0,00 €;;"";0;0;;;;0;0;0;;;11;3;907;0;;
1637;168406;"GRANDE VENTOUSE  1 53NR A";"1 53NR A";87;"153NRA";2;;5,60 €;32;4;0;0,00 €;;"POUR ETUYEUSE";0;0;;;;0;0;0;1;18/1/2024 00:00:00;11;3;905;0;;
1638;168407;"PETIT VENTOUSE 91 31NI A";"91 31NI A";87;"91 31NI A";2;;8,20 €;24;1;0;0,00 €;;"POUR ETUYEUSE";0;0;;;;0;0;0;1;5/8/2025 00:00:00;11;3;906;0;;
1639;168408;"CONNECTEUR ELECTROVANNE  KMEB-1-24-2,5-LED";"151688";4;"151688";1;;50,00 €;7;1;0;0,00 €;;"";0;0;;;;0;0;0;1;1/10/2025 00:00:00;3;9;101;0;;
1640;168409;"CONNECTEUR DISTRIBUTEUR  MSEB-3-24V";"383306C";4;;2;;1,00 €;3;1;0;0,00 €;;"";0;0;;;;0;0;0;;;3;9;102;0;;
1641;168410;"GALET GUIDAGE CUVE PETRIN AF451722030";"168410";;;;;1,00 €;2;1;0;0,00 €;;"";0;0;;;;0;0;0;;;20;4;1102;0;;
1642;168411;"SUPPORT ELASTIQUE P280A AF451812216";"168411";10;;3;;1,00 €;1;3;0;0,00 €;;"";0;0;;;;0;0;0;2;23/1/2026 00:00:00;20;4;1001;0;;
1643;168412;"CLAVETTE C10X8X50 AC AF451812257";"168412";71;;;;1,00 €;3;1;0;0,00 €;;"";0;0;;;;0;0;0;;;;;;0;;
1645;168414;"JOINT A LEVRE 50X65X8";"168414";;;12;;1,00 €;1;1;0;0,00 €;;"<div>boite</div>";0;0;;;;0;0;0;;;10;3;807;0;;
1646;168415;"REDUCTEUR COMPLET VF86/N/30/90B5";"168415";;;;;1,00 €;0;1;0;0,00 €;;"";0;0;;;;0;0;0;;;;;;0;;
1647;168416;"ROUE BRONZE POUR REDUCTEUR VF86 I30";"168416";;;;;1,00 €;0;1;0;0,00 €;;"";0;0;;;;0;0;0;;;;;;0;;
1648;168417;"ROULEMENT BT1B329270/Q";"168417";;;;;1,00 €;2;0;0;0,00 €;;"<div>VOIR 168988</div>";0;0;;;;0;0;1;1;12/1/2024 00:00:00;;;;0;;
1649;168418;"JOINT PAPIER  REDUCTEUR VF86 COTE SORTI";"168418";;;;;1,00 €;3;1;0;0,00 €;;"";0;0;;;;0;0;0;;;20;4;801;0;;
1650;168419;"JOINT PAPIER REDUCTEUR VF87 COTE VIS";"168419";;;;;1,00 €;2;1;0;0,00 €;;"";0;0;;;;0;0;0;;;20;4;406;0;;
1651;168420;"JOINT A LEVRE 45X62X8";"168420 / 109020";;;3;;1,00 €;0;1;0;0,00 €;;"";0;0;;;;0;0;0;;;;;;0;;
1652;168421;"ECROU VIS TRAP IGUS";"SWZ-W-104003";93;;;;1,00 €;0;1;0;0,00 €;;"<div>&nbsp;imprimante ZE500</div>";0;0;;;;0;0;0;5;;20;3;1007;0;;
1653;168422;"DISQUE DE TORSION RULAND  7019168";"168422";;;;;1,00 €;0;0;0;0,00 €;;"";0;0;;;;0;0;1;5;12/1/2024 00:00:00;20;3;1003;0;;
1654;168423;"MOYEU ACCOUPLEMENT MJC41-10A 7019130";"168423";;;;;1,00 €;0;0;0;0,00 €;;"";0;0;;;;0;0;1;5;;20;3;1002;0;;
1655;168424;"MOYEU ACCOUPLEMENT MJC41-14A 7019137";"168424";;;;;1,00 €;0;0;0;0,00 €;;"";0;0;;;;0;0;1;;;20;3;1002;0;;
1656;168425;"SONDE PT100 3 FILS D=6MM LONG=60MM COUDE 90°";"SLSR60X25SS1-1M CO";118;;1;;48,10 €;8;4;0;0,00 €;;"<div>Tarto</div>";0;0;;;;0;0;0;1;4/5/2026 00:00:00;20;1;;0;;
1657;168426;"RESISTANCE 90W-230V L=38 D=6";"112287.01";124;"112287.01";1;;115,00 €;10;8;0;0,00 €;;"TARTO";0;0;;;;0;0;0;1;28/5/2026 00:00:00;20;1;503;0;;
1658;168427;"CABLE FESTO 54133 VD13";"168427";;;;;1,00 €;2;1;0;0,00 €;;"";0;0;;;;0;0;0;;;;;;0;;
1659;168433;"ROULEMENT 608-2RS-H BASL-12814";"168433";31;;13;;3,00 €;18;1;0;0,00 €;;"";0;0;;;;0;0;0;1;21/5/2025 00:00:00;10;1;1003;0;;
1661;168444;"FILTRE DIAM 16  REF 451487";"168444";;;;;1,00 €;1;1;0;0,00 €;;"";0;0;;;;0;0;0;;;11;3;705;0;;
1662;168445;"FILTRE A AIR  REF 451597";"168445";;;;;1,00 €;3;1;0;0,00 €;;"";0;0;;;;0;0;0;;;11;3;707;0;;
1663;168446;"JOINT          REF 10100104";"10100104";;;;;1,00 €;0;1;0;0,00 €;;"";0;0;;;;0;0;0;;;11;3;702;0;;
1664;168447;"JOINT          REF 20200000";"168447";;;;;1,00 €;2;1;0;0,00 €;;"";0;0;;;;0;0;0;;;11;3;1006;0;;
1665;168448;"JOINT DIAM 7  TIFLEX";"168448";;;;;1,00 €;2;1;0;0,00 €;;"";0;0;;;;0;0;0;;;11;3;703;0;;
1666;168449;"JOINT DIAM 5  TIFLEX";"168449";;;;;1,00 €;1;1;0;0,00 €;;"";0;0;;;;0;0;0;;;11;3;703;0;;
1667;168450;"MICRO FILTRE DIAM 5 TIFLEX";"168450";;;;;1,00 €;1;1;0;0,00 €;;"";0;0;;;;0;0;0;;;11;3;704;0;;
1668;168451;"COURROIE HTD-420 REF 24116715";"168451";;;;;1,00 €;2;1;0;0,00 €;;"";0;0;;;;0;0;0;;;11;3;403;0;;
1669;168453;"FLASQUE REDUCTEUR";"168453";;;;;1,00 €;0;1;0;0,00 €;;"";0;0;;;;0;0;0;;;;;;0;;
1670;168454;"POIGNEE REF 3165";"168454";;;;;1,00 €;0;1;0;0,00 €;;"";0;0;;;;0;0;0;;;;;;0;;
1671;168455;"COUPLEUR PNEUMATIQUE M/M 1/4X3/8";"168455";;;;;1,00 €;0;1;0;0,00 €;;"";0;0;;;;0;0;0;;;;;;0;;
1672;168456;"PIQUAGE EQUERRE DIAM 6X3/8";"168456";;;;;1,00 €;0;0;0;0,00 €;;"";0;0;;;;0;0;0;;;;;;0;;
1673;168457;"COUPLEUR M/F 767141";"168457";;;;;1,00 €;0;1;0;0,00 €;;"";0;0;;;;0;0;0;;;;;;0;;
1674;168458;"RACCORD BLEU REF 7208000162";"168458";;;;;1,00 €;6;1;0;0,00 €;;"";0;0;;;;0;0;0;;;20;1;304;0;;
1675;168459;"RESISTANCE TARTE KA13 / 7121000004 D16";"168459";10;;;;1,00 €;6;1;0;0,00 €;;"";0;0;;;;0;0;0;;;20;1;501;0;;
1676;168460;"RESISTANCE TETE 110 KA14";"168460";;;;;1,00 €;0;1;0;0,00 €;;"";0;0;;;;0;0;0;;;;;;0;;
1677;168461;"SILENT BLOC 33X15";"168461";;;;;1,00 €;0;1;0;0,00 €;;"";0;0;;;;0;0;0;;;;;;0;;
1678;168462;"JOINT 51X7 REF 5120300009";"168462";;;;;1,00 €;0;1;0;0,00 €;;"";0;0;;;;0;0;0;;;;;;0;;
1679;168463;"JOINT 11X10 REF 5122360003";"168463";;;;;1,00 €;0;1;0;0,00 €;;"";0;0;;;;0;0;0;;;;;;0;;
1680;168464;"SIAT BROSSE S4703880ZZZ";"168464";110;;3;;1,00 €;7;1;0;0,00 €;;"";0;0;;;;0;0;0;;;11;1;901;0;;
1681;168465;"SIAT AXE ROULEAU";"S310062605Z";110;;3;;4,65 €;2;1;0;0,00 €;;"<div>scotcheuse</div>";0;0;;;;0;0;0;1;27/6/2023 00:00:00;11;1;905;0;;
1682;168466;"SIAT AMORTISSEUR MOUSSE LAME S310097005Z";"168466";110;;3;;12,00 €;15;1;0;0,00 €;;"<div>scotcheuse</div>";0;0;;;;0;0;0;1;27/6/2023 00:00:00;11;1;803;0;;
1683;168467;"SIAT ROULEAU CAOUTCHOUC";"S310083205Z";110;;3;;21,60 €;3;1;0;0,00 €;;"<div>scotcheuse</div>";0;0;;;;0;0;0;1;27/6/2023 00:00:00;11;1;904;0;;
1684;168468;"SIAT ROULEAU S4304194ZZZ";"168468";;;;;1,00 €;1;1;0;0,00 €;;"";0;0;;;;0;0;0;;;11;1;904;0;;
1685;168469;"JOINT 78X10 REF 5651300001";"168469";;;;;1,00 €;0;1;0;0,00 €;;"";0;0;;;;0;0;0;;;;;;0;;
1686;168470;"JOINT 10X9 REF 380530564";"168470";;;;;1,00 €;0;1;0;0,00 €;;"";0;0;;;;0;0;0;;;;;;0;;
1687;168490;"AIMANT REF 7417000271";"168490";;;;;1,00 €;0;1;0;0,00 €;;"????";0;0;;;;0;0;0;;;20;1;404;0;;
1688;180871;"FILTRE HUILE HYDRAULIQUE";"HIFI SH77476";175;;4;;35,27 €;1;1;0;0,00 €;;"";0;0;;;;0;0;0;1;17/7/2026 00:00:00;20;1;301;0;;
1689;180588;"JOINT A LEVRE 30X52X7  SL BAU2X2";"168492";31;;3;;1,00 €;2;1;0;0,00 €;;"<div>Tendeur rayon X L1</div>";0;0;;;;0;0;0;;;10;3;808;0;;
1690;168493;"RESSORT DE COURONNE JAUNE D7 13*38";"7114001002";97;;3;;8,77 €;54;4;0;0,00 €;;"GEA COMAS";0;0;;;;0;0;0;1;19/6/2026 00:00:00;10;1;;0;;
1691;168494;"RONDELLLE INOX 14X7,5X3 REF 33833659";"168494";97;;3;;1,00 €;46;1;0;0,00 €;;"";0;0;;;;0;0;0;1;1/12/2023 00:00:00;20;1;706;0;;
1692;168495;"PALETTES DE POMPE A VIDE 9013880005";"168495";10;;3;;1,00 €;0;1;0;0,00 €;;"";0;0;;;;0;0;0;;;;;;0;;
1693;168496;"ECROU MOLETTE M10 REF 7118000021";"168496";97;;;;1,00 €;7;1;0;0,00 €;;"";0;0;;;;0;0;0;;;;;;0;;
1694;168497;"INDICATEUR";"7132000012";97;;;;1,00 €;0;1;0;0,00 €;;"";0;0;;;;0;0;0;;;;;;0;;
1695;168498;"GOUJON INOX REF CC140700006";"168498";;;;;1,00 €;6;1;0;0,00 €;;"";0;0;;;;0;0;0;;;;;;0;;
1696;168499;"JOINT GARNITURE OR REF 711000025";"Dint 10,7 Dtore 2,54";97;;3;;1,00 €;13;1;0;0,00 €;;"<div>Tarto</div>";0;0;;;;0;0;0;1;10/4/2026 00:00:00;20;1;804;0;;
1697;168500;"JOINT TORIQUE INT34,52 X 3,53 7110005032";"OR4137";97;;3;;5,00 €;13;2;0;0,00 €;;"extrudeur tarto";0;0;;;;0;0;0;;;20;1;701;0;;
1698;168501;"BAGUE AUTOLUBRIFIANT 7105000148 12X10X15";"168501";;;;;1,00 €;0;1;0;0,00 €;;"";0;0;;;;0;0;0;;;;;;0;;
1699;168502;"BAGUE AUTOLUBRIBIANT  15*17*10";"7101000163";97;;3;;5,00 €;24;4;0;0,00 €;;"";0;0;;;;0;0;0;1;10/10/2023 00:00:00;20;1;707;0;;
1700;168503;"BAGUE AUTOLUBRIFIANT 7101000129 10X8X15";"168503";;;;;1,00 €;0;1;0;0,00 €;;"";0;0;;;;0;0;0;;;20;1;706;0;;
1701;168504;"BAGUE AUTOLUBRIBIANT 7101000149 10X8X10";"168504";;;;;1,00 €;1;1;0;0,00 €;;"";0;0;;;;0;0;0;;;20;1;707;0;;
1702;168505;"BAGUE AUTOLUBRIFIEE EXT 12 INT 10 LARG 12";"GSM-1012-12";93;"GSM-1012-12";3;;1,00 €;2;1;0;0,00 €;;"TARTO";0;0;;;;0;0;0;;;;;;0;;
1703;168506;"RONDELLE INOX M24 REF 040924";"168506";138;;3;;1,00 €;17;1;0;0,00 €;;"";0;0;;;;0;0;0;1;;20;1;801;0;;
1704;168507;"GOUPILLE CLIP 4,5 MM REF 4011231401701";"047245";138;;3;;1,10 €;41;10;0;0,00 €;;"TARTO";0;0;;;;0;0;0;1;;20;1;802;0;;
1705;168508;"GOUPILLE BETA DIAM FIL 1 REF 839-268";"168508";10;"168-268";3;;1,00 €;100;25;0;0,00 €;;"";0;0;;;;0;0;0;1;10/12/2025 00:00:00;20;1;805;0;;
1706;168510;"GOUPILLE DIAM 2 REF 4011231401951";"168510";;;;;1,00 €;6;1;0;0,00 €;;"";0;0;;;;0;0;0;;;;;;0;;
1707;168511;"SUPPORT VENTOUSE REF 7150005420";"168511";;;;;1,00 €;10;1;0;0,00 €;;"";0;0;;;;0;0;0;;;20;1;602;0;;
1708;168512;"SUPPORT VENTOUSE";"7150005419";;;;;1,00 €;1;1;0;0,00 €;;"";0;0;;;;0;0;0;;;20;1;602;0;;
1709;168513;"SUPPORT VENTOUSE";"7150005418";;;;;1,00 €;1;1;0;0,00 €;;"";0;0;;;;0;0;0;;;20;1;601;0;;
1710;168514;"GOUPILLE TETE DOUBLE D1,8   839-296";"7141000029";10;;3;;0,19 €;125;25;0;0,00 €;;"";0;0;;;;0;0;0;1;10/12/2025 00:00:00;20;1;;0;;
1711;168516;"SUPPORT VENTOUSE REF 209085";"168516";;;;;1,00 €;4;1;0;0,00 €;;"";0;0;;;;0;0;0;;;20;1;605;0;;
1712;168517;"VENTOUSE  TARTO";"116SLA";87;"116SLA";2;;4,60 €;10;4;0;0,00 €;;"116SLA veut dire ROUGE<br>
SLTA veut dire translucide";0;0;;;;0;0;0;1;15/9/2025 00:00:00;20;1;606;0;;
1713;168518;"RESERVOIR CONDENSATEUR MS6-LE/LFR/LFB";"673572";4;;2;;118,00 €;1;1;0;0,00 €;;"";0;0;;;;0;0;0;1;10/3/2026 00:00:00;3;7;204;0;;
1714;168519;"DOIGT INDEXAGE M6 D4";"ESM 32-626-6-4";120;"32-626-6-4";3;;1,00 €;10;1;0;0,00 €;;"DEPILLEUR TARTO";0;0;;;;0;0;0;1;16/7/2024 00:00:00;30;1;500;0;;
1715;168520;"SERRURE BLOC PORTE REF 341-0371";"168520";;;;;1,00 €;0;1;0;0,00 €;;"";0;0;;;;0;0;0;;;;;;0;;
1716;168521;"LUBRIFIANT ALIMENTAIRE AERO DE 400ML";"168521";;;9;;1,00 €;0;0;0;0,00 €;;"";0;0;;;;0;0;0;;;;;;0;;
1717;168522;"LUBRIFIANT CHAIN ALIM NFS BARDAHL 0,5L";"1612";114;;9;;1,00 €;0;0;0;0,00 €;;"";0;0;;;;0;0;1;;;;;;1;;
1718;168523;"DEGRAISSANT ALIMENTAIRE REF RSX25-30L";"168523";;;9;;1,00 €;0;0;0;0,00 €;;"";0;0;;;;0;0;0;;;;;;0;;
1719;168524;"PEINTURE NOIR MATE ACRYL";"168524";;;;;1,00 €;0;0;0;0,00 €;;"";0;0;;;;0;0;0;;;;;;0;;
1720;168525;"PEINTURE PROTECTION GALVA MAT";"168525";;;;;1,00 €;0;0;0;0,00 €;;"";0;0;;;;0;0;0;;;;;;0;;
1721;168526;"SPAY JANTES";"168526";;;;;1,00 €;0;0;0;0,00 €;;"";0;0;;;;0;0;0;;;;;;0;;
1722;168527;"DEGRIPPANTE-LUBRIFIANT WD-40 0,5L";"168527";;;9;;1,00 €;0;0;0;0,00 €;;"";0;0;;;;0;0;0;;;;;;0;;
1723;168529;"INSECTICIDE GUEPES/FRELONS KAPO 1072065";"168529";;;;;1,00 €;2;1;0;0,00 €;;"";0;0;;;;0;0;0;;;21;3;605;0;;
1724;168530;"DEGRIPPANT LUBRIFIANT BD-50 BARDAHL 0,5L";"168530";114;;9;;1,00 €;14;1;0;0,00 €;;"";0;0;;;;0;0;0;;;;;;0;;
1725;168531;"HUILE CHAUFFE NEVASTANE HTF FUT 208L";"168517";114;"2091";9;;5,18 €;200;50;0;0,00 €;;"<div>pour Pasto HUILE CHAUFFE SILITHERM 2091 BARDAHL NSF BIDON 5L</div>";0;0;;;;0;0;0;1;30/8/2024 00:00:00;50;;;0;;
1726;168532;"HUILE REDUCTALIM 320 BARDAHL NSF 5L";"168532";114;;9;;1,00 €;5;1;0;0,00 €;;"";0;0;;;;0;0;0;;;;;;0;;
1727;168533;"GAISSE ALIMENTAIRE CFA SYNT";"168533";;;9;;1,00 €;0;0;0;0,00 €;;"";0;0;;;;0;0;0;;;;;;0;;
1728;168534;"HUILE REDUCTEUR DYNAM SP 220 IGOL 5L";"168534";;;;;1,00 €;1;1;0;0,00 €;;"";0;0;;;;0;0;0;;;;;;0;;
1729;168535;"HUILE RENOLIN CLP 320 FUCHS 5L";"168535";;;;;1,00 €;0;1;0;0,00 €;;"";0;0;;;;0;0;0;;;;;;0;;
1730;168536;"HUILE BSE32 BITZER 5L";"168536";;;;;1,00 €;0;1;0;0,00 €;;"";0;0;;;;0;0;0;;;;;;0;;
1731;168537;"SILENT BLOC CAPOT";"168537";;;;;1,00 €;3;1;0;0,00 €;;"";0;0;;;;0;0;0;;;;;;0;;
1732;168538;"JOINT A LEVRE 21X12X4";"21X12X4";;;3;;1,00 €;2;1;0;0,00 €;;"";0;0;;;;0;0;0;;;10;3;802;0;;
1733;168539;"JOINT A LEVRE 22X12X7";"168539";;;3;;1,00 €;1;1;0;0,00 €;;"";0;0;;;;0;0;0;;;10;3;803;0;;
1734;168540;"ROULEMENT 6082 RH";"168540";;;;;1,00 €;0;0;0;0,00 €;;"";0;0;;;;0;0;0;;;;;;0;;
1735;168541;"RONDELLE BELLEVILLE 63X31X1,8";"168541";;;;;1,00 €;2;1;0;0,00 €;;"";0;0;;;;0;0;0;;;20;1;702;0;;
1736;168542;"RESSORT CONTRE MATRICE";"7114001024";97;"7114001024";3;;9,31 €;36;8;0;0,00 €;;"GEA COMAS";0;0;;;;0;0;0;1;10/11/2025 00:00:00;20;1;802;0;;
1737;168543;"ECROU M8 MOLETTE A SERRAGE RAPIDE";"ESM 16-080-8";120;"ESM 16-080-8";3;;25,00 €;16;2;0;0,00 €;;"<div>tarto OU &nbsp;ESM 16-085-8</div>";0;0;;;;0;0;0;1;;20;1;704;0;;
1738;168544;"JOINT CLAMP ISO EPDM DN 65";"963422-70";88;;4;;5,00 €;5;1;0;0,00 €;;"<div>SI JACQUETTE -&gt; &nbsp;DIN</div>";0;0;;;;0;0;0;1;19/10/2022 00:00:00;10;3;1005;0;;
1739;168545;"HUILE RENISO C85E FUCHS 10L";"168545";;;;;1,00 €;0;1;0;0,00 €;;"";0;0;;;;0;0;0;;;;;;0;;
1740;168549;"DETECT FUITES JELT AEROSOL 0,5L";"168549";;;;;1,00 €;1;1;0;0,00 €;;"";0;0;;;;0;0;0;;;;;;0;;
1741;168550;"DILUANT MIXTE DIFARMA 30L";"168550";;;;;1,00 €;0;0;0;0,00 €;;"";0;0;;;;0;0;0;;;;;;0;;
1742;168552;"PORTEE DE JOINT RP100-RP400";"AB 0140";119;"AB 0140";3;;85,38 €;2;1;0;0,00 €;;"";0;0;;;;0;0;0;1;28/8/2024 00:00:00;20;3;808;0;;
1743;168553;"REGULATEUR DE PRESSION VP10 DA 0330";"168553";;;;;1,00 €;0;1;0;0,00 €;;"";0;0;;;;0;0;0;;;;;;0;;
1744;168554;"JOINT TORIQUE 33X3 BUNA EA-0115";"168554";;;12;;1,00 €;20;1;0;0,00 €;;"";0;0;;;;0;0;0;1;4/1/2024 00:00:00;20;3;804;0;;
1745;168556;"JOINT 36,2X3 EA 0120";"168556";;;;;10,00 €;0;1;0;0,00 €;;"";0;0;;;;0;0;0;5;;20;3;806;0;;
1746;168557;"JOINT 29X3 REF EA 0109";"168557";;;;;1,00 €;4;1;0;0,00 €;;"";0;0;;;;0;0;0;1;12/6/2023 00:00:00;20;3;902;0;;
1747;168558;"JOINT 17,04X3,53 REF EA 0050";"168558";;;;;1,00 €;4;1;0;0,00 €;;"";0;0;;;;0;0;0;;;20;3;902;0;;
1748;168559;"JOINT 56X3 REF EA 0149";"168559";;;12;;1,00 €;3;1;0;0,00 €;;"";0;0;;;;0;0;0;1;4/1/2024 00:00:00;20;3;803;0;;
1749;168560;"JOINT TORIQUE 80X3 BUNA REF EA-0190";"168560";;;12;;1,00 €;3;1;0;0,00 €;;"";0;0;;;;0;0;0;1;21/5/2024 00:00:00;;;;0;;
1750;168561;"JOINT TORIQUE N°257 NBR 148,82X3,53 EA-0250";"168561";;;;;1,00 €;2;1;0;0,00 €;;"";0;0;;;;0;0;0;1;12/6/2023 00:00:00;20;3;803;0;;
1751;168562;"JOINT SPY VITON 55X80X8 REF EB 0040";"JOINT SPY VITON 55X80X8";144;;12;;13,26 €;2;1;0;0,00 €;;"";0;0;;;;0;0;0;1;17/10/2024 00:00:00;10;3;501;0;;
1752;168563;"STATIC SEAL 48MM REF EC 0043";"168563";;;;;1,00 €;0;1;0;0,00 €;;"";0;0;;;;0;0;0;;;;;;0;;
1753;168564;"JOINT V 30 TYPE S REF 51530";"168564";;;;;1,00 €;0;1;0;0,00 €;;"";0;0;;;;0;0;0;;;;;;0;;
1754;168565;"ANNEAU CERAMIQUE CARRE NP2 048 +L EC0044";"168565";;;;;1,00 €;0;1;0;0,00 €;;"";0;0;;;;0;0;0;;;;;;0;;
1755;168566;"JOINT ROTATIF RB100480CXVS REF EC-5048";"168566";10;;;;210,54 €;2;1;0;0,00 €;;"";0;0;;;;0;0;0;1;28/8/2024 00:00:00;;;;0;;
1756;168567;"GARNITURE MECAN. NP2-048/-DIN249 EC-0042";"168567";10;;;;178,16 €;2;1;0;0,00 €;;"";0;0;;;;0;0;0;1;28/8/2024 00:00:00;20;3;805;0;;
1757;168568;"ROULEMENT 6808-2Z-C3  FAG";"168568";;;;;1,00 €;0;0;0;0,00 €;;"";0;0;;;;0;0;0;;;;;;0;;
1758;168569;"ELECTROVANNE 24V DC 70A-4B-AE3AE 02400";"168569";;;;;1,00 €;0;1;0;0,00 €;;"";0;0;;;;0;0;0;;;11;1;403;0;;
1759;168570;"ROULEMENT 30305 TIMKEN 25X62X18,25";"168570";;;;;1,00 €;1;1;0;0,00 €;;"";0;0;;;;0;0;0;;;10;1;902;0;;
1760;168571;"ECROU A CRANS KM8 REF 901396 TIMKEN";"168571";;;;;1,00 €;0;1;0;0,00 €;;"";0;0;;;;0;0;0;;;;;;0;;
1761;168572;"CACHE MOTEUR VRM01 40X57X4,5 DICHTOMA";"168572";;;;;1,00 €;1;1;0;0,00 €;;"";0;0;;;;0;0;0;1;10/10/2023 00:00:00;;;;0;;
1762;168573;"JOINT SPY 55X72X10 DICTHTOMA 80FKM";"JOINT SPY 55X72X10";144;;12;;5,00 €;2;1;0;0,00 €;;"<div>Bague inférieur réducteur foisonneur</div>";0;0;;;;0;0;0;1;4/1/2024 00:00:00;20;3;603;0;;
1763;168575;"BAGUE CERAMIQUE  EC 6048";"168575";10;;3;;94,92 €;4;2;0;0,00 €;;"";0;0;;;;0;0;0;1;28/8/2024 00:00:00;20;3;807;0;;
1764;168578;"RESSORT INOX A GAUCHE G/048 EC-0041";"168578";;;;;31,30 €;2;1;0;0,00 €;;"";0;0;;;;0;0;0;1;28/8/2024 00:00:00;20;3;804;0;;
1765;168579;"PIGNON SEW PIGNON MN2,00 Z26 L26 D18";"168579";;;;;1,00 €;0;1;0;0,00 €;;"";0;0;;;;0;0;0;;;;;;0;;
1766;168580;"ROUE REPERE4 SEW 00242994";"168580";;;;;1,00 €;0;1;0;0,00 €;;"";0;0;;;;0;0;0;;;;;;0;;
1767;168581;"BOUCHON CUVETTE REPERE 131 SEW 002111619";"168581";;;;;1,00 €;0;1;0;0,00 €;;"";0;0;;;;0;0;0;;;;;;0;;
1768;168582;"BOUCHON CUVETTE REPERE 161 SEW 002106687";"168582";;;;;1,00 €;0;1;0;0,00 €;;"";0;0;;;;0;0;0;;;;;;0;;
1769;168583;"BOUCHON CUVETTE REPERE 181 SEW 002124419";"168583";;;;;1,00 €;0;1;0;0,00 €;;"";0;0;;;;0;0;0;;;;;;0;;
1770;168584;"CONNECTEUR UN2/2014";"168584";;;;;1,00 €;2;1;0;0,00 €;;"";0;0;;;;0;0;0;;;20;3;405;0;;
1771;168585;"BOBINE REF 980967";"168585";;;;;1,00 €;1;1;0;0,00 €;;"";0;0;;;;0;0;0;;;;;;0;;
1772;168586;"BOBINE REF B0-0540 ELECTROVANNE PRINCIPALE";"980881    B0-0540";115;"7551";1;;127,00 €;2;1;0;0,00 €;;"BRULEUR IR";1;0;;;;0;0;0;1;3/10/2022 00:00:00;20;3;502;0;;
1773;168587;"PRESSOSTATS GAZ REF DG10U-3";"168587";;;;;1,00 €;1;1;0;0,00 €;;"";0;0;;;;0;0;0;;;20;3;102;0;;
1774;168588;"BOUGIE ALLUMAGE FOUR INFRA ROUGE";"ERA20002C";115;"ERA20002C";1;;55,00 €;3;1;0;0,00 €;;"four infra rouge";0;0;;;;0;0;0;1;27/11/2024 00:00:00;20;3;401;0;;
1775;168589;"REGULATEUR TEMPERATURE 213/CC";"168589";;;;;1,00 €;1;1;0;0,00 €;;"";0;0;;;;0;0;0;;;20;3;103;0;;
1776;168590;"BAGUE REF UC208-S6";"168590";;;;;1,00 €;1;1;0;0,00 €;;"";0;0;;;;0;0;0;;;20;2;301;0;;
1777;168591;"JOINT SPY 63X53X7";"168591";;;;;1,00 €;0;1;0;0,00 €;;"";0;0;;;;0;0;0;;;;;;0;;
1778;168592;"ARBRE ENTRAINEMENT PIGNON SHAFT";"168592";;;;;1,00 €;1;1;0;0,00 €;;"";0;0;;;;0;0;0;;;20;2;302;0;;
1779;168593;"PIGNON GEAR WHEEL 4,160,03,10328-2";"168593";;;;;1,00 €;1;1;0;0,00 €;;"";0;0;;;;0;0;0;;;20;2;302;0;;
1780;168594;"AIMANT INTERRUPTEUR SECURITE REF 53205";"BPS 33";103;"101107771";1;;1,00 €;7;1;0;0,00 €;;"<div>NE SE FAIT PLUS</div>";0;0;;;;0;0;0;;;1;5;405;0;;
1781;168595;"U RING 305 MONTE CUVE";"168595";;;;;1,00 €;0;1;0;0,00 €;;"";0;0;;;;0;0;0;;;;;;0;;
1782;168596;"REGULATEUR ELECTRONIQUE TT49-LCR-B3";"168596";209;;;;1,00 €;1;1;0;0,00 €;;"";0;0;;;;0;0;0;;;20;4;402;0;;
1783;168597;"JOINT SPY 30X50X5";"168597";;;;;1,00 €;2;1;0;0,00 €;;"";0;0;;;;0;0;0;;;20;4;507;0;;
1784;168598;"JOINT 45X85X8";"168598";;;;;1,00 €;0;1;0;0,00 €;;"";0;0;;;;0;0;0;;;;;;0;;
1785;168599;"RESISTANCES CU3/58";"168599";;;;;1,00 €;0;1;0;0,00 €;;"";0;0;;;;0;0;0;;;;;;0;;
1786;168600;"BLOCK CONTACT REF CU1-55E";"168600";;;;;1,00 €;1;1;0;0,00 €;;"";0;0;;;;0;0;0;;;;;;0;;
1787;168601;"SONDE SECURITE CHAUFFAGE REF CU3/-451";"168601";98;;;;1,00 €;0;0;0;0,00 €;;"";0;0;;;;0;0;0;;;;;;0;;
1788;168602;"CONTACTEUR SECURITE REF INJ/79A";"168602";;;;;1,00 €;0;1;0;0,00 €;;"";0;0;;;;0;0;0;;;;;;0;;
1789;168603;"BURNER CONTROL PANEL REF CF4-P006";"168603";;;;;1,00 €;0;1;0;0,00 €;;"";0;0;;;;0;0;0;;;;;;0;;
1790;168604;"COURROIE REF 30RPP8 4000";"LONG 4000 PAS DE 8 LARG 30";;;;;25,00 €;0;1;0;0,00 €;;"";0;0;;;;0;0;0;5;;20;2;204;0;;
1791;168605;"TRANSFORMATEUR TRS5 PC";"168605";;;;;1,00 €;1;1;0;0,00 €;;"";0;0;;;;0;0;0;;;20;3;501;0;;
1792;168606;"HUILE B5.2 BITZER 5L";"168606";;;9;;1,00 €;0;1;0;0,00 €;;"";0;0;;;;0;0;0;;;;;;0;;
1793;168607;"HUILE GH6-32 KLUBER SYNTH 20L";"0121570766";179;;4;;572,00 €;1;1;0;0,00 €;;"<div>huile pour reducteur surgelateur</div>";0;0;;;;0;0;0;1;;50;;;0;;
1794;168608;"GRAISSE SB2 BARDAHL CARTOUCHE 0,4KG";"168608";114;;9;;1,00 €;0;0;0;0,00 €;;"";0;0;;;;0;0;1;;;;;;1;;
1795;168609;"CHEVILLE MOLLY";"168609";;;;;1,00 €;0;0;0;0,00 €;;"";0;0;;;;0;0;1;;;;;;1;;
1796;168610;"VIS AUTOPERCEUSE 3,9X25";"168610";;;;;1,00 €;0;0;0;0,00 €;;"";0;0;;;;0;0;1;;;;;;1;;
1797;168611;"VIS AUTOPERCEUSE 4,2X19";"168611";;;;;1,00 €;0;0;0;0,00 €;;"";0;0;;;;0;0;1;;;;;;1;;
1798;168613;"GOUJON ANCRAGE 10X95";"168613";;;;;1,00 €;0;0;0;0,00 €;;"";0;0;;;;0;0;1;;;;;;1;;
1799;168614;"GOUJON ANCRAGE 12X100";"168614";;;;;1,00 €;0;0;0;0,00 €;;"";0;0;;;;0;0;1;;;;;;1;;
1800;168615;"VIS A2 TFSPC 5X12";"168615";;;;;1,00 €;0;0;0;0,00 €;;"";0;0;;;;0;0;1;;;;;;1;;
1801;168616;"VIS A2 TCSPC 8X30";"168616";;;;;1,00 €;0;0;0;0,00 €;;"";0;0;;;;0;0;1;;;;;;1;;
1802;168617;"CARTOUCHE SILICONE SANITAIRE BLANC";"096211300";10;"096211300";9;;14,12 €;34;1;0;0,00 €;;"Référence 096211300";0;0;;;;0;0;0;1;12/1/2024 00:00:00;;;;0;;
1803;168618;"GOUPILLE M3";"168618";;;;;1,00 €;0;0;0;0,00 €;;"";0;0;;;;0;0;0;;;;;;0;;
1804;168619;"GOUPILLE ELASTIQUE 6X30";"168619";;;;;1,00 €;0;1;0;0,00 €;;"";0;0;;;;0;0;0;;;;;;0;;
1805;168620;"RIVET 4X12";"168620";;;;;1,00 €;0;0;0;0,00 €;;"";0;0;;;;0;0;1;;;;;;1;;
1806;168621;"RIVET 4,8X30 BOITE DE 250";"168621";;;;;1,00 €;0;0;0;0,00 €;;"";0;0;;;;0;0;1;;;;;;1;;
1807;168622;"GOUJON A FRAPPE M8 BOITE DE 50 PIECES";"168622";;;;;1,00 €;0;0;0;0,00 €;;"";0;0;;;;0;0;1;;;;;;1;;
1808;168623;"CHEVILLE A FRAPPE M12";"168623";;;;;1,00 €;0;0;0;0,00 €;;"";0;0;;;;0;0;1;;;;;;1;;
1809;168624;"CHEVILLES PLASTIQUES W-NUT 5X15";"168624";;;;;1,00 €;1;1;0;0,00 €;;"";0;0;;;;0;0;1;1;;;;;1;;
1810;168625;"CHEVILLES PLASTIQUES W-NUT 6X15";"168625";;;;;1,00 €;1;1;0;0,00 €;;"";0;0;;;;0;0;1;1;;;;;1;;
1811;168626;"CHEVILLES PLASTIQUES W-NUT 8X25";"168626";;;;;1,00 €;1;1;0;0,00 €;;"";0;0;;;;0;0;1;1;;;;;1;;
1812;168629;"ROULEMENT PALIER NP25";"168629";;;;;1,00 €;1;1;0;0,00 €;;"";0;0;;;;0;0;0;;;10;2;503;0;;
1813;168630;"ROULEMENT PALIER UP005 KOYO";"168630";131;;;;1,00 €;4;1;0;0,00 €;;"";0;0;;;;0;0;0;;;10;2;402;0;;
1814;168632;"ROULEMENT 5310";"168632";;;;;1,00 €;0;0;0;0,00 €;;"";0;0;;;;0;0;0;;;;;;0;;
1815;168633;"ROULEMENT U210";"168633";;;;;1,00 €;2;0;0;0,00 €;;"";0;0;;;;0;0;0;1;12/1/2024 00:00:00;;;;0;;
1816;168634;"ROULEMENT 6010-2RSR";"168634";;;;;1,00 €;5;1;0;0,00 €;;"";0;0;;;;0;0;0;;;10;1;601;0;;
1818;168641;"VIS TETE FRAISEE SIX PANS CREUX A2 5X12";"168641";;;;;1,00 €;0;0;0;0,00 €;;"";0;0;;;;0;0;1;;;;;;1;;
1819;168642;"CHEVILLE A FRAPPE M 5X35 BOITE DE 100";"168642";;;;;1,00 €;0;0;0;0,00 €;;"";0;0;;;;0;0;1;;;;;;1;;
1820;168643;"CHEVILLE A FRAPPE M 6X30 BOITE DE 250";"168643";;;;;1,00 €;0;0;0;0,00 €;;"";0;0;;;;0;0;1;;;;;;1;;
1821;168644;"CHEVILLE A FRAPPE M 8X40 BOITE DE 100";"168644";;;;;1,00 €;0;0;0;0,00 €;;"";0;0;;;;0;0;1;;;;;;1;;
1822;168645;"CHEVILLE A FRAPPE M 7X35 BOITE DE 150";"168645";;;;;1,00 €;0;0;0;0,00 €;;"";0;0;;;;0;0;1;;;;;;1;;
1823;168647;"KIT GARNITURE TARTO 732000032";"168647";;;;;1,00 €;0;1;0;0,00 €;;"";0;0;;;;0;0;0;;;;;;0;;
1824;168648;"ROULEMENT 6301-DU";"168648";;;;;1,00 €;0;0;0;0,00 €;;"";0;0;;;;0;0;0;;;;;;0;;
1825;168650;"ROULEMENT HR30305J";"168650";;;;;1,00 €;2;1;0;0,00 €;;"";0;0;;;;0;0;0;;;10;2;701;0;;
1826;168651;"ROULEMENT HR30306J";"168651";;;;;1,00 €;1;1;0;0,00 €;;"";0;0;;;;0;0;0;;;;;;0;;
1827;168652;"ROULEMENT 51205-2";"168652";;;;;1,00 €;2;1;0;0,00 €;;"";0;0;;;;0;0;0;;;10;1;603;0;;
1828;168653;"ROULEMENT 51206";"168653";;;;;1,00 €;2;1;0;0,00 €;;"";0;0;;;;0;0;0;;;;;;0;;
1829;168654;"ROULEMENT 5305 SKF BUTEE A BILLE";"168654";;;;;1,00 €;4;1;0;0,00 €;;"";0;0;;;;0;0;0;;;10;1;604;0;;
1830;168655;"ROULEMENT UFL-006";"168655";;;;;1,00 €;1;1;0;0,00 €;;"";0;0;;;;0;0;0;;;10;2;401;0;;
1831;168656;"ROULEMENT FY25TF";"168656";31;;13;;25,00 €;3;1;0;0,00 €;;"";0;0;;;;0;0;0;;;10;2;904;0;;
1832;168657;"ROULEMENT NU306 ECP";"168657";;;;;1,00 €;0;0;0;0,00 €;;"";0;0;;;;0;0;0;;;;;;0;;
1833;168658;"ROULEMENT HK2016B";"168658";;;;;1,00 €;2;1;0;0,00 €;;"";0;0;;;;0;0;0;;;10;1;901;0;;
1834;168659;"ROULEMENT SS 250SS";"168659";;;;;1,00 €;0;0;0;0,00 €;;"";0;0;;;;0;0;0;;;;;;0;;
1835;168660;"ROULEMENT S1204";"168660";;;;;1,00 €;2;1;0;0,00 €;;"";0;0;;;;0;0;0;;;10;2;504;0;;
1837;168662;"COURROIE RPP5 PU LAR 15 LG 7200";"168662";;;;;1,00 €;0;1;0;0,00 €;;"";0;0;;;;0;0;0;;;;;;0;;
1838;168663;"CHAINE PLASTIQUE SIGNALISATION";"168663";;;;;1,00 €;0;0;0;0,00 €;;"";0;0;;;;0;0;0;;;;;;0;;
1839;168664;"BPR MEMBRANE LARGE OA-0120";"168664";;;3;;74,63 €;0;1;0;0,00 €;;"";0;0;;;;0;0;0;1;28/8/2024 00:00:00;20;3;903;0;;
1840;168665;"ELECT DISTRIB CPE14-M1BH-5JS-1/8";"196940";4;;17;;165,00 €;2;1;0;0,00 €;;"";0;0;;;;0;0;0;1;18/3/2026 00:00:00;3;5;203;0;;
1841;168666;"RESSORT CU1/25";"168666";;;;;1,00 €;0;1;0;0,00 €;;"";0;0;;;;0;0;0;;;;;;0;;
1842;168667;"RESSORT CU3/28";"168667";;;;;1,00 €;1;1;0;0,00 €;;"";0;0;;;;0;0;0;;;20;4;508;0;;
1843;168668;"RACLEUR TEFLON COTE SUP PASTO 2 ET CU3/221B";"RACLEUR B plus utilisé";98;;3;;42,00 €;0;0;0;0,00 €;;"<div>PASTO 2/3</div>";0;0;;;;0;0;1;1;28/7/2023 00:00:00;20;4;505;1;;
1844;168669;"RACLEUR TEFLON DE FOND CU3/00222";"RACLEUR C";98;;3;;42,00 €;2;2;0;0,00 €;;"<div>PASTO 2/3</div>";0;0;;;;0;0;0;1;2/12/2025 00:00:00;20;4;505;0;;
1845;168670;"VERIN DSNU-16-50-PPV-A";"19230";4;;2;;50,00 €;1;1;0;0,00 €;;"convient pour nappeuse";0;0;;;;0;0;0;;;3;1;101;0;;
1846;168671;"COMPTEUR NAPPEUSE AUTOMATIQUE";"15A31B10";160;;3;;25,00 €;2;1;0;0,00 €;;"";0;0;;;;0;0;0;1;8/11/2024 00:00:00;11;2;1001;0;;
1847;168672;"POTENTIOMETRE 10KOHM 3590S-2-103L";"107-0785";;;1;;17,00 €;0;1;0;0,00 €;;"";0;0;;;;0;0;0;;;11;2;1004;0;;
1848;168673;"POTENTIOMETRE 2KOHM 3590S-2-202L";"107-0763";10;;1;;12,46 €;6;1;0;0,00 €;;"";0;0;;;;0;0;0;1;6/11/2024 00:00:00;11;2;1004;0;;
1849;168674;"JOINT 117085";"168674";;;;;1,00 €;1;1;0;0,00 €;;"";0;0;;;;0;0;0;;;11;2;905;0;;
1850;168675;"RESSORT 117090";"168675";;;;;1,00 €;1;1;0;0,00 €;;"";0;0;;;;0;0;0;;;11;2;907;0;;
1851;168676;"BOULE 6MM REF 117106";"168676";;;;;1,00 €;1;1;0;0,00 €;;"";0;0;;;;0;0;0;;;11;2;907;0;;
1852;168677;"DIAPHRAGMA REF 15A179";"15A179";92;;2;;40,00 €;1;2;0;0,00 €;;"NAPPEUSE REGULATEUR";0;0;;;;0;0;0;4;;11;2;908;0;;
1853;168678;"SUPPORT BOULE REF 15A205";"168678";92;;3;;1,00 €;1;1;0;0,00 €;;"";0;0;;;;0;0;0;;;11;2;908;0;;
1854;168679;"BAGUE PLASTIQUE REF 15A219";"168679";92;;3;;1,00 €;2;1;0;0,00 €;;"";0;0;;;;0;0;0;;;11;2;906;0;;
1855;168680;"JOINT 12X2 REF 15Y035";"168680";;;;;1,00 €;1;1;0;0,00 €;;"";0;0;;;;0;0;0;;;11;2;906;0;;
1856;168681;"BAGUE PLASTIQUE REF 602795";"168681";;;;;1,00 €;0;1;0;0,00 €;;"";0;0;;;;0;0;0;;;;;;0;;
1857;168682;"ANNEAUX METALLIQUE REF 603600";"168682";92;;3;;30,94 €;4;1;0;0,00 €;;"";0;0;;;;0;0;0;;;11;2;903;0;;
1858;168683;"JOINT REF 612049";"168683";10;;2;;1,00 €;2;1;0;0,00 €;;"POMPE NAPPEUSE";0;0;;;;0;0;0;;;11;2;903;0;;
1859;168684;"BAGUE PLASTIQUE";"635590";10;"635590";2;;1,00 €;3;1;0;0,00 €;;"POMPE NAPPEUSE";0;0;;;;0;0;0;;;11;2;904;0;;
1860;168685;"JOINT REF 640565";"640565";;;2;;23,39 €;2;1;0;0,00 €;;"";0;0;;;;0;0;0;;;11;2;904;0;;
1861;168686;"CLIGNOTANT VERT ET ROUGE";"168686";;;;;1,00 €;0;1;0;0,00 €;;"";0;0;;;;0;0;0;;;;;;0;;
1862;168688;"COUDE 90° M/M 1/2";"168688";;;;;1,00 €;0;0;0;0,00 €;;"";0;0;;;;0;0;0;;;;;;0;;
1863;168689;"REDUCTION M/M 3/8 X 5/16";"168689";;;;;1,00 €;0;0;0;0,00 €;;"";0;0;;;;0;0;1;;;;;;1;;
1864;168690;"REDUCTION M/F  1/2 X 5/16";"168690";;;;;1,00 €;0;0;0;0,00 €;;"";0;0;;;;0;0;1;;;;;;1;;
1865;168691;"REDUCTION M/F  3/8 X 5/16";"168691";;;;;1,00 €;0;0;0;0,00 €;;"";0;0;;;;0;0;1;;;;;;1;;
1866;168692;"REDUCTION F/F  1/2 X 5/16";"168692";;;;;1,00 €;0;0;0;0,00 €;;"";0;0;;;;0;0;1;;;;;;1;;
1867;168693;"REDUCTION F/F 3/4 X 5/16";"168693";;;;;1,00 €;0;0;0;0,00 €;;"";0;0;;;;0;0;1;;;;;;1;;
1868;168695;"RACCORD ADAPTATEUR M/F DN8";"168695";;;;;1,00 €;0;0;0;0,00 €;;"";0;0;;;;0;0;1;;;;;;1;;
1869;168696;"COUPLEUR FEMELLE DN10";"168696";;;;;1,00 €;0;1;0;0,00 €;;"";0;0;;;;0;0;0;;;;;;0;;
1870;168697;"COUPLEUR AUTO MALE REF 90862110";"168697";;;;;1,00 €;0;1;0;0,00 €;;"";0;0;;;;0;0;0;;;;;;0;;
1871;168698;"COUPLEUR AUTO MALE REF 92862113";"168698";;;;;1,00 €;0;1;0;0,00 €;;"";0;0;;;;0;0;0;;;;;;0;;
1872;168700;"JOINT CUIVRE 17X21X1,5";"168700";;;;;1,00 €;0;1;0;0,00 €;;"";0;0;;;;0;0;0;;;;;;0;;
1873;168701;"JOINT FIBRE 15X21";"168701";;;;;1,00 €;0;1;0;0,00 €;;"";0;0;;;;0;0;0;;;;;;0;;
1874;168702;"COLLIER 9,5X12 528-378";"168702";;;;;1,00 €;0;0;0;0,00 €;;"";0;0;;;;0;0;1;;;;;;1;;
1875;168703;"COLLIER 22X30 528-429";"168703";;;;;1,00 €;0;0;0;0,00 €;;"";0;0;;;;0;0;1;;;;;;1;;
1876;168704;"COLLIER 56X62";"168704";;;;;1,00 €;0;0;0;0,00 €;;"";0;0;;;;0;0;1;;;;;;1;;
1877;168705;"COLLIER 68X73";"168705";;;;;1,00 €;0;0;0;0,00 €;;"";0;0;;;;0;0;0;;;;;;0;;
1878;168706;"JOINT TORIQUE 8X1";"168706";;;;;1,00 €;0;0;0;0,00 €;;"";0;0;;;;0;0;0;;;;;;0;;
1879;168707;"JOINT TORIQUE 8X2";"168707";;;;;1,00 €;0;0;0;0,00 €;;"";0;0;;;;0;0;0;;;;;;0;;
1880;168708;"JOINT TORIQUE 9X1,5";"168708";;;;;1,00 €;0;0;0;0,00 €;;"";0;0;;;;0;0;0;;;;;;0;;
1881;168709;"JOINT TORIQUE 11X1,5";"168709";;;;;1,00 €;0;0;0;0,00 €;;"";0;0;;;;0;0;0;;;;;;0;;
1882;168711;"REGULATEUR DE PRESSION 71701010";"168711";;;;;1,00 €;0;1;0;0,00 €;;"";0;0;;;;0;0;0;;;;;;0;;
1883;168712;"JOINT CUIVRE 13,4X17X1,5";"168712";;;;;1,00 €;0;1;0;0,00 €;;"";0;0;;;;0;0;0;;;;;;0;;
1884;168714;"RESSORT SIAT S370018194Z";"168714";110;;3;;4,48 €;12;1;0;0,00 €;;"";0;0;;;;0;0;0;1;27/6/2023 00:00:00;11;1;805;0;;
1885;168715;"RESSORT DE CONTRAINTE SIAT S370029698Z";"168715";110;"S370029698Z";3;;1,00 €;14;1;0;0,00 €;;"SCOTCHEUSE";0;0;;;;0;0;0;1;12/1/2024 00:00:00;11;1;803;0;;
1886;168717;"JOINT TORIQUE 12X1,5";"168717";;;;;1,00 €;0;0;0;0,00 €;;"";0;0;;;;0;0;0;;;;;;0;;
1887;168720;"JOINT TORIQUE 12X2,5";"168720";;;;;1,00 €;0;0;0;0,00 €;;"";0;0;;;;0;0;0;;;;;;0;;
1888;168721;"JOINT TORIQUE 13X1,5";"168721";;;;;1,00 €;0;0;0;0,00 €;;"";0;0;;;;0;0;0;;;;;;0;;
1889;168722;"JOINT TORIQUE 14X2,5";"168722";;;;;1,00 €;0;0;0;0,00 €;;"";0;0;;;;0;0;0;;;;;;0;;
1890;168723;"JOINT TORIQUE 15X1,5";"168723";;;;;1,00 €;0;0;0;0,00 €;;"";0;0;;;;0;0;0;;;;;;0;;
1891;168729;"JOINT TORIQUE 15X2,5";"168729";;;;;1,00 €;0;0;0;0,00 €;;"";0;0;;;;0;0;0;;;;;;0;;
1892;168730;"JOINT TORIQUE 16X2,5";"168730";;;;;1,00 €;0;0;0;0,00 €;;"";0;0;;;;0;0;0;;;;;;0;;
1893;168731;"JOINT TORIQUE 17X1,5";"168731";;;;;1,00 €;0;0;0;0,00 €;;"";0;0;;;;0;0;0;;;;;;0;;
1894;168732;"JOINT TORIQUE 17X2,5";"168732";;;;;1,00 €;0;0;0;0,00 €;;"";0;0;;;;0;0;0;;;;;;0;;
1895;168733;"JOINT TORIQUE 19X2,5";"168733";;;;;1,00 €;0;0;0;0,00 €;;"";0;0;;;;0;0;0;;;;;;0;;
1896;168734;"JOINT TORIQUE 20X2,5";"168734";;;;;1,00 €;0;0;0;0,00 €;;"";0;0;;;;0;0;0;;;;;;0;;
1897;168735;"JOINT TORIQUE 21X2,5";"168735";;;;;1,00 €;0;0;0;0,00 €;;"";0;0;;;;0;0;0;;;;;;0;;
1898;168736;"JOINT TORIQUE 22X2,5";"168736";;;;;1,00 €;0;0;0;0,00 €;;"";0;0;;;;0;0;0;;;;;;0;;
1899;168737;"JOINT TORIQUE 24X2,5";"168737";;;;;1,00 €;0;0;0;0,00 €;;"";0;0;;;;0;0;0;;;;;;0;;
1900;168738;"JOINT TORIQUE 25X2";"168738";;;;;1,00 €;0;0;0;0,00 €;;"";0;0;;;;0;0;0;;;;;;0;;
1901;168739;"JOINT TORIQUE 25X3";"168739";;;;;1,00 €;0;0;0;0,00 €;;"";0;0;;;;0;0;0;;;;;;0;;
1902;168740;"JOINT TORIQUE 26X3";"168740";;;;;1,00 €;0;0;0;0,00 €;;"";0;0;;;;0;0;0;;;;;;0;;
1903;168741;"JOINT TORIQUE 27X3,5";"168741";;;;;1,00 €;0;0;0;0,00 €;;"";0;0;;;;0;0;0;;;;;;0;;
1904;168742;"JOINT TORIQUE 28X1,5";"168742";;;;;1,00 €;0;0;0;0,00 €;;"";0;0;;;;0;0;0;;;;;;0;;
1905;168743;"JOINT TORIQUE 28X3";"168743";;;;;1,00 €;0;0;0;0,00 €;;"";0;0;;;;0;0;0;;;;;;0;;
1906;168744;"JOINT TORIQUE 31x1,5";"168744";;;;;1,00 €;0;0;0;0,00 €;;"";0;0;;;;0;0;0;;;;;;0;;
1907;168745;"JOINT TORIQUE 31x3";"168745";;;;;1,00 €;0;0;0;0,00 €;;"";0;0;;;;0;0;0;;;;;;0;;
1908;168746;"JOINT TORIQUE 33x3";"168746";;;;;1,00 €;0;0;0;0,00 €;;"";0;0;;;;0;0;0;;;;;;0;;
1909;168747;"JOINT TORIQUE 34x3";"168747";;;;;1,00 €;0;0;0;0,00 €;;"";0;0;;;;0;0;0;;;;;;0;;
1910;168749;"JOINT TORIQUE 37x3";"168749";;;;;1,00 €;0;0;0;0,00 €;;"";0;0;;;;0;0;0;;;;;;0;;
1911;168750;"JOINT TORIQUE 39x3";"168750";;;;;1,00 €;0;0;0;0,00 €;;"";0;0;;;;0;0;0;;;;;;0;;
1912;168751;"JOINT TORIQUE 41x3";"168751";;;;;1,00 €;0;0;0;0,00 €;;"";0;0;;;;0;0;0;;;;;;0;;
1913;168752;"JOINT TORIQUE 43x2";"168752";;;;;1,00 €;0;0;0;0,00 €;;"";0;0;;;;0;0;0;;;;;;0;;
1914;168753;"JOINT TORIQUE 43,5x4";"168753";;;;;1,00 €;0;0;0;0,00 €;;"";0;0;;;;0;0;0;;;;;;0;;
1915;168754;"JOINT TORIQUE 44x3";"168754";;;;;1,00 €;0;0;0;0,00 €;;"";0;0;;;;0;0;0;;;;;;0;;
1916;168755;"JOINT TORIQUE 46x4";"168755";;;;;1,00 €;0;0;0;0,00 €;;"";0;0;;;;0;0;0;;;;;;0;;
1917;168756;"JOINT TORIQUE 50X4";"168756";;;;;1,00 €;0;0;0;0,00 €;;"";0;0;;;;0;0;0;;;;;;0;;
1918;168757;"JOINT TORIQUE 53X4";"168757";;;;;1,00 €;0;0;0;0,00 €;;"";0;0;;;;0;0;0;;;;;;0;;
1919;168758;"JOINT A LEVRE DL 16X28X7 BAU28LX2";"16X28X7";;;3;;5,00 €;0;1;0;0,00 €;;"";0;0;;;;0;0;0;;;10;3;802;0;;
1920;168759;"JOINT SPY 17X30X7 BAU2X2";"168759";;;;;1,00 €;0;1;0;0,00 €;;"";0;0;;;;0;0;0;;;;;;0;;
1921;168760;"JOINT SPY 43X64  7110000520";"168760";97;;;;1,00 €;1;1;0;0,00 €;;"";0;0;;;;0;0;0;;;20;1;303;0;;
1922;168762;"BUSE CENTRALE LAVAGE LB10.POCH007";"168762";;;;;1,00 €;0;1;0;0,00 €;;"";0;0;;;;0;0;0;;;;;;0;;
1923;168763;"BUTEE DE PORTE ANOD 2120 6013611";"168763";;;;;1,00 €;0;1;0;0,00 €;;"";0;0;;;;0;0;0;;;;;;0;;
1924;168764;"GAINE 9M DIAM 630 ITEM 8482";"168764";;;;;1,00 €;0;1;0;0,00 €;;"";0;0;;;;0;0;0;;;;;;0;;
1925;168765;"GAINE 9,5M D630 GAINE BLANCHE ITEM 6438";"168765";;;;;1,00 €;0;1;0;0,00 €;;"";0;0;;;;0;0;0;;;;;;0;;
1926;168766;"GAINE 12M D630 CONDI-CARTON 2 ITEM 8481";"168766";;;;;1,00 €;0;1;0;0,00 €;;"";0;0;;;;0;0;0;;;;;;0;;
1927;168767;"GAINE 18M D630 PRODUC-CARTON 2 ITEM 8482";"168767";;;;;1,00 €;0;1;0;0,00 €;;"";0;0;;;;0;0;0;;;;;;0;;
1928;168768;"INTERRUPTEUR";"XCS PA592";1;;1;;25,00 €;1;1;0;0,00 €;;"";0;0;;;;0;0;0;1;16/5/2023 00:00:00;1;5;101;0;;
1929;168769;"RESISTANCE 200W-220V L50MM 7121000014";"168769";124;;1;;352,00 €;4;1;0;0,00 €;;"tarto";0;0;;;;0;0;0;1;24/7/2024 00:00:00;20;1;502;0;;
1930;168770;"ACCROCHE EN V";"168770";;;;;1,00 €;0;1;0;0,00 €;;"";0;0;;;;0;0;0;;;;;;0;;
1931;168772;"COUDE 90° M/F 3/4 REF 452463-20";"168772";;;;;1,00 €;0;0;0;0,00 €;;"";0;0;;;;0;0;0;;;;;;0;;
1932;168773;"COUDE 90° M/F 1/2 REF 452463-15";"168773";;;;;1,00 €;0;0;0;0,00 €;;"";0;0;;;;0;0;0;;;;;;0;;
1933;168774;"TE FFF 1/2 INOX REF 452484-15";"168774";88;;;;1,00 €;0;0;0;0,00 €;;"";0;0;;;;0;0;1;;;;;;1;;
1934;168775;"COUDE 90° F/F 1/2 INOX REF 316 452444-15";"168775";;;;;1,00 €;0;0;0;0,00 €;;"";0;0;;;;0;0;1;;;;;;1;;
1935;168776;"FILTRE Y A TAMIS 3/4 REF 458813-20";"168776";;;;;1,00 €;0;1;0;0,00 €;;"";0;0;;;;0;0;0;;;;;;0;;
1936;168778;"REDUCTION MM 1"" X 1/2";"168778";;;;;1,00 €;0;0;0;0,00 €;;"";0;0;;;;0;0;1;;;;;;1;;
1937;168779;"EMBOUT COLLERET MALE 1/2 REF 452711-13";"168779";;;;;1,00 €;0;0;0;0,00 €;;"";0;0;;;;0;0;0;;;;;;0;;
1938;168780;"TUBE FLUORESCENT L18W/840 60 CM";"L18W/840";42;;1;;5,32 €;5;1;0;0,00 €;;"";0;0;;;;0;0;0;1;25/8/2025 00:00:00;31;2;301;0;;
1939;168781;"TUBE FLUORESCENT L58W/840";" 632197";42;;1;;2,38 €;9;2;0;0,00 €;;"OU PHILIPS MASTER TL D SUPER 80 58W/865";0;0;;;;0;0;0;1;25/8/2025 00:00:00;;;;0;;
1940;168782;"BALLAST ELECTRONIQUE 1AMP HFL 154-58M";"168782";;;;;1,00 €;0;1;0;0,00 €;;"";0;0;;;;0;0;0;;;;;;0;;
1941;168786;"AMPOULE LED 4-25W E-14 ORSAM REF 208684";"168786";;;;;1,00 €;1;1;0;0,00 €;;"";0;0;;;;0;0;0;;;31;2;404;0;;
1942;168787;"AMPOULE LED 4-25W E-27  CLASSIC A25";"168787";42;;1;;10,00 €;5;1;0;0,00 €;;"";0;0;;;;0;0;0;1;5/12/2024 00:00:00;31;2;407;0;;
1943;168788;"AMPOULE FLUORESCENT 42W/830 REF GX24Q4";"GX24Q4";42;;1;;10,00 €;3;1;0;0,00 €;;"";0;0;;;;0;0;0;1;21/11/2024 00:00:00;31;2;403;0;;
1944;168789;"AMPOULE PROJECTEUR 400W";"MASTER PHI179906";72;;1;;1,00 €;4;1;0;0,00 €;;"";0;0;;;;0;0;0;;;31;2;403;0;;
1945;168790;"TABLEAU AFFICHAGE REF 70012021";"168790";;;;;1,00 €;0;1;0;0,00 €;;"";0;0;;;;0;0;0;;;;;;0;;
1946;168791;"BALLAST FER LN58 POUR T8 58W SSH508186";"168791";;;;;1,00 €;6;1;0;0,00 €;;"";0;0;;;;0;0;0;1;12/1/2024 00:00:00;31;2;405;0;;
1947;168792;"VANNE F/F - 3/4 - (20/27)";"168792";;;;;1,00 €;0;0;0;0,00 €;;"";0;0;;;;0;0;0;;;;;;0;;
1948;168793;"VANNE M/M - 3/4";"168793";;;;;1,00 €;0;0;0;0,00 €;;"";0;0;;;;0;0;0;;;;;;0;;
1949;168794;"VANNE F/F - 1/2";"168794";;;;;1,00 €;0;1;0;0,00 €;;"";0;0;;;;0;0;0;;;;;;0;;
1950;168795;"BALLAST ELXC 258.210 2x58W T8";"168795";;;;;1,00 €;4;1;0;0,00 €;;"";0;0;;;;0;0;0;1;12/1/2024 00:00:00;;;;0;;
1951;168797;"MANCHON FF DIAMETRE 40 PVC";"168797";;;;;1,00 €;0;0;0;0,00 €;;"";0;0;;;;0;0;1;;;;;;1;;
1952;168801;"TE 1/2 LAITON";"168801";;;;;1,00 €;0;0;0;0,00 €;;"";0;0;;;;0;0;1;;;;;;1;;
1953;168802;"RACCORD UNION 1/2 INOX";"168802";;;;;1,00 €;0;0;0;0,00 €;;"";0;0;;;;0;0;1;;;;;;1;;
1954;168803;"REDUCTION FF 1/2 X 3/8";"168803";;;;;1,00 €;0;0;0;0,00 €;;"";0;0;;;;0;0;1;;;;;;1;;
1955;168805;"BOUTE MALE 3/8  12X17";"168805";;;;;1,00 €;0;0;0;0,00 €;;"";0;0;;;;0;0;1;;;;;;1;;
1956;168806;"ROULETTE 100X35";"168806";;;;;1,00 €;0;0;0;0,00 €;;"";0;0;;;;0;0;0;;;;;;0;;
1957;168807;"ROULETTE A PLATINE";"168807";;;;;1,00 €;0;1;0;0,00 €;;"";0;0;;;;0;0;0;;;;;;0;;
1958;168808;"ROULETTE 200X50-140";"168808";;;;;1,00 €;0;1;0;0,00 €;;"";0;0;;;;0;0;0;;;;;;0;;
1959;168809;"ROULETTE AVEC ROULEMENT B204ZZ";"168809";;;;;1,00 €;0;0;0;0,00 €;;"";0;0;;;;0;0;0;;;;;;0;;
1960;168810;"MANCHON REPARATION 100MM PVC";"168810";;;;;1,00 €;0;0;0;0,00 €;;"";0;0;;;;0;0;1;;;;;;1;;
1961;168811;"COUDE FF 63X87° PVC";"168811";;;;;1,00 €;0;0;0;0,00 €;;"";0;0;;;;0;0;1;;;;;;1;;
1962;168812;"RACCORD UNION D40MM PVC-U250 5080";"168812";;;;;1,00 €;0;0;0;0,00 €;;"";0;0;;;;0;0;1;;;;;;1;;
1963;168813;"REDUCTION 62MM X 40MM PVC";"168813";;;;;1,00 €;0;0;0;0,00 €;;"";0;0;;;;0;0;1;;;;;;1;;
1964;168814;"COUDE FF 50X87";"168814";;;;;1,00 €;0;0;0;0,00 €;;"";0;0;;;;0;0;1;;;;;;1;;
1965;168816;"COUDE FF 32X87 PVC";"168816";;;;;1,00 €;0;0;0;0,00 €;;"";0;0;;;;0;0;1;;;;;;1;;
1966;168833;"MANCHON 32MM PVC";"168833";;;;;1,00 €;0;0;0;0,00 €;;"";0;0;;;;0;0;1;;;;;;1;;
1967;168834;"BOUCHON MALE D.32 AVEC TAPON PVC 450036";"168834";;;;;1,00 €;0;0;0;0,00 €;;"";0;0;;;;0;0;1;;;;;;1;;
1968;168835;"COLLIER D40MM PVC";"168835";;;;;1,00 €;0;0;0;0,00 €;;"";0;0;;;;0;0;1;;;;;;1;;
1969;168837;"MOUSSE EXPANSIVE";"168837";;;;;1,00 €;1;1;0;0,00 €;;"";0;0;;;;0;0;1;;;;;;1;;
1970;168838;"COLLIER D.16 ATLAS SIMPLE REF 000016";"168838";;;;;1,00 €;0;0;0;0,00 €;;"";0;0;;;;0;0;1;;;;;;1;;
1971;168839;"PATTE A VIS 6X40 REF 013740";"168839";;;;;1,00 €;0;0;0;0,00 €;;"";0;0;;;;0;0;1;;;;;;1;;
1972;168840;"PATTE A VIS BOIS 6X60 A504025";"168840";;;;;1,00 €;0;0;0;0,00 €;;"";0;0;;;;0;0;1;;;;;;1;;
1973;168841;"BUTEE DE PORTE SOL CAOUTCHOUC 999464";"168841";;;;;1,00 €;0;0;0;0,00 €;;"";0;0;;;;0;0;0;;;;;;0;;
1974;168842;"POINGEE DECOULEMENT EXTERIEUR REF 8730";"168842";;;;;1,00 €;0;1;0;0,00 €;;"";0;0;;;;0;0;0;;;;;;0;;
1975;168843;"EMBOUT COLLERET MALE 1/2 REF 452713-19";"168843";;;;;1,00 €;0;0;0;0,00 €;;"";0;0;;;;0;0;0;;;;;;0;;
1976;168844;"COUDE 45° MF DIAMETRE 40";"168844";;;;;1,00 €;-1;0;0;0,00 €;;"";0;0;;;;0;0;0;;;;;;0;;
1977;168845;"EMBOUT DE POIGNEE AVEC PION 7530";"168845";;;;;1,00 €;0;1;0;0,00 €;;"";0;0;;;;0;0;0;;;;;;0;;
1978;168846;"COUP DE POING FERMETURE 920 ET 520";"07200120";145;;30;;35,00 €;1;1;0;0,00 €;;"<div>&nbsp;PORTE EXTERIEUR</div>";0;0;;;;0;0;0;1;31/12/2025 00:00:00;31;1;506;0;;
1979;168848;"ROUE MOTRICE PORTE 8790/2490/2190-120K";"168848";;;;;1,00 €;0;1;0;0,00 €;;"";0;0;;;;0;0;0;;;;;;0;;
1980;168849;"EMBOUT AS2D BLANC 1024ZO120";"168849";;;;;1,00 €;0;1;0;0,00 €;;"";0;0;;;;0;0;0;;;;;;0;;
1981;168850;"BRAS UNIVERSEL STANDARD REF 100101";"168850";;;;;1,00 €;0;1;0;0,00 €;;"";0;0;;;;0;0;0;;;;;;0;;
1982;168851;"FERMETURES GROOM REF GR200011";"168851";10;;30;;30,00 €;9;1;0;0,00 €;;"";0;0;;;;0;0;0;1;24/1/2024 00:00:00;31;1;505;0;;
1983;168852;"MAMELON EGAL 15X21 REF 3 342975 821424";"168852";;;;;1,00 €;0;0;0;0,00 €;;"";0;0;;;;0;0;0;;;;;;0;;
1984;168853;"POIGNEE FERMETURE REF 5204P";"007200520";145;;30;;98,60 €;2;1;0;0,00 €;;"<div>PORTE INTERIEUR</div>

<div>gache ref 07201773</div>";0;0;;;;0;0;0;1;20/2/2024 00:00:00;31;1;503;0;;
1985;168855;"PANEL CONTROL B4";"168855";;;;;1,00 €;0;1;0;0,00 €;;"";0;0;;;;0;0;0;;;;;;0;;
1986;168856;"TETE IMPRESSION REF GH000831A";"168856";;;;;1,00 €;0;0;0;0,00 €;;"<div>sato</div>";0;0;;;;0;0;0;;;;;;0;;
1987;168857;"VERIN REF PRO730102-1";"168857";;;;;1,00 €;0;1;0;0,00 €;;"";0;0;;;;0;0;0;;;;;;0;;
1988;168859;"AXE REF MH200040";"168859";;;;;1,00 €;0;1;0;0,00 €;;"";0;0;;;;0;0;0;;;;;;0;;
1989;168860;"AXE REF MH 200070";"168860";;;;;1,00 €;0;1;0;0,00 €;;"";0;0;;;;0;0;0;;;;;;0;;
1990;168862;"VERIN AXE REF MH 200071";"168862";;;;;1,00 €;0;1;0;0,00 €;;"";0;0;;;;0;0;0;;;;;;0;;
1991;168863;"MEMBRANE SPIRALE MANCHON  VANNE AKO DN80";"POUMON MECANIC'AIR";10;;2;;140,00 €;2;2;0;0,00 €;;"";1;0;;;;0;1;0;1;3/3/2025 00:00:00;40;3;201;0;;
1992;168864;"ELECTROVANNE EV2/EV1-0063AS-4831-2";"168864";;;;;1,00 €;0;1;0;0,00 €;;"";0;0;;;;0;0;0;;;;;;0;;
1993;168865;"TETE ALLUMAGE REF 100701060";"168865";;;;;1,00 €;0;1;0;0,00 €;;"";0;0;;;;0;0;0;;;;;;0;;
1994;168867;"TETE BOUGIE ALLUMAGE";"168867";;;;;1,00 €;0;1;0;0,00 €;;"";0;0;;;;0;0;0;;;;;;0;;
1995;168869;"ELECTRODE ALLUMAGE ION 450X210";"168869";;;;;1,00 €;0;2;0;0,00 €;;"<div>FOUR DENBOER</div>";0;0;;;;0;0;1;5;28/7/2023 00:00:00;;;;0;;
1996;168871;"ELECTRODE ALLUMAGE ION 450X300";"168871";10;;1;;180,00 €;0;2;0;0,00 €;;"<div>FOUR DENBOER</div>";0;0;;;;0;0;0;4;9/6/2023 00:00:00;40;3;307;0;;
1997;168873;"PRESSOSTATS GAZ REF DG6UG-4";"168873";;;;;1,00 €;0;1;0;0,00 €;;"";0;0;;;;0;0;0;;;;;;0;;
1998;168874;"ELECTROVANNE REF VGP20R01W6";"168874";;;;;1,00 €;0;1;0;0,00 €;;"";0;0;;;;0;0;0;;;;;;0;;
1999;168875;"AUTOMATE SIEMENS SIMATIC ET200S";"168875";;;;;1,00 €;0;1;0;0,00 €;;"";0;0;;;;0;0;0;;;;;;0;;
2000;168876;"CARTE CONTROLE ALLUMAGE BURNER";"168876";;;;;1,00 €;0;1;0;0,00 €;;"<div>FOUR DENBOER</div>";0;0;;;;0;0;0;;;;;;0;;
2001;168877;"CHAINE RS08-NEP-1 ANTICORROSION 08B1";"168877";10;;3;;36,70 €;5;1;0;0,00 €;;"";0;0;;;;0;0;0;1;6/2/2026 00:00:00;40;2;301;0;;
2002;168878;"CHAINE 5 METRES REF BR06B2";"168878";;;;;1,00 €;0;1;0;0,00 €;;"";0;0;;;;0;0;0;;;40;2;301;0;;
2003;168879;"BASE DISTRIBUTEUR AIR CDVI5.0-AS 1/8";"168879";;;;;1,00 €;0;1;0;0,00 €;;"";0;0;;;;0;0;0;;;;;;0;;
2004;168880;"DISTRIBUTEUR AIR REF CDVI5.0-MT2H-5LS";"168880";;;;;1,00 €;1;0;0;0,00 €;;"";0;0;;;;0;0;1;;;65;3;1102;0;;
2005;168899;"VARIATEUR DE VITESSE";"E82EV371K2C";117;;1;;150,00 €;1;1;0;0,00 €;;"";0;0;;;;0;0;0;;;40;3;203;0;;
2006;168900;"COURROIE 140 DENTS LARG 9MM";"3M420-9MM";10;;3;;17,34 €;3;1;0;0,00 €;;"<div>trieuse ponderale</div>";0;0;;;;0;0;0;1;30/1/2024 00:00:00;;;;0;;
2007;168901;"STYLO REF 7410000574";"168901";;;;;1,00 €;0;0;0;0,00 €;;"";0;0;;;;0;0;0;;;;;;0;;
2008;168903;"PROTECTION PANEL REF 7410000572";"168903";;;;;1,00 €;0;1;0;0,00 €;;"";0;0;;;;0;0;0;;;;;;0;;
2009;168905;"CHAINE A ROULEAUX INOX G28-12-1";"168905";;;;;1,00 €;0;1;0;0,00 €;;"";0;0;;;;0;0;0;;;;;;0;;
2010;168907;"TETE DE FORCAGE";"168907";;;;;1,00 €;0;1;0;0,00 €;;"";0;0;;;;0;0;0;;;;;;0;;
2011;168909;"BRAS VENTOUSE M3/20-502 600449M";"168909";;;;;1,00 €;0;1;0;0,00 €;;"";0;0;;;;0;0;0;;;;;;0;;
2012;168911;"TAPIS REF 7116000230";"168911";97;;3;;97,00 €;0;0;0;0,00 €;;"<div>voir sap 178542</div>";0;0;;;;0;0;0;10;;;;;0;;
2013;168913;"CIRCUIT IMPRIME PUPITRE DE COMMANDE SE26";"168913";;;;;1,00 €;0;1;0;0,00 €;;"";0;0;;;;0;0;0;;;;;;0;;
2014;168914;"TEMPORISATEUR  3RT1916-2DG21";"168914";;;;;1,00 €;0;1;0;0,00 €;;"";0;0;;;;0;0;0;;;;;;0;;
2015;168915;"CONTACT MOTEUR 3KW 3RT1015-1AB01";"168915";;;;;1,00 €;0;1;0;0,00 €;;"";0;0;;;;0;0;0;;;;;;0;;
2016;168916;"CONTACT MINI AUX 3RH1131-1AB00";"168916";;;;;1,00 €;0;1;0;0,00 €;;"";0;0;;;;0;0;0;;;;;;0;;
2017;168917;"RESISTANCES DESHUMIDIFICATEUR 09601201";"168917";10;;;;1,00 €;2;1;0;0,00 €;;"";0;0;;;;0;0;0;1;12/1/2024 00:00:00;;;;0;;
2018;168918;"PALIER AVEC ROULEMENT MUC207FD D.35";"168918";;;;;1,00 €;0;0;0;0,00 €;;"";0;0;;;;0;0;0;;;;;;0;;
2019;168920;"CHAINE RF08B-1LD30L/SPCSA0 450L M&T";"168920";;;;;1,00 €;0;1;0;0,00 €;;"";0;0;;;;0;0;0;;;;;;0;;
2020;168921;"BRIDES AKO INOX";"168921";;;;;1,00 €;0;1;0;0,00 €;;"";0;0;;;;0;0;0;;;;;;0;;
2021;168922;"CONTACT AUX 6A 230V 3RH1140-1AB00";"168922";;;;;1,00 €;0;1;0;0,00 €;;"";0;0;;;;0;0;0;;;21;3;804;0;;
2022;168923;"ALIM 24V DC 10 A";"ABL8RPS24100";91;;;;120,00 €;1;1;0;0,00 €;;"";0;0;;;;0;0;0;1;11/9/2023 00:00:00;;;;0;;
2023;168926;"ARRET";"7139000017";97;;;;1,00 €;2;1;0;0,00 €;;"";0;0;;;;0;0;0;;;20;1;408;0;;
2024;168927;"KIT GARNITURE CYLINDRE TARTO 732000032";"168927";;;;;1,00 €;0;1;0;0,00 €;;"";0;0;;;;0;0;0;;;;;;0;;
2025;168931;"ECRAN  SURGELATEUR";"XBTGT 5330";91;;15;;1498,00 €;1;1;0;0,00 €;;"<div>IHM SURGELATEUR</div>";0;0;;;;0;0;0;1;2/9/2026 00:00:00;;;;0;;
2026;168933;"ROULEMENT 53206U";"168933";;;;;1,00 €;0;0;0;0,00 €;;"";0;0;;;;0;0;0;;;;;;0;;
2027;168934;"ROULEMENT 6208 Z NSK";"168934";31;;13;;1,00 €;4;1;0;0,00 €;;"";0;0;;;;0;0;0;;;10;2;902;0;;
2028;168941;"EJECTEUR MAINTIEN MOULE";"343 04 341";97;;3;;21,22 €;5;4;0;0,00 €;;"GEA COMAS";0;0;;;;0;0;0;1;12/1/2024 00:00:00;20;1;806;0;;
2029;168942;"ARBRE GUIDES RESSORTS SANS TROU DE GOUPILLE";"338-33-026-1";97;;3;;30,21 €;27;4;0;0,00 €;;"<div>TARTO</div>";0;0;;;;0;0;0;1;10/1/2024 00:00:00;20;1;906;0;;
2030;168943;"GUIDES PVC LAME EXTRUDEUR 33803125";"168943";97;;3;;1,00 €;3;1;0;0,00 €;;"";0;0;;;;0;0;0;;;;;;0;;
2031;168953;"POIGNEE  REF 7118000035";"168953";97;;;;1,00 €;0;1;0;0,00 €;;"";0;0;;;;0;0;0;;;;;;0;;
2032;168987;"ROULEMENT TIMKEN 32306-90KA1";"168987";;;;;1,00 €;3;1;0;0,00 €;;"";0;0;;;;0;0;0;;;10;1;907;0;;
2033;168988;"ROULEMENT SKF BT1B-32970-Q";"168988";31;;13;;1,00 €;2;1;0;0,00 €;;"";0;0;;;;0;0;0;1;5/10/2023 00:00:00;10;2;904;0;;
2034;168989;"SONDE TEMPERATURE JUMO MICROSTAT-M";"168989";;;;;1,00 €;2;1;0;0,00 €;;"";0;0;;;;0;0;0;;;20;4;404;0;;
2035;168990;"CLE SECURITE";"AZ15/16-B2";103;;1;;13,00 €;1;1;0;0,00 €;;"";0;0;;;;0;0;0;1;28/9/2023 00:00:00;21;4;704;0;;
2036;169020;"COLLIER 17X25";"169020";;;;;1,00 €;0;0;0;0,00 €;;"";0;0;;;;0;0;1;;;;;;1;;
2037;169023;"COLLIER 13X20";"169023";;;;;1,00 €;0;0;0;0,00 €;;"";0;0;;;;0;0;1;;;;;;1;;
2038;169024;"COLLIER REF 288-2854";"169024";;;;;1,00 €;0;0;0;0,00 €;;"";0;0;;;;0;0;1;;;;;;1;;
2039;169025;"COLLIER 60X80 W4";"169025";;;;;1,00 €;0;0;0;0,00 €;;"";0;0;;;;0;0;1;;;;;;1;;
2040;169026;"EQUERRE PIQUAGE MALE G3/8 31691017";"169026";;;;;1,00 €;0;0;0;0,00 €;;"";0;0;;;;0;0;0;;;;;;0;;
2041;169027;"EMBOUT MALE G1/4 90873013";"169027";;;;;1,00 €;0;0;0;0,00 €;;"";0;0;;;;0;0;0;;;;;;0;;
2042;169028;"EMBOUT DOUILLE ANNELEE DIAM 9";"169028";;;;;1,00 €;0;0;0;0,00 €;;"";0;0;;;;0;0;0;;;;;;0;;
2043;169029;"EMBOUT DOUILLE ANNELEE DIAM 13";"169029";;;;;1,00 €;0;0;0;0,00 €;;"";0;0;;;;0;0;0;;;;;;0;;
2044;169030;"EMBOUT FEMELLE TOURNANT AVEC COLLERETTE";"169030";;;;;1,00 €;0;0;0;0,00 €;;"";0;0;;;;0;0;0;;;;;;0;;
2045;169031;"EQUERRE EGAL MALE BSP CONIQUE";"169031";;;;;1,00 €;0;0;0;0,00 €;;"";0;0;;;;0;0;1;;;;;;1;;
2046;169032;"COLLIER 14X22";"169032";;;;;1,00 €;0;0;0;0,00 €;;"";0;0;;;;0;0;1;;;;;;1;;
2047;169033;"INTERRUPTEUR DE POSITION 741000318";"ZCM D39";1;;1;;25,00 €;1;1;0;0,00 €;;"";0;0;;;;0;0;0;1;10/3/2026 00:00:00;1;4;205;0;;
2048;169044;"SIAT CONFORMATEUR S320214093Z";"169044";110;;3;;1,00 €;2;1;0;0,00 €;;"";0;0;;;;0;0;0;;;11;1;803;0;;
2049;169071;"JOINT V-RING REF VRING30S";"169071";;;;;1,00 €;12;1;0;0,00 €;;"";0;0;;;;0;0;0;;;11;2;1006;0;;
2050;169072;"TUBE TUYAU ALFAPUR7X10BLEU/25M";"169072";;;;;1,00 €;0;0;0;0,00 €;;"";0;0;;;;0;0;1;;;;;;1;;
2051;169095;"ELECTROVANNE COMPLET ONTLUCHTVENT";"169095";;;;;1,00 €;0;1;0;0,00 €;;"";0;0;;;;0;0;0;;;;;;0;;
2052;169121;"DEGRAISSANT CLEAN FD 59712";"169121";;;;;1,00 €;12;1;0;0,00 €;;"";0;0;;;;0;0;0;;;;;;0;;
2053;169144;"BOUTON MARCHE ARRET REF 2284581";"169144";;;;;1,00 €;0;1;0;0,00 €;;"";0;0;;;;0;0;0;;;11;1;1002;0;;
2054;169145;"EMBASE HARTING METAL REF";"09300160318";;;;;1,00 €;1;1;0;0,00 €;;"";0;0;;;;0;0;0;;;21;3;1006;0;;
2055;169155;"AXE ENTRAINEUR P280A";"AF451812217";10;;3;;50,00 €;3;3;0;0,00 €;;"";0;0;;;;0;0;0;1;27/11/2025 00:00:00;20;4;1001;0;;
2056;169156;"KIT GAINE THERMORETRACTABLES 3948315";"169156";;;;;1,00 €;0;0;0;0,00 €;;"";0;0;;;;0;0;1;;;;;;1;;
2057;169157;"COLLIER PNUPLT2M*CO 203*2,5MM NOIR UV";"169157";;;;;1,00 €;0;1;0;0,00 €;;"";0;0;;;;0;0;0;;;;;;0;;
2058;169158;"COLLIER PNUPLT4S*CO 368*4,8MM NOIR UV";"169158";;;;;1,00 €;0;1;0;0,00 €;;"";0;0;;;;0;0;0;;;;;;0;;
2059;169162;"CELLULE MONTE PATE";"XUK5ARCNL2";91;;8;;50,00 €;1;1;0;0,00 €;;"";0;0;;;;0;0;0;;;1;2;502;0;;
2060;169163;"SERRURE LARDER NF AXE50 REF 2595370";"169163";;;;;1,00 €;0;1;0;0,00 €;;"";0;0;;;;0;0;0;;;;;;0;;
2061;169175;"ROULEMENT 2205 E-2RS1TN9";"169175";;;;;1,00 €;0;0;0;0,00 €;;"";0;0;;;;0;0;0;;;;;;0;;
2062;169201;"MANCHON SILAVIA STG20502510  A3*25";"169201";;;;;1,00 €;80;1;0;0,00 €;;"";0;0;;;;0;0;0;;;20;1;504;0;;
2063;169202;"MANCHON SILAVIA STG20502410 A2*25";"169202";;;;;1,00 €;80;1;0;0,00 €;;"";0;0;;;;0;0;0;;;20;1;505;0;;
2064;169205;"FICHE PLATE MALES 6,3*08 REF KKEB820E";"169205";;;;;1,00 €;0;0;0;0,00 €;;"";0;0;;;;0;0;1;;;;;;1;;
2065;169206;"FICHE PLATE MALES 6,3*08 REF KKEB830E";"169206";;;;;1,00 €;0;0;0;0,00 €;;"";0;0;;;;0;0;1;;;;;;1;;
2066;169207;"COSSES 2,5²*6";"169207";;;;;1,00 €;0;0;0;0,00 €;;"";0;0;;;;0;0;0;;;;;;0;;
2067;169209;"CAPUCHON ROND TRANSPARENT";"ZBP0A";91;;1;;1,00 €;9;1;0;0,00 €;;"";0;0;;;;0;0;0;1;20/3/2024 00:00:00;2;2;103;0;;
2068;169210;"COLLIER 368*3.6 MM REF PNUPLT4I*C0";"169210";;;;;1,00 €;0;1;0;0,00 €;;"";0;0;;;;0;0;0;;;;;;0;;
2069;169211;"CONNECTEUR M12  COUDE 5 BROCHES 5M";"XZCP1241L5 /EVC005";1;;1;;12,52 €;5;1;0;0,00 €;;"";0;0;;;;0;0;0;1;;1;13;201;0;;
2070;169212;"TETE VOYANT LUMINEUX";"ZB4BV033E";;;;;1,00 €;0;1;0;0,00 €;;"";0;0;;;;0;0;0;;;;;;0;;
2071;169214;"TETE VOYANT LUMINEUX";"B4BV043E";;;;;1,00 €;0;0;0;0,00 €;;"";0;0;;;;0;0;1;;;;;;0;;
2072;169219;"CLAVETTE 6X6X70";"169219";;;;;1,00 €;0;0;0;0,00 €;;"";0;0;;;;0;0;0;;;;;;0;;
2073;169220;"ROULEMENT 30306-A";"169220";;;;;1,00 €;0;0;0;0,00 €;;"";0;0;;;;0;0;0;;;;;;0;;
2074;169221;"COURONNE REDUCTEUR VF86 REF KG2801180";"169221";;;;;1,00 €;0;1;0;0,00 €;;"";0;0;;;;0;0;0;;;;;;0;;
2075;169242;"PLAT DE GLISSEMENT 45X30 L=200";"343.06.063";97;;3;;1,00 €;4;1;0;0,00 €;;"<div>TARTO</div>";0;0;;;;0;0;0;1;12/5/2025 00:00:00;;;;0;;
2076;169243;"GUIDE ALU DROIT";"343.06.064";97;;3;;1,00 €;2;1;0;0,00 €;;"<div>TARTO</div>";0;0;;;;0;0;0;1;12/5/2025 00:00:00;;;;0;;
2077;169244;"GUIDE ALU GAUCHE";"343.06.079";97;;3;;1,00 €;2;1;0;0,00 €;;"<div>TARTO</div>";0;0;;;;0;0;0;1;12/5/2025 00:00:00;;;;0;;
2078;169245;"JOINT TABLE TOURNANTE 15X4.5 7117000041";"169245";97;;3;;1,00 €;0;1;0;0,00 €;;"<div>TARTO</div>";0;0;;;;0;0;0;;;;;;0;;
2079;169247;"BLOCAGE ARBRE PORTE VENTOUSE 7150005581";"169247";97;;3;;1,00 €;0;1;0;0,00 €;;"<div>TARTO</div>";0;0;;;;0;0;0;;;;;;0;;
2080;169281;"JOINT DIN DN65 EPDM 962397*65";"169281";;;;;1,00 €;0;1;0;0,00 €;;"";0;0;;;;0;0;0;;;;;;0;;
2081;169285;"TEMPO 12*240V AC/DC MUR3";"88 827 103";30;;16;;1,00 €;1;1;0;0,00 €;;"";0;0;;;;0;0;0;1;29/11/2023 00:00:00;30;3;411;0;;
2082;169287;"EMBASE RELAIS 8 BROCHES POUR RELAIS 46 52";"9702SPA";84;"97.02";16;;5,78 €;4;1;0;0,00 €;;"";0;0;;;;0;0;0;1;29/9/2026 00:00:00;2;5;405;0;;
2083;169296;"SONDE TEMP TMR35 PT100 30MM CC*0029";"169296";;;1;;1,00 €;0;1;0;0,00 €;;"";0;0;;;;0;0;0;;;20;3;602;0;;
2084;169315;"TAPIS BOULEUSE BARETTES AF451236242";"169315";;;;;1,00 €;0;1;0;0,00 €;;"";0;0;;;;0;0;0;;;;;;0;;
2085;169316;"TAPIS BOULEUSE LISSE AF451235010";"169316";;;;;1,00 €;0;1;0;0,00 €;;"";0;0;;;;0;0;0;;;;;;0;;
2086;169319;"POIGNEE PORTE COULISSANTE 8730  115/160mMM";"07206526";10;;30;;189,76 €;1;1;0;0,00 €;;"";0;0;;;;0;0;0;1;31/12/2025 00:00:00;45;;;0;;
2087;169333;"CABLE M8 3*PIN MALE FEMELLE REF 1404722";"169333";;;;;1,00 €;4;1;0;0,00 €;;"";0;0;;;;0;0;0;;;;;;0;;
2088;169335;"RONDELLE FREINAGE REP 6 OU 8";"S3100926ZZZ";110;;3;;4,10 €;3;1;0;0,00 €;;"";0;0;;;;0;0;0;1;18/11/2025 00:00:00;11;1;801;0;;
2089;169336;"RONDELLE S320075693Z";"169336";110;;3;;1,00 €;7;1;0;0,00 €;;"";0;0;;;;0;0;0;1;18/11/2025 00:00:00;11;1;903;0;;
2090;169337;"COURROIE PETRIN";"169337";;;;;1,00 €;0;1;0;0,00 €;;"";0;0;;;;0;0;0;;;;;;0;;
2091;169344;"VENTOUSE 7144000056";"169344";;;;;1,00 €;0;1;0;0,00 €;;"";0;0;;;;0;0;0;;;;;;0;;
2092;169345;"JOINT CLAMP 7120000058";"169345";;;;;1,00 €;0;0;0;0,00 €;;"";0;0;;;;0;0;1;5;;;;;0;;
2093;169346;"JOINT TARTO 7302000038";"169346";;;;;1,00 €;32;1;0;0,00 €;;"";0;0;;;;0;0;0;;;20;1;708;0;;
2094;169358;"JOINT A LEVRE PAULSTRA SL 60x85x8 792561";"169358";;;3;;1,00 €;1;1;0;0,00 €;;"";0;0;;;;0;0;0;;;10;3;810;0;;
2095;169359;"GOUPILLES CONIQUES 6*26";"169359";;;;;1,00 €;29;1;0;0,00 €;;"";0;0;;;;0;0;0;;;20;4;503;0;;
2096;169377;"KNURLED SCREW M4*6 PARTS 451611";"169377";;;;;1,00 €;3;1;0;0,00 €;;"";0;0;;;;0;0;0;;;11;3;705;0;;
2097;169378;"NOZZLE FLAT FILTRE 75 REF 451037";"169378";;;;;1,00 €;1;1;0;0,00 €;;"";0;0;;;;0;0;0;;;11;3;706;0;;
2098;169379;"AIR FILTRE PARTS  REF 451594";"169379";;;;;1,00 €;0;1;0;0,00 €;;"";0;0;;;;0;0;0;;;;;;0;;
2099;169381;"DFRR08 COURROIE RONDE DELFLEX ROUGE DIA8";"169381";;;;;1,00 €;50;1;0;0,00 €;;"";0;0;;;;0;0;0;1;12/1/2024 00:00:00;;;;0;;
2100;169382;"SOUPAPE ECHAPPEMENT RAPIDE G1/4 FEMELLE";"169382";;;;;1,00 €;3;1;0;0,00 €;;"";0;0;;;;0;0;0;;;20;3;1006;0;;
2101;169383;"JOINT OR 16*1,5 70NBR";"169383";;;;;1,00 €;8;1;0;0,00 €;;"";0;0;;;;0;0;0;;;;;;0;;
2102;169390;"disjoncteur 32A 4P courbe D";"169390";;;;;1,00 €;1;1;0;0,00 €;;"";0;0;;;;0;0;0;;;;;;0;;
2103;169393;"BOUTON ARRET URGENCE";" ZB4BS844";91;" ZB4BS844";1;;27,00 €;2;1;0;0,00 €;;"ZB4: bouton seul<br>
XB:bouton + contact";0;0;;;;0;0;0;1;27/8/2026 00:00:00;2;1;403;0;;
2104;169400;"BARETTE DOMINO 16MM 34215";"169400";;;;;1,00 €;19;1;0;0,00 €;;"";0;0;;;;0;0;0;;;21;3;602;0;;
2105;169401;"BOITE DISTRIBUTION BDD 100*100*G 05534";"169401";46;;1;;5,85 €;3;2;0;0,00 €;;"";0;0;;;;0;0;0;1;4/2/2026 00:00:00;21;4;503;0;;
2106;169402;"CAPTEUR 2049114";"169402";;;8;;1,00 €;0;1;0;0,00 €;;"";0;0;;;;0;0;0;;;;;;0;;
2107;169403;"COURROIE Y983160009";"169403";;;;;1,00 €;0;1;0;0,00 €;;"";0;0;;;;0;0;0;;;10;1;1102;0;;
2108;169404;"COURROIE TIMING BELT Y98133160018";"169404";;;;;1,00 €;1;1;0;0,00 €;;"";0;0;;;;0;0;0;;;10;1;1101;0;;
2109;169405;"COURROIE PT8074064";"169405";;;;;1,00 €;0;1;0;0,00 €;;"";0;0;;;;0;0;0;;;;;;0;;
2110;169435;"BARREAU CLAVETTE 4,5 x 4,5";"169435";;;;;1,00 €;0;0;0;0,00 €;;"";0;0;;;;0;0;1;;;;;;1;;
2111;169454;"ROULEMENT INOX  POUR PALIER SERRAGE VIS";"SUC 206";31;;13;;25,00 €;7;2;0;0,00 €;;"";0;0;;;;0;0;0;1;27/7/2026 00:00:00;10;2;206;0;;
2112;169455;"ROULEMENT INOX  POUR PALIER SERRAGE VIS";"SUC 205";31;;13;;25,00 €;26;2;0;0,00 €;;"";0;0;;;;0;0;0;1;23/5/2025 00:00:00;10;2;205;0;;
2113;169547;"RONDELLE PLATE M6 A2 INOX  BOITE*100";"169547";;;;;1,00 €;0;0;0;0,00 €;;"";0;0;;;;0;0;1;;;;;;1;;
2114;169548;"RONDELLE PLATE M10 A2 INOX  BOITE*50";"169548";;;;;1,00 €;0;0;0;0,00 €;;"";0;0;;;;0;0;1;;;;;;1;;
2115;169549;"RONDELLE PLATE M12 A2 INOX  BOITE*50";"169549";;;;;1,00 €;0;0;0;0,00 €;;"";0;0;;;;0;0;1;;;;;;1;;
2116;169550;"RONDELLE LARGE M6 A2 INOX  BOITE*100";"169550";;;;;1,00 €;0;0;0;0,00 €;;"";0;0;;;;0;0;1;;;;;;1;;
2117;169551;"RONDELLE LARGE M8 A2 INOX  BOITE*100";"169551";;;;;1,00 €;0;0;0;0,00 €;;"";0;0;;;;0;0;1;;;;;;1;;
2118;169552;"ECROU M6 A2 INOX  BOITE*100";"169552";;;;;1,00 €;0;0;0;0,00 €;;"";0;0;;;;0;0;1;;;;;;1;;
2119;169553;"ECROU M8 A2 INOX  BOITE*100";"169553";;;;;1,00 €;0;0;0;0,00 €;;"";0;0;;;;0;0;1;;;;;;1;;
2120;169554;"ECROU FREIN M4 A2 INOX  BOITE*100";"169554";;;;;1,00 €;0;0;0;0,00 €;;"";0;0;;;;0;0;1;;;;;;1;;
2121;169555;"ECROU FREIN M5 A2 INOX  BOITE*100";"169555";;;;;1,00 €;0;0;0;0,00 €;;"";0;0;;;;0;0;1;;;;;;1;;
2122;169556;"ECROU FREIN M6 A2 INOX  BOITE*100";"169556";;;;;1,00 €;0;0;0;0,00 €;;"";0;0;;;;0;0;1;;;;;;1;;
2123;169557;"ECROU FREIN M8 A2 INOX  BOITE*50";"169557";;;;;1,00 €;0;0;0;0,00 €;;"";0;0;;;;0;0;1;;;;;;1;;
2124;169559;"VIS TH M4*20 INOX A2 BOITE DE 100";"169559";;;;;1,00 €;0;0;0;0,00 €;;"";0;0;;;;0;0;1;;;;;;1;;
2125;169560;"VIS TH M6*25 INOX A2 BOITE DE 100";"169560";;;;;1,00 €;0;0;0;0,00 €;;"";0;0;;;;0;0;1;;;;;;1;;
2126;169561;"VIS TH M10*25 INOX A2 BOITE DE 50";"169561";;;;;1,00 €;0;0;0;0,00 €;;"";0;0;;;;0;0;1;;;;;;1;;
2127;169562;"VIS TH M12*30 INOX A2 BOITE DE 25";"169562";;;;;1,00 €;0;0;0;0,00 €;;"";0;0;;;;0;0;1;;;;;;1;;
2128;169563;"VIS CHC M4*20 INOX A2 BOITE DE 100";"169563";;;;;1,00 €;0;0;0;0,00 €;;"";0;0;;;;0;0;1;;;;;;1;;
2129;169565;"VIS CHC M6*30 INOX A2 BOITE DE 100";"169565";;;;;1,00 €;0;0;0;0,00 €;;"";0;0;;;;0;0;1;;;;;;1;;
2130;169566;"VIS CHC M10*25 INOX A2 BOITE DE 50";"169566";;;;;1,00 €;0;0;0;0,00 €;;"";0;0;;;;0;0;1;;;;;;1;;
2131;169567;"VIS CHC M12*30 INOX A2 BOITE DE 25";"169567";;;;;1,00 €;0;0;0;0,00 €;;"";0;0;;;;0;0;1;;;;;;1;;
2132;169568;"VIS FHC M6*30 INOX A2 BOITE DE 50";"169568";;;;;1,00 €;0;0;0;0,00 €;;"";0;0;;;;0;0;1;;;;;;1;;
2133;169569;"VIS FHC M8*16 INOX A2 BOITE DE 50";"169569";;;;;1,00 €;0;0;0;0,00 €;;"";0;0;;;;0;0;1;;;;;;1;;
2134;170000;"GRAISSE CFA SYNTHESE BARDAHL NSF 0,4KG";"170000";114;;9;;1,00 €;0;0;0;0,00 €;;"";0;0;;;;0;0;1;;;;;;1;;
2135;170001;"HUILE TITAN H46 FUCHS 5L";"170001";;;9;;1,00 €;0;0;0;0,00 €;;"";0;0;;;;0;0;0;;;;;;0;;
2136;170002;"HUILE SULLUBE COMPRESSEUR SULLAIR 5L";"170002";10;;9;;1,00 €;0;0;0;0,00 €;;"";0;0;;;;0;0;0;;;;;;0;;
2137;170003;"GRAISSE PHT CFA NSF BARDAHL POT 0,5KG";"170003";114;;9;;1,00 €;0;0;0;0,00 €;;"";0;0;;;;0;0;1;;;;;;1;;
2138;170004;"HUILE BSE32 BITZER 10L";"170004";;;9;;1,00 €;0;0;0;0,00 €;;"";0;0;;;;0;0;0;;;;;;0;;
2139;170005;"DEGRIPPANT LUB CFA NFS BARDAHL 0,4L";"170005";114;;9;;1,00 €;8;1;0;0,00 €;;"";0;0;;;;0;0;1;1;12/1/2024 00:00:00;;;;1;;
2140;170006;"LUBRIFIANT PTFE NFS BARDAHL 0,5L";"170006";114;;9;;1,00 €;11;1;0;0,00 €;;"";0;0;;;;0;0;1;1;12/1/2024 00:00:00;;;;1;;
2141;170007;"DEGRAISSANT ATELIER BOMBE 0,5L";" 1402";114;" 1402";9;;24,96 €;10;1;0;0,00 €;;"";0;0;;;;0;0;0;1;;;;;0;;
2142;170008;"HUILE DE COUPE AEROSOL GISS 0,5L";"170008";;;;;1,00 €;2;1;0;0,00 €;;"";0;0;;;;0;0;0;;;;;;0;;
2143;170216;"CELLULE INDUCTIVE  M12 CONNECTEUR M12";"XS512B1PAM12";1;"XS512B1PAM12";8;;60,00 €;1;1;0;0,00 €;;"MECANICAIR";0;0;;;;0;0;0;;;1;1;103;0;;
2144;170285;"ROULEMENT DE PALIER GYE20KRRBVA INOX";"170285";;;;;1,00 €;5;1;0;0,00 €;;"";0;0;;;;0;0;0;1;;10;2;601;0;;
2145;170587;"BOBINE VA2-3 K/B POUR VANNE VAS240R/NK";"170587";;;;;1,00 €;1;1;0;0,00 €;;"";0;0;;;;0;0;0;;;40;3;303;0;;
2146;170588;"VANNE BY PASS 8ILK6L-LBD";"170588";;;;;1,00 €;0;1;0;0,00 €;;"";0;0;;;;0;0;0;;;40;3;301;0;;
2147;170651;"CABLE FESTO NEBV-Z4WA2L-R-E-5-N-LE2-S1";"8047680";4;"8047680";1;;20,00 €;4;1;0;0,00 €;;"";0;0;;;;0;0;0;1;1/10/2025 00:00:00;3;9;202;0;;
2148;170755;"REGULATEUR TEMPERATURE 24VAC/DC K48LCRR / ATR227-";"CU1/00507 PRENDRE 174802";10;"ATR227";;;300,00 €;2;1;0;0,00 €;;"<div><font color=red><strong>PRENDRE 174802</strong></font> MARQUE &nbsp;PIXSYS</div>";0;0;;;;0;0;0;1;16/9/2026 00:00:00;20;4;505;0;;
2149;170897;"COURROIE CRANTEE 474-9456";"170897";;;;;1,00 €;2;1;0;0,00 €;;"";0;0;;;;0;0;0;;;11;1;1104;0;;
2150;170916;"CELLULE PHOTOELECTRIQUE M12 PNP";"WTB4S 3P2462V";40;"WTB4S 3P2462V";8;;200,00 €;0;0;0;0,00 €;;"<div>PLUS UTILISEE</div>";0;0;;;;0;0;0;10;;21;1;703;0;;
2151;171026;"DISTRIBUTEUR BISTABLE 5/2 SERIE 740 CP";"5727925280";90;;17;;50,00 €;1;1;0;0,00 €;;"";0;0;;;;0;0;0;;;3;4;301;0;;
2152;171084;"BOBINE REF B0-0050 POUR VANNE CKO/NCDN10";"980940M";115;"7552";1;;77,00 €;3;1;0;0,00 €;;"BRULEUR IR";0;0;;;;0;0;0;1;3/10/2022 00:00:00;20;3;502;0;;
2153;171086;"CONNECTEUR DE BOBINE CN-2130";"171086";;;;;1,00 €;7;1;0;0,00 €;;"";0;0;;;;0;0;0;1;12/1/2024 00:00:00;20;3;503;0;;
2154;171241;"BLOC CONTACT NC";"3SU1400-1AA10-1CA0";83;;1;;1,00 €;9;1;0;0,00 €;;"";0;0;;;;0;0;0;;;2;3;102;0;;
2155;171242;"BLOC CONTACT NC";"3SU1400-2AA10-1CA0";83;"3SU1400-2AA10-1CA0";1;;1,00 €;11;1;0;0,00 €;;"";0;0;;;;0;0;0;1;29/9/2023 00:00:00;2;3;101;0;;
2156;171246;"BORNIER PORTE FUSIBLE 5x20 LEG037181";"687-920";;;;;1,00 €;0;1;0;0,00 €;;"";0;0;;;;0;0;0;;;;;;0;;
2157;171248;"EMBASE RELAIS 8 BROCHES POUR RELAIS 40/41/43";"95.95.3 / 182-9948";84;"95.95.3";16;;5,00 €;3;1;0;0,00 €;;"FOUR MIWE";0;0;;;;0;0;0;1;;30;3;409;0;;
2158;171251;"JOINT SMS EN L EPDM DN38";"961115-38";88;"961115-38";3;;1,00 €;9;2;0;0,00 €;;"";0;0;;;;0;0;0;1;;10;3;707;0;;
2159;171252;"JOINT SMS CARRE EPDM DN25";"961391-25";88;"961391-25";4;;0,51 €;5;3;0;0,00 €;;"";0;0;;;;0;0;0;1;19/10/2022 00:00:00;10;3;705;0;;
2160;171253;"JOINT SMS CARRE EPDM DN51";"961391-51";88;"961391-51";4;;0,75 €;6;2;0;0,00 €;;"";0;0;;;;0;0;0;;;10;3;708;0;;
2161;171254;"JOINT DIN EPDM DN25 962397-25";"171254";;;;;1,00 €;1;1;0;0,00 €;;"";0;0;;;;0;0;0;;;10;3;702;0;;
2162;171255;"JOINT DIN EPDM DN40 962397-40";"171255";;;;;1,00 €;5;1;0;0,00 €;;"";0;0;;;;0;0;0;;;10;3;703;0;;
2163;171256;"JOINT CLAMP PTFE SMS DN63";"963424-63";88;;4;;1,00 €;9;1;0;0,00 €;;"";0;0;;;;0;0;0;;;10;3;1006;0;;
2164;171257;"JOINT CLAMP PTFE SMS  DN51";"963424-51";88;;4;;1,00 €;6;1;0;0,00 €;;"";0;0;;;;0;0;0;1;26/8/2026 00:00:00;10;3;906;0;;
2165;171481;"COURROIE CYLINDRIQUE DE TRACTION RLC1021";"171481";;;;;1,00 €;0;1;0;0,00 €;;"";0;0;;;;0;0;0;;;11;1;1006;0;;
2166;171482;"ROULEAU GOMME TRACTION RLC1015";"171482";;;;;1,00 €;0;1;0;0,00 €;;"";0;0;;;;0;0;0;;;11;1;1004;0;;
2167;171490;"JOINT PETIT CAROTTE QR 54x6 FPM 85 FDA";"QR 54x6 FPM 85 FDA";10;;3;;101,00 €;8;2;0;0,00 €;;"FILLPACK 1 CERTIFICAT ALIMENTARITE";0;0;;;;0;0;0;1;4/2/2026 00:00:00;20;2;504;0;;
2168;171491;"JOINT GRAND CAROTTE QR 103x6 FPM 85 FDA";"QR 103x6 FPM 85 FDA";;;3;;191,00 €;8;2;0;0,00 €;;"FILLPACK 1 DEMANDE R CERTIFICAT ALIMENTAIRE";0;0;;;;0;0;0;1;4/2/2026 00:00:00;20;2;505;0;;
2169;171492;"JOINT PISTON FILLPACK R26 35.6X3.6 FPM80";"R26 35.6X3.6 FPM80";164;;3;;9,23 €;10;2;0;0,00 €;;"fillpack 1 CERTIFICAT ALIMENTAIRE";0;0;;;;0;0;0;1;14/5/2025 00:00:00;20;2;502;0;;
2170;171493;"JOINT STOP GOUTTE FILLPACK JR13 EPDM";"171493";;;;;1,00 €;20;1;0;0,00 €;;"";0;0;;;;0;0;0;;;20;2;501;0;;
2171;171494;"VERIN AVENTICS  D25 C50";"1322505000";90;;2;;57,04 €;4;4;0;0,00 €;;"fillpack 4T";0;0;;;;0;0;0;1;29/7/2026 00:00:00;3;1;401;0;;
2172;171819;"BOITIER D'ALLUMAGE  BDC0579101 PA1038293";"579 DBC";185;;1;;139,75 €;2;1;0;0,00 €;;"<div>FOUR DENBOER</div>";0;0;;;;0;0;0;1;13/10/2025 00:00:00;40;3;305;0;;
2173;171820;"VALVES GAZ 848 SIGMA PA1003642 DEN BOER";"171820";185;;1;;161,00 €;2;1;0;0,00 €;;"";0;0;;;;0;0;0;1;13/10/2025 00:00:00;40;3;302;0;;
2174;171821;"VALVE MOTEUR LM24AX SR-FT PA1020229";"171821";;;;;200,00 €;2;1;0;0,00 €;;"<div>FOUR DENBOER</div>";0;0;;;;0;0;0;1;;40;3;306;0;;
2175;171822;"ADAPTATEUR Z-GMA";"171822";;;;;1,00 €;2;1;0;0,00 €;;"";0;0;;;;0;0;0;;;40;3;302;0;;
2176;171823;"VALVE GAZ VGP 20R01W6 PA1001299";"171823";;;;;1,00 €;2;1;0;0,00 €;;"";0;0;;;;0;0;0;;;40;3;304;0;;
2177;171824;"CONNECTEUR DE BOUGIE PA1003643";"171824";185;;1;;12,60 €;8;1;0;0,00 €;;"<div>Four denboer</div>";0;0;;;;0;0;0;1;13/10/2025 00:00:00;40;3;301;0;;
2178;171825;"THERMOSTAT MAX ATHF-70U PA1001479";"171825";;;;;1,00 €;1;1;0;0,00 €;;"";0;0;;;;0;0;0;;;40;3;304;0;;
2179;172151;"GARNITURE BLEU BATTEUR TONELLI PX14-00051";"172151";10;;3;;319,13 €;1;1;0;0,00 €;;"<div>BATTEUR</div>";0;0;;;;0;0;0;1;25/6/2025 00:00:00;20;4;600;0;;
2180;172183;"CONTROLEUR BRULEUR";"CF4Q*P006";115;"CF4Q*P006";1;;120,00 €;2;1;0;0,00 €;;"Eratec bruleur infrarouge";0;0;;;;0;0;0;1;3/5/2024 00:00:00;20;3;403;0;;
2181;172200;"TURBINE MORO MHR452SV RD0";"172200";;;;;1,00 €;0;1;0;0,00 €;;"";0;0;;;;0;0;0;;;;;;0;;
2182;172218;"ACTIONNEUR ER60*93A*S00*H*230 60NM IP65";"172218";10;;1;;1,00 €;2;1;0;0,00 €;;"dans salle des machines";0;0;;;;0;0;0;1;;50;;;0;;
2184;172281;"CONNECTEUR ELECTROVANNE 220V REF 1527935";"172281";;;1;;1,00 €;2;1;0;0,00 €;;"";0;0;;;;0;0;0;;;20;2;704;0;;
2185;172283;"CAPTEUR LIQUIDE GEM SENSORS 166701";"172283";;;8;;1,00 €;1;1;0;0,00 €;;"";0;0;;;;0;0;0;;;11;3;405;0;;
2186;172424;"FUSIBLE 5X20 TI 3.15A";"172424";;;1;;1,00 €;20;1;0;0,00 €;;"";0;0;;;;0;0;1;;;;;;1;;
2187;172425;"FUSIBLE TEMPORISE 5X20 4A";"172425";;;;;1,00 €;20;1;0;0,00 €;;"";0;0;;;;0;0;1;;;;;;1;;
2188;172539;"JOINT A LEVRE 10*26*7";"172539";;;12;;5,00 €;18;1;0;0,00 €;;"";0;0;;;;0;0;0;1;12/1/2024 00:00:00;10;3;801;0;;
2189;172540;"BAGUE ETANCHEITE 10*18*6";"BAFUD 10*18*6";10;;12;;1,00 €;10;1;0;0,00 €;;"";0;0;;;;0;0;0;1;27/11/2024 00:00:00;10;13;507;0;;
2190;172615;"THERMOPLONGEUR 4000W LG440MM ALIMAT";"CU3/00555";98;"CU3/00551";1;;380,00 €;1;1;0;0,00 €;;"pasto 1/ 2 / 3";0;0;;;;0;0;0;1;16/7/2026 00:00:00;20;4;201;0;;
2191;172616;"THERMOSTAT SECURITE CHAUFFAGE CU1/00451";"602021/0005-064-000-25-1000-40-10-00-00-000-00-6";98;;1;;288,00 €;1;1;0;0,00 €;;"";0;0;;;;0;0;0;1;17/9/2026 00:00:00;20;4;506;0;;
2192;172617;"RESSORT DE RAPPEL COUPE K11  S370022794Z";"172617";110;;2;;1,00 €;5;1;0;0,00 €;;"";0;0;;;;0;0;0;1;;11;1;801;0;;
2193;172620;"JOINT A LEVRE  DL BAU3SLX2";"25X52X7";;;3;;1,00 €;6;1;0;0,00 €;;"";0;0;;;;0;0;0;1;28/3/2023 00:00:00;10;3;806;0;;
2194;172621;"JOINT CLAMP PTFE DN28";"963424-28";88;;4;;1,00 €;3;1;0;0,00 €;;"";0;0;;;;0;0;0;;;10;3;902;0;;
2195;172622;"JOINT CLAMP EPDM DIN DN25";"963422-28";88;;4;;1,00 €;17;4;0;0,00 €;;"";0;0;;;;0;0;0;1;27/8/2026 00:00:00;10;3;903;0;;
2196;172623;"JOINT A LEVRE  28X42X8 BA";"172623";;;3;;1,00 €;1;1;0;0,00 €;;"";0;0;;;;0;0;0;;;10;3;807;0;;
2197;172624;"JOINT A LEVRE SL 25X62X6 WA 508472";"172624";;;3;;1,00 €;4;1;0;0,00 €;;"";0;0;;;;0;0;0;;;10;3;806;0;;
2198;172627;"JOINT TORIQUE MELER vert 12x1.5";"172627";;;2;;1,00 €;1;1;0;0,00 €;;"COLLE";0;0;;;;0;0;0;;;11;3;1007;0;;
2199;172628;"COURROIE PLATE TC-20EF 30mm x 3040mm";"172628";;;;;1,00 €;1;1;0;0,00 €;;"";0;0;;;;0;0;0;;;11;3;805;0;;
2200;172629;".";"172629";;;;;1,00 €;0;0;0;0,00 €;;"";0;0;;;;0;0;1;;;;;;1;;
2201;172630;"TAQUET MAILLON CHAIN DR RF08B 3400026580";"172630";;;;;170,00 €;5;1;0;0,00 €;;"";0;0;;;;0;0;0;;;11;3;807;0;;
2202;172631;"TAQUET MAILLON CHAIN GA RF08B 3400026580";"172631";;;;;1,00 €;3;1;0;0,00 €;;"";0;0;;;;0;0;0;;;11;3;806;0;;
2203;172632;"PISTON VERIN SANS TIGE 116330";"172632";;;;;1,00 €;0;0;0;0,00 €;;"";0;0;;;;0;0;1;;;65;3;1102;0;;
2204;172636;"JOINT A LEVRE DL 30X40X5 CC NBR";"172636";;;3;;1,00 €;1;1;0;0,00 €;;"";0;0;;;;0;0;0;;;;;;0;;
2205;172637;"JOINT A LEVRE BA FG 30X60X10";"172637";;;3;;1,00 €;1;1;0;0,00 €;;"";0;0;;;;0;0;0;;;;;;0;;
2206;172638;"JOINT CLAMP ISO EPDM DN 20 D EXT 50,5 INT 23,7";"963422-20";88;;4;;14,20 €;10;2;0;0,00 €;;"<div>SI JACQUETTE -&gt; &nbsp;DIN</div>";0;0;;;;0;0;0;1;24/9/2026 00:00:00;10;3;901;0;;
2207;172639;"JOINT SMS CARRE SMS PTFE DN25";"961393-25";88;"961393-25";4;;1,00 €;1;1;0;0,00 €;;"";0;0;;;;0;0;0;;;10;3;706;0;;
2208;172640;"JOINT CLAMP EPDM DN104";"963422-104";88;;4;;10,00 €;6;1;0;0,00 €;;"";0;0;;;;0;0;1;1;;10;3;1005;0;;
2209;172642;"JOINT SEM TORIQUE PTFE 40X30X5 962396-25";"172642";;;;;1,00 €;4;1;0;0,00 €;;"";0;0;;;;0;0;0;;;10;3;702;0;;
2210;172643;"JOINT SEM TORIQUE PTFE 52X42X5 962396-40";"172643";;;;;1,00 €;9;1;0;0,00 €;;"";0;0;;;;0;0;0;;;10;3;701;0;;
2211;172650;"JOINT SMS EN L PTFE DN76";"961387-76";88;"961387-76";4;;1,00 €;4;1;0;0,00 €;;"";0;0;;;;0;0;0;;;10;3;301;0;;
2212;172651;"JOINT SEM TORIQUE EPDM 80X70X5 962397-65";"172651";;;;;1,00 €;0;1;0;0,00 €;;"";0;0;;;;0;0;0;;;10;3;704;0;;
2213;172652;"GARNITURE PTFE LATTYFLON 2790 8X8";"172652";112;;3;;1,00 €;10;2;0;0,00 €;"AVEC JOINT";"SILO SUCRE";0;0;;;;0;0;0;2;;11;3;402;0;;
2214;172654;"COURROIE CRANTEE 1270 5M HTD LARG15";"172654";;;;;1,00 €;0;1;0;0,00 €;;"";0;0;;;;0;0;0;;;;;;0;;
2215;172655;"ROULEMENT 1204 ETN9";"172655";;;;;1,00 €;5;1;0;0,00 €;;"";0;0;;;;0;0;0;;;10;1;805;0;;
2216;172656;"COUVERCLE PALIER KASK06-S-G-HLA";"172656";;;;;1,00 €;0;1;0;0,00 €;;"";0;0;;;;0;0;0;;;10;2;502;0;;
2217;172660;"ROULEMENT 9,525*22,225*7,142";"R6 ZZ HLC";31;;13;;10,00 €;12;2;0;0,00 €;;"";0;0;;;;0;0;0;1;17/10/2025 00:00:00;10;1;1006;0;;
2218;172661;"COURROIE CRANTEE LONG 600  LARG 15";"600 5M HTD LARG 15";;"HTD 600 5M";3;;1,00 €;2;1;0;0,00 €;;"convoyeur Octa";0;0;;;;0;0;0;1;;11;3;503;0;;
2219;172662;"COURROIE CRANTEE LONG 500 LARG15";"HTD 500-5M";;;3;;20,00 €;8;1;0;0,00 €;;"<div>CONVOYEUR OCTA</div>";0;0;;;;0;0;0;1;24/7/2024 00:00:00;11;3;502;0;;
2220;172663;"POTENTIOMETRE 4,7KOHM";"3SU1250-2PR10-1A00";83;"3SU1250-2PR10-1A00";1;;20,00 €;3;1;0;0,00 €;;"";0;0;;;;0;0;0;1;;11;3;501;0;;
2221;172683;"VERIN DOUBLE EFFET DSNU 25*350*PPV*A";"14322";4;;2;;81,88 €;0;1;0;0,00 €;;"TARTO";0;0;;;;0;0;0;4;28/4/2025 00:00:00;3;1;501;0;;
2222;172713;"RONDELLE PLATE M3 A2 INOX  BOITE*200";"172713";;;;;1,00 €;0;0;0;0,00 €;;"";0;0;;;;0;0;1;;;;;;1;;
2223;172714;"RONDELLE PLATE M4 A2 INOX  BOITE*100";"172714";;;;;1,00 €;0;0;0;0,00 €;;"";0;0;;;;0;0;1;;;;;;1;;
2224;172715;"RONDELLE PLATE M5 A2 INOX  BOITE*100";"172715";;;;;1,00 €;0;0;0;0,00 €;;"";0;0;;;;0;0;1;;;;;;1;;
2225;172892;"PLATEN SATO M8490SE REF PR0730100";"172892";194;;;;1,00 €;2;1;0;0,00 €;;"";0;0;;;;0;0;0;1;9/1/2024 00:00:00;;;;0;;
2226;173167;"GRAISSE ALIMENTAIRE ALIMALU FS 1830 400G";"173167";;;;;1,00 €;24;1;0;0,00 €;;"";0;0;;;;0;0;0;;;;;;0;;
2227;173168;"GRAISSE ALIMENTAIRE CFA 3H 1990 400GR";"173168";114;;9;;1,00 €;15;1;0;0,00 €;;"";0;0;;;;0;0;0;;;;;;0;;
2228;173205;"ACTIONNEUR";"AZ15/16*B2*1747";103;;1;;25,00 €;2;1;0;0,00 €;;"";0;0;;;;0;0;0;;;30;3;409;0;;
2229;173447;"BANDE TRANSPORTEUSE 175X1370 TARTOMATIC";"173447";;;;;103,49 €;0;1;0;0,00 €;;"";0;0;;;;0;0;0;;;;;;0;;
2230;173512;"MOTEUR SIEMENS 1LE1502 1CB63 11KW 132L";"173512";;;10;;1,00 €;0;1;0;0,00 €;;"<div>Surgélateur Vent. batterie </div>";0;0;;;;0;0;0;;;;;;0;;
2231;173513;"MOTEUR BMH0701P21A2A 70MM IEC 1,4NM";"173513";;;10;;1,00 €;0;1;0;0,00 €;;"<div>Table linéaire Mecanic air</div>";0;0;;;;0;0;0;;;;;;0;;
2232;173578;"ROUE MOTRICE 07.20.6521 PORTE CF PF";"173578";;;;;1,00 €;0;1;0;0,00 €;;"";0;0;;;;0;0;0;;;;;;0;;
2233;173579;"PALIER BLANC 3 FIXATIONS FERME D25";"677832N UCFB205C";31;;3;;48,61 €;2;1;0;0,00 €;;"656542N = NOIR<br>
677832N = BLANC";0;0;;;;0;0;0;1;27/7/2026 00:00:00;10;2;405;0;;
2234;173580;"PALIER BLANC 3 FIXATIONS DEBOUCHANT D25";"677862N UCFB205C";;;;;25,00 €;0;1;0;0,00 €;;"<div>656542N = NOIR</div>

<div>677832N = BLANC</div>";0;0;;;;0;0;0;1;24/7/2024 00:00:00;10;2;404;0;;
2235;173581;"COURROIE POWERGRIP HTD A8-1400-14M40";"173581";;;;;1,00 €;2;1;0;0,00 €;;"";0;0;;;;0;0;0;1;29/12/2023 00:00:00;12;1;101;0;;
2236;173582;"COURROIE POWERGRIP HTD A8-1890-14M40";"173582";;;;;1,00 €;2;1;0;0,00 €;;"";0;0;;;;0;0;0;1;29/12/2023 00:00:00;12;1;101;0;;
2237;173586;"SECTIONNEUR PNEUMATIQUE MS4-EM1-1/4-S-WB";"541266";4;"541266";17;;44,45 €;1;1;0;0,00 €;;"";0;0;;;;0;0;0;1;26/9/2025 00:00:00;3;8;504;0;;
2238;173587;"VERIN DNC 80 100 PPVA 163437 FESTO";"173587";;;;;1,00 €;1;1;0;0,00 €;;"";0;0;;;;0;0;0;;;20;2;103;0;;
2239;173588;"DISTRIBUTEUR VSVA BM52AZDA21T1L 539184";"173588";4;;17;;50,00 €;1;1;0;0,00 €;;"";0;0;;;;0;0;0;;;3;6;202;0;;
2240;173589;"DISTRIBUTEUR VSVA BM52MZA21T1L 8033489";"173589";4;;17;;50,00 €;1;1;0;0,00 €;;"";0;0;;;;0;0;0;;;3;6;203;0;;
2241;173590;"PIECES D'USURE POUR DFM 40";"8047218";4;"8047218";2;;89,56 €;1;1;0;0,00 €;;"";0;0;;;;0;0;0;1;15/4/2026 00:00:00;20;1;207;0;;
2242;173591;"DISTRIBUTEUR CPE18 M1H5L1/4 BISTABLE";" 163142";4;;17;;136,00 €;1;1;0;0,00 €;;"<div>TARTO</div>";0;0;;;;0;0;0;1;2/9/2026 00:00:00;3;6;101;0;;
2243;173592;"SOUPAPE ECHAPP. RAP. SE 1/4 B FESTO9686";"173592";;;;;1,00 €;2;1;0;0,00 €;;"";0;0;;;;0;0;0;;;20;1;305;0;;
2244;173593;"LIMITEUR ECHAPPEMENT GRE 1/4";"10352 OU 10352";4;;2;;12,00 €;1;1;0;0,00 €;;"ou GRE 1/4 NPT";0;0;;;;0;0;0;;;20;1;202;0;;
2245;173595;"GARNITURE MECANIQUE EH-N.35CSV TYPE HN";"173595";119;;3;;92,00 €;1;1;0;0,00 €;;"foisonneur";0;0;;;;0;0;0;1;22/5/2026 00:00:00;20;3;704;0;;
2246;173611;"BAGUE RING 1035 NM031";"HA-3102";119;"HA-3102";3;;33,11 €;2;1;0;0,00 €;;"FOISONNEUR";0;0;;;;0;0;0;1;18/3/2026 00:00:00;20;3;706;0;;
2247;173612;"GOUPILLE PIN 1030 NM031 HA-3101";"173612";119;"HA-3101";3;;50,00 €;2;1;0;0,00 €;;"FOISONNEUR";0;0;;;;0;0;0;1;18/3/2026 00:00:00;20;3;702;0;;
2248;173613;"JOINT O-RING FPM 8015 NM031";"HA-3196";119;"HA-3196";3;;1,00 €;4;1;0;0,00 €;;"FOISONNEUR";0;0;;;;0;0;0;1;27/7/2026 00:00:00;20;3;703;0;;
2249;173614;"JOINT O-RING 8060 NM031 NBR";"HA-3195";119;"HA-3195";3;;1,71 €;4;1;0;0,00 €;;"FOISONNEUR";0;0;;;;0;0;0;;;20;3;703;0;;
2250;173615;"GOUPILLE 5075 POUR POMPE NM031";"HA-3180";119;"HA-3180";3;;16,46 €;2;1;0;0,00 €;;"FOISONNEUR";0;0;;;;0;0;0;;;20;3;702;0;;
2251;173616;"MANCHETTE SM8235 POMPE NM031";"HA-2060";119;"HA-2060";3;;123,98 €;2;1;0;0,00 €;;"FOISONNEUR";0;0;;;;0;0;0;;;20;3;705;0;;
2252;173617;"JOINT TORIQUE N°235 NBR 78.97X3.5 EA-0188";"173617";;;12;;1,00 €;3;1;0;0,00 €;;"";0;0;;;;0;0;0;1;4/1/2024 00:00:00;20;3;802;0;;
2253;173951;"JOINT ROBINET REF 2565 PASTO MAINCO";"2565";109;"2565";3;;70,89 €;0;1;0;0,00 €;;"";0;0;;;;0;0;0;4;;20;4;804;0;;
2254;173952;"SIEGE 28*40*8 INT INOX PC110 REF 1170";"173952";;;;;0,00 €;0;0;0;0,00 €;;"<div>ne pas utiliser voir 178167</div>";0;0;;;;0;0;0;;;;;;0;;
2255;173953;"MANCHON BRONZE POUR AXE PC110 REF 2958";"173953";;;;;25,00 €;0;1;0;0,00 €;;"";0;0;;;;0;0;0;5;;;;;0;;
2256;173971;"VERIN HYDRAULIQUE 7302005003 TARTOMATIC";"173971";10;;4;;595,00 €;1;1;0;0,00 €;;"";0;0;;;;0;0;0;1;24/7/2026 00:00:00;20;1;101;0;;
2257;174310;"MOTEUR 4/2P100 2/2 4KW 28x60 AUTOCUISEUR";"174310";;;10;;1,00 €;0;1;0;0,00 €;;"<div>Autocuiseur alimat</div>";0;0;;;;0;0;0;;;;;;0;;
2258;174311;"MOTEUR 4P90 1.5KW B5F165 24x50 PETRIN";"174311";61;;10;;300,00 €;1;1;0;0,00 €;;"<div>petrin</div>";0;0;;;;0;0;0;1;24/1/2024 00:00:00;45;;;0;;
2259;174312;"REDUCTEUR  PETRIN";"W86U30D35P90B14";10;"W86U30D35P90B14";3;;422,61 €;2;1;0;0,00 €;;"PETRIN";1;0;;;;0;0;0;1;21/11/2025 00:00:00;45;;;0;;
2260;174328;"VENTURI";" LEM60X25SVAC15PG1";86;" LEM60X25SVAC15PG1";2;;579,00 €;1;1;0;0,00 €;;"TARTO ETUYEUSE";1;0;;;;0;0;0;1;1/6/2026 00:00:00;11;2;601;0;;
2261;174592;"VERIN STOP GOUTTE FILLPACK  D25 C12";"1322501000";90;;2;;48,62 €;4;4;0;0,00 €;;"<div>fillpack 1</div>";0;0;;;;0;0;0;1;30/7/2026 00:00:00;3;1;402;0;;
2262;174597;"POMPE FLOJET 5000 3/8""-3/8"" PP/SANTO";"T511-14";10;;4;;115,14 €;1;1;0;0,00 €;;"<div>pompe nappeuse</div>";0;0;;;;0;0;0;1;9/2/2024 00:00:00;11;2;802;0;;
2264;174630;"KIT ENTRETIEN TRIEUSE PONDERALE 24262614";"174630";159;;3;;1350,00 €;1;0;0;0,00 €;;"2 ROULEAUX EQUILIBRE + 3 TAPIS";0;0;;;;0;0;1;1;20/9/2024 00:00:00;65;3;1101;0;;
2265;174631;"MOTEUR TRIEUSE PONDERALE EGK48-60NV IP65";"174631";;;10;;1,00 €;1;0;0;0,00 €;;"<div>Tapis triseuse pondérale</div>";0;0;;;;0;0;1;;;65;3;1101;0;;
2266;174632;"TAPIS RAYON X  430*4400MM METLER TOLEDO";"F-5EQWT 440MM";;;;;335,00 €;1;0;0;0,00 €;;"marque Habasit";0;0;;;;0;0;1;;;65;2;401;0;;
2267;174633;"DISTRIBUTEUR 5/2 POMPE TRANSFERT ALIMAT";"L22PB4520 047N00";90;"NUMATICS";2;;113,44 €;2;1;0;0,00 €;"POMPE TRANSFERT";"POMPE TRANSFERT";0;0;;;;0;0;0;1;;20;2;804;0;;
2268;174801;"VERIN ROTATIF D63 POUR CAROTTE FILLPACK";"174801";;;;;1,00 €;0;1;0;0,00 €;;"";0;0;;;;0;0;0;;;;;;0;;
2269;174802;"REGULATEUR TEMPERATURE  24V AC/DC GEFRAN";"400-RR-9";38;;1;;283,00 €;1;1;0;0,00 €;;"";0;0;;;;0;0;0;1;5/8/2025 00:00:00;20;1;302;0;;
2270;174894;"DISTRIBUTEUR 5/2 SERIE AV5";"R422103012";151;;17;;50,00 €;1;1;0;0,00 €;;"";0;0;;;;0;0;0;1;29/12/2025 00:00:00;3;4;201;0;;
2271;175079;"COUTEAU 380490024 SCOTCHEUSE ROBOPAC";"175079";;;;;1,00 €;0;0;0;0,00 €;;"";0;0;;;;0;0;1;;;11;1;705;0;;
2272;175081;"BROSSE 580900024 SCOTCHEUSE ROBOPAC";"175081";;;;;1,00 €;0;0;0;0,00 €;;"";0;0;;;;0;0;1;;;11;1;704;0;;
2273;175082;"ROULEAU 5651300001 SCOTCHEUSE ROBOPAC";"175082";;;;;1,00 €;0;0;0;0,00 €;;"";0;0;;;;0;0;1;;;11;1;705;0;;
2274;175083;"RESSORT LAME 380530564 SCOTCHEU ROBOPAC";"175083";;;;;1,00 €;0;0;0;0,00 €;;"";0;0;;;;0;0;1;1;9/1/2024 00:00:00;11;1;703;0;;
2275;175084;"RESSORT 5120300009 SCOTCHEUSE ROBOPAC";"175084";;;;;1,00 €;0;0;0;0,00 €;;"";0;0;;;;0;0;1;;;11;1;703;0;;
2276;175086;"RESSORT RETOUR LAME 380530474 ROBOPAC";"175086";;;;;1,00 €;0;0;0;0,00 €;;"";0;0;;;;0;0;1;5;;11;1;702;0;;
2277;175088;"SUPPORT PORTE ROULEAU 380840074 ROBOPAC";"175088";;;;;1,00 €;0;0;0;0,00 €;;"";0;0;;;;0;0;1;;;;;;0;;
2278;175089;"ROULEAU SORTIE 565130131 SCOTCH ROBOPAC";"175089";;;;;1,00 €;0;0;0;0,00 €;;"";0;0;;;;0;0;1;5;;11;1;702;0;;
2279;175090;"DOUILLE RLX SORTIE 4010300001 ROBOPAC";"175090";;;;;1,00 €;0;0;0;0,00 €;;"";0;0;;;;0;0;1;;;11;1;701;0;;
2280;175217;"SERVO MOTEUR ER35.93AG00";"950840";88;;10;;446,56 €;2;1;0;0,00 €;"SDM";"";0;0;;;;0;0;0;1;30/6/2025 00:00:00;50;;;0;;
2281;175218;"SERVO MOTEUR ER10.X58E.4 90°";"950840-10A";88;"950840-10A";10;;262,28 €;2;1;0;0,00 €;"SDM";"";0;0;;;;0;0;0;1;16/5/2025 00:00:00;50;;;0;;
2282;175231;"CELLULE  PHOTOELECTRIQUE";"GRTB18S-P2412V";40;"GRTB18S-P2412V";8;;176,00 €;2;1;0;0,00 €;;"<div>cadenceur + TRANSFERT AXYS</div>";0;0;;;;0;0;0;1;29/7/2026 00:00:00;1;2;402;0;;
2283;175364;"CELLULE PHOTO RECTANGULAIRE  M8 4B";"FT25-BF2-PS-M4";85;"FT25-BF2-PS-M4";8;;193,00 €;2;2;0;0,00 €;;"<div>Axys</div>";0;0;;;;0;0;0;1;14/9/2023 00:00:00;1;2;301;0;;
2284;175399;"EA-0123 JOINT TORIQUE 40 x 3 BUNA";"175399";;;;;10,00 €;5;1;0;0,00 €;;"";0;0;;;;0;0;0;1;21/5/2024 00:00:00;20;3;801;0;;
2285;175400;"HN-3105 STATOR POMPE";"NM031-02 SBBPF 3005";119;;3;;313,00 €;1;1;0;0,00 €;;"FOISONNEUR";0;0;;;;0;0;0;1;27/7/2026 00:00:00;20;3;904;0;;
2286;175416;"RELAIS TEMPORISE 24->240V CA/VCC";"ETR4-70-A";95;;16;;200,00 €;1;1;0;0,00 €;;"";0;0;;;;0;0;0;;;2;5;206;0;;
2287;175418;"CELLULE SICK WSE4S-3P5230H";"175418";40;;8;;50,00 €;1;1;0;0,00 €;;"<div>barrage entree four / refroidisseur</div>";0;0;;;;0;0;0;;;1;9;102;0;;
2288;175538;"MEMBRANE MANCHON VANNE AKO DN25";"175538";;;;;1,00 €;3;1;0;0,00 €;;"";0;0;;;;0;0;0;1;12/1/2024 00:00:00;;;;0;;
2289;175579;" INTERRUPTEUR SECURITE  PSEN CS5.11";"542011";39;;1;;118,65 €;2;1;0;0,00 €;;"<div>ensemble de 542051+542081</div>";0;0;;;;0;0;0;1;23/4/2026 00:00:00;1;4;;0;;
2290;175628;"VERIN CRDSNU-20-10-P-A-MQ STOPPEUR AXYS";"552789";4;;2;;50,00 €;3;1;0;0,00 €;;"axys";0;0;;;;0;0;0;1;18/7/2025 00:00:00;3;1;202;0;;
2291;175629;"VERIN CDC-50-20-I-P-A-R STOP GOUTE AXYS";"175629";4;;;;1,00 €;1;1;0;0,00 €;;"axys";0;0;;;;0;0;0;;;20;2;902;0;;
2292;175952;"RESISTANCE PASTO 300L D16 230V 2200W  LG280MM";"3650";109;;1;;212,00 €;2;1;0;0,00 €;;"PASTO 300L";0;0;;;;0;0;0;1;15/1/2026 00:00:00;20;4;202;0;;
2293;175954;"RESISTANCE PASTO 300L D16 230V 3500W  LG 350MM";"3649";109;;1;;220,00 €;1;1;0;0,00 €;;"PASTO 300L";0;0;;;;0;0;0;1;9/12/2025 00:00:00;20;4;202;0;;
2294;175985;"INTERRUPTEUR SECURITE AXE ROTATIF 30MM 1O 1F";"XCS PR552";91;;1;;25,00 €;2;1;0;0,00 €;;"<div>Mécanicair</div>";0;0;;;;0;0;0;;;1;5;102;0;;
2295;175986;"INTERRUPTEUR SECURITE PZEN 1,1A-22 / 5M";"524129";39;"524129";1;;60,00 €;1;1;0;0,00 €;;"";0;0;;;;0;0;0;1;;1;12;301;0;;
2296;175996;"102211280 TUYAU CHAUFFANT ENCOLEUR MELER";"175996";;;;;1,00 €;1;1;0;0,00 €;;"";0;0;;;;0;0;0;;;;;;0;;
2297;175997;"103212920 APPLICATEUR MU-PD-MDU-1 M01F00";"175997";;;;;1,00 €;0;1;0;0,00 €;;"";0;0;;;;0;0;0;;;;;;0;;
2298;175998;"10100011 AXE POMPE";"175998";10;;3;;1,00 €;0;1;0;0,00 €;;"";0;0;;;;0;0;0;;;;;;0;;
2299;175999;"21020003 DISTRIBUTEUR 4/2 ENCOLLEUR MELE";"175999";;;;;1,00 €;1;1;0;0,00 €;;"";0;0;;;;0;0;0;;;;;;0;;
2300;176112;"VALVE MOTEUR LM24A SR-TP PA1020244";"176112";;;;;1,00 €;3;1;0;0,00 €;;"";0;0;;;;0;0;0;;;40;3;308;0;;
2303;176354;"MOTEUR VENTILATEUR CTA ADIABATIQUE";"176354";;;10;;1,00 €;1;1;0;0,00 €;;"";0;0;;;;0;0;0;1;18/8/2023 00:00:00;;;;0;;
2304;176355;"CARTE ELECTRONIQUE CTA ADIABATIQUE";"176355";;;;;1,00 €;0;1;0;0,00 €;;"";0;0;;;;0;0;0;;;;;;0;;
2305;176386;"VERIN DNC 63 80 PPV FESTO 163418";"176386";4;;2;;50,00 €;0;0;0;0,00 €;;"";0;0;;;;0;0;0;5;;20;2;102;0;;
2306;176387;"COURROIE 16AT5 825 DECOUPE ULTRASON";"176387";;;;;25,00 €;0;0;0;0,00 €;;"<div>Découpe US, plus utilisé</div>";0;0;;;;0;0;1;10;12/1/2024 00:00:00;;;;1;;
2307;176388;"COMPRESSEUR BITZER 4NSL30K 40P";"176388";;;;;1,00 €;0;1;0;0,00 €;;"";0;0;;;;0;0;0;;;;;;0;;
2308;176391;"BECKHOFF BK3150 COUPLEUR PROFIBUS";"176391";;;;;1,00 €;1;1;0;0,00 €;;"";0;0;;;;0;0;0;;;20;3;301;0;;
2309;176392;"BECKHOFF KL1114 BORNE 4 ENTREE 24DC";"176392";;;;;1,00 €;1;1;0;0,00 €;;"";0;0;;;;0;0;0;;;20;3;302;0;;
2310;176393;"BECKHOFF KL4002 BORNE 2 SORTIE ANA 24DC";"176393";;;1;;1,00 €;1;1;0;0,00 €;;"";0;0;;;;0;0;0;;;20;3;303;0;;
2311;176394;"BECKHOFF KL9010 BORNE TERMINAISON DE BUS";"176394";;;;;1,00 €;1;1;0;0,00 €;;"";0;0;;;;0;0;0;;;20;3;303;0;;
2312;176395;"BECKHOFF KL2404 BORNE 4 SORTIE DIGI 24DC";"176395";;;;;1,00 €;1;1;0;0,00 €;;"";0;0;;;;0;0;0;;;20;3;302;0;;
2313;176431;"DOUILLE A AIGUILLE HK1612";"176431";;;;;1,00 €;10;1;0;0,00 €;;"";0;0;;;;0;0;0;;;10;1;901;0;;
2314;176432;"DOUILLE A BILLE KH 1630 PP";"176432";;;;;1,00 €;5;1;0;0,00 €;;"";0;0;;;;0;0;0;;;10;1;1001;0;;
2316;100080;"ROULEMENT 61905 2RS1";"100080";;;3;;1,00 €;1;1;0;0,00 €;;"";0;0;;;;0;0;0;;;10;1;607;0;;
2318;102424;"ROULEMENT 6305 2RS1";"100082";31;;;;15,00 €;10;2;0;0,00 €;;"";0;0;;;;0;0;0;;;;;;0;;
2319;100083;"ROULEMENT 6307 2RS1";"100083";;;;;1,00 €;1;0;0;0,00 €;;"";0;0;;;;0;0;0;;;;;;0;;
2320;100084;"ROULEMENT 6309 ";"100084";;;;;1,00 €;2;0;0;0,00 €;;"";0;0;;;;0;0;0;;;;;;0;;
2321;100085;"ROULEMENT 3212 2RS";"100085";;;;;1,00 €;1;0;0;0,00 €;;"";0;0;;;;0;0;0;;;;;;0;;
2322;177612;"PALIER";"F2BC 25M CPSS DFH";31;"F2BC 25M CPSS DFH";3;;50,70 €;0;0;0;0,00 €;;"<div>applique bleue alimentaire</div>";0;0;;;;0;0;0;10;;;;;0;;
2323;100087;"ROULEMENT SLFL20";"100087";;;;;1,00 €;1;0;0;0,00 €;;"";0;0;;;;0;0;0;;;;;;0;;
2324;100088;"ROULEMENT GRG RCM52/65 0091";"100088";;;;;1,00 €;2;0;0;0,00 €;;"";0;0;;;;0;0;0;;;;;;0;;
2325;100089;"PALIER GY40 KRR B FA107 VA HLA";"100089";;;;;1,00 €;2;0;0;0,00 €;;"";0;0;;;;0;0;0;;;;;;0;;
2326;100090;"ROULEMENT AY20 XL NPP B";"100090";;;;;1,00 €;4;0;0;0,00 €;;"";0;0;;;;0;0;0;;;;;;0;;
2327;100091;"ROULEMENT IR35X40X30 XL";"100091";;;;;1,00 €;1;0;0;0,00 €;;"";0;0;;;;0;0;0;;;;;;0;;
2328;100092;"ROULEMENT GAY25 NPP B";"100092";;;;;1,00 €;0;0;0;0,00 €;;"";0;0;;;;0;0;0;;;;;;0;;
2329;100093;"ROULEMENT RABRB30/72 FA106";"100093";;;;;1,00 €;2;0;0;0,00 €;;"";0;0;;;;0;0;0;;;;;;0;;
2330;100094;"ROULEMENT RABRB35/80 FA106";"100094";;;;;1,00 €;2;0;0;0,00 €;;"";0;0;;;;0;0;0;;;;;;0;;
2331;100095;"PALIER PSFT20CR";"100095";;;;;1,00 €;6;0;0;0,00 €;;"";0;0;;;;0;0;0;;;;;;0;;
2332;100096;"SOCLE PRISE HYPRA 16A";"052229";46;"052229";1;;20,00 €;2;1;0;0,00 €;;"";0;0;;;;0;0;0;1;26/7/2023 00:00:00;30;3;304;0;;
2333;157398;"SOCLE PRISE HYPRA 32A";"052940";46;"052940";1;;38,83 €;0;1;0;0,00 €;;"";0;0;;;;0;0;0;5;4/4/2024 00:00:00;30;3;306;0;;
2334;100098;"PRISE HYPRA 3P+T+N 32A";"052944";46;"052944";1;;1,00 €;1;1;0;0,00 €;;"";0;0;;;;0;0;0;1;9/3/2026 00:00:00;30;3;206;0;;
2335;165846;"PRISE SUR FICHE  HYPRA ROUGE  16A 380V 3P+T+N";"051161";46;"051161";1;;45,00 €;2;2;0;0,00 €;;"";0;0;;;;0;0;0;1;7/10/2025 00:00:00;30;3;207;0;;
2336;100100;"FUSIBLE 10*38 4a Am ";"100100";;;;;1,00 €;8;0;0;0,00 €;;"";0;0;;;;0;0;1;;;;;;1;;
2337;100101;"FUSIBLE 8*31 25a gG";"100101";;;;;1,00 €;13;0;0;0,00 €;;"";0;0;;;;0;0;1;;;;;;1;;
2338;100102;"FUSIBLE 5*20 F2a ";"100102";;;;;1,00 €;2;0;0;0,00 €;;"";0;0;;;;0;0;1;;;;;;1;;
2339;100103;"FUSIBLE 5*20 F2,5a ";"100103";;;;;1,00 €;14;0;0;0,00 €;;"";0;0;;;;0;0;1;;;;;;1;;
2340;100104;"FUSIBLE 5*20 F1,25a ";"100104";;;;;1,00 €;9;0;0;0,00 €;;"";0;0;;;;0;0;1;;;;;;1;;
2341;100105;"FUSIBLE AUTMOBILE 20a ";"100105";;;;;1,00 €;20;0;0;0,00 €;;"";0;0;;;;0;0;1;;;;;;1;;
2342;100106;"FUSIBLE 6*32 F16a ";"100106";;;;;1,00 €;10;0;0;0,00 €;;"";0;0;;;;0;0;1;;;;;;1;;
2343;164064;"DISTRIBUTEUR CPE18 M1H5J1/4 MONOSTABLE";"163143";4;;17;;136,00 €;1;1;0;0,00 €;;"";0;0;;;;0;0;0;;;3;6;403;0;;
2344;100001;"INTERRUPTEUR DE POSITION";"XCKP2118G11";1;;1;;50,00 €;1;1;0;0,00 €;;"";0;0;;;;0;0;0;;;1;4;101;0;;
2346;100003;"AES 1235";"100003";103;;;;1,00 €;1;0;0;0,00 €;;"";0;0;;;;0;0;0;;;20;1;1008;0;;
2347;100004;"RELAIS DE SECURITE  24V";"SRB301AN";103;;;;1,00 €;1;0;0;0,00 €;;"";0;0;;;;0;0;0;;;20;1;1009;0;;
2348;178817;"CAPTEUR PHOTOELECTRIQUE  12M";"OBR12M R100 2EP IO V31 L";100;;8;;86,90 €;3;1;0;0,00 €;;"";0;0;;;;0;0;0;1;9/1/2024 00:00:00;1;2;203;0;;
2350;181555;"CAPTEUR VERIN ST4";"R412019488";90;;8;;50,00 €;1;1;0;0,00 €;;"<div>POUSSEUR EMBALLAGE</div>";0;0;;;;0;0;0;1;9/2/2024 00:00:00;1;9;402;0;;
2351;100008;"CAPTEUR DE POSITION BURGESS";"V9NLR";139;;8;;50,00 €;1;1;0;0,00 €;;"";0;0;;;;0;0;0;;;1;4;301;0;;
2352;100009;"DETECTEUR INDUCTIF PNP M18 *70 PRISE M12 4 B";"IGT 219";44;;1;;1,00 €;1;1;0;0,00 €;;"";0;0;;;;0;0;0;;;1;1;107;0;;
2353;182552;"CELLULE REFLEX NPN WL100 2N4429";"6052383";40;"6052383";8;;106,00 €;1;1;0;0,00 €;;"ANCIENNE REFERENCE WL100 N4429";0;0;;;;0;0;0;1;25/9/2024 00:00:00;1;2;201;0;;
2354;100011;"CLE DE SECURITE ROND";"XCS ZR1";1;"XCS-ZR1";1;;1,00 €;1;1;0;0,00 €;;"";0;0;;;;0;0;0;1;;1;5;202;0;;
2355;100012;"CELLULE PHOTO ELECTRIQUE";"OBE20M R101-2P-IO V31-L";100;"267075-100138";8;;200,00 €;1;0;0;0,00 €;;"";0;0;;;;0;0;0;;;1;2;204;0;;
2356;100013;"interrupteur sécurité 44OK C21097";"100013";99;;;;1,00 €;1;0;0;0,00 €;;"";0;0;;;;0;0;0;;;;;;0;;
2357;100014;"INTERRUPTEUR DE SECURITE";"XCS TA592";1;;1;;50,00 €;1;1;0;0,00 €;;"";0;0;;;;0;0;0;;;1;5;501;0;;
2358;184048;"INTERRUPTEUR DE POSITION";"XCKJ167";1;;1;;25,00 €;1;1;0;0,00 €;;"<div>TARTO</div>";0;0;;;;0;0;0;1;29/9/2026 00:00:00;1;4;105;0;;
2359;100016;"INTERRUPTEUR DE POSITION";"XCKS131";1;;1;;25,00 €;2;1;0;0,00 €;;"";0;0;;;;0;0;0;;;1;4;201;0;;
2360;100017;"INTERRUPTEUR SECURITE";"XCS ZP5905 / XCSDMP5905";1;;1;;50,00 €;1;1;0;0,00 €;;"";0;0;;;;0;0;0;1;24/6/2024 00:00:00;1;5;104;0;;
2361;100018;"INTERRUPTEUR DE SECURITE 2NO";"XCS ZR7902";1;;1;;1,00 €;1;1;0;0,00 €;;"";0;0;;;;0;0;0;;;1;5;201;0;;
2362;100019;"INTERRUPTEUR DE POSITION";"XCK M102H29";1;;1;;25,00 €;2;1;0;0,00 €;;"";0;0;;;;0;0;0;;;1;4;202;0;;
2363;183818;"CELLULE PHOTO ELECTRIQUE M18 PNP";"VTE18 4P4240V  6035489";40;;8;;106,00 €;1;1;0;0,00 €;;"";0;0;;;;0;0;0;1;15/1/2026 00:00:00;1;2;303;0;;
2364;100021;"CELLULE PHOTO ELECTRIQUE";"OGP300";44;;8;;50,00 €;1;1;0;0,00 €;;"";0;0;;;;0;0;0;;;1;2;304;0;;
2365;100022;"CONNECTEUR DIN FORME A";"100022";10;;1;;10,00 €;4;1;0;0,00 €;;"";0;0;;;;0;0;0;1;27/11/2023 00:00:00;1;3;301;0;;
2366;100023;"CONNECTEUR DIN FORME B";"88122404";147;;1;;1,00 €;2;1;0;0,00 €;;"";0;0;;;;0;0;0;1;;1;3;302;0;;
2367;100024;"connecteur Kmf 1 24 DC 2.5 led";"30935";4;;;;25,00 €;1;1;0;0,00 €;;"";0;0;;;;0;0;0;;;3;9;201;0;;
2368;100025;"connecteur M8 4 broches mâle 508 5393";"186-3078";10;;1;;20,00 €;3;1;0;0,00 €;;"";0;0;;;;0;0;0;1;;1;3;203;0;;
2369;100026;"connecteur M8 3 broches mâle 508 5371";"186-3081";10;;1;;12,00 €;4;1;0;0,00 €;;"";0;0;;;;0;0;0;1;27/11/2023 00:00:00;1;3;201;0;;
2370;100027;"connecteur M8 4 broches femelle 508 5400";"100027";10;;1;;20,00 €;3;1;0;0,00 €;;"";0;0;;;;0;0;0;1;;1;3;204;0;;
2371;100028;"connecteur M8 3 broches femelle 508 5387";"28046 RKMCK 3";10;;1;;23,00 €;3;1;0;0,00 €;;"";0;0;;;;0;0;0;1;27/11/2023 00:00:00;1;3;202;0;;
2372;100029;"TETE VOYANT LUMINEUX BLANC LED";"ZB5AV013";91;"ZB5AV013";1;;1,00 €;4;1;0;0,00 €;"M1 T5 P5/8";"";0;0;;;;0;0;0;1;;2;2;107;0;;
2373;100030;"BOUTON POUSSOIR ROUGE";"ZB4BW34";91;"ZB4BW34";1;;1,00 €;3;1;0;0,00 €;"M10 T10 P4/8";"";0;0;;;;0;0;0;1;29/9/2023 00:00:00;2;1;102;0;;
2374;178846;"BOUTON 2 POS FIXE BLANC LUMINEUX";" ZB4 BK1213";91;" ZB4 BK1213";1;;12,70 €;3;3;0;0,00 €;"M1 T2 P2/6";"";0;0;;;;0;0;0;1;;2;1;304;0;;
2375;133382;"BOUTON TOURNANT 3POS REPOS CENTRE";"ZB4 BD5";91;"ZB4 BD5";1;;9,49 €;2;1;0;0,00 €;;"";0;0;;;;0;0;0;1;27/10/2023 00:00:00;2;1;303;0;;
2376;160053;"BLOC LUMINEUX LED ROUGE";"ZBV B4M";91;;1;;6,00 €;4;3;0;0,00 €;;;0;0;;;;0;0;1;1;20/3/2025 00:00:00;2;2;505;0;;
2377;152138;"BLOC LUMINEUX LED BLANC";"ZBV B1";91;;1;;5,60 €;6;3;0;0,00 €;;"";0;0;;;;0;0;0;1;12/1/2024 00:00:00;2;2;506;0;;
2378;100035;"BLOC LED BLANC FOND DE BOITE";"ZAL VB1";91;;1;;1,00 €;4;2;0;0,00 €;;"";0;0;;;;0;0;0;1;;2;2;507;0;;
2379;100036;"CONTACT NO";"BCLF10";143;;1;;1,00 €;3;1;0;0,00 €;;"";0;0;;;;0;0;0;1;;2;2;408;0;;
2380;100037;"CONTACT NC";"BCLF01";143;;1;;1,00 €;4;1;0;0,00 €;;"";0;0;;;;0;0;0;1;;2;2;409;0;;
2381;100038;"porte étiquette z32";"100038";91;;1;;11,00 €;20;0;0;0,00 €;;"";0;0;;;;0;0;0;;;2;2;205;0;;
2382;100039;"AMPOULE BA15D 24V";"100039";43;;1;;1,00 €;10;2;0;0,00 €;;"";0;0;;;;0;0;0;1;;2;3;304;0;;
2384;100041;"TETE VOYANT LUMINEUX ROUGE LED";"ZB5AV043";91;"ZB5AV043";1;;1,00 €;5;1;0;0,00 €;;"";0;0;;;;0;0;0;;;2;2;106;0;;
2385;148770;"BOUCHON OBTURATEUR D22";"ZB5SZ3";91;"ZB5SZ3";1;;1,00 €;19;2;0;0,00 €;;"";0;0;;;;0;0;0;;;2;2;203;0;;
2386;100043;"CONTACT AVEC VOYANT";"ZB2 BW075";91;;1;;1,00 €;5;2;0;0,00 €;;"";0;0;;;;0;0;0;;;20;2;506;0;;
2387;100044;"AMPOULE E10 6 v  60929";"100044";43;;1;;1,00 €;5;1;0;0,00 €;;"";0;0;;;;0;0;0;1;;2;3;402;0;;
2388;100045;"CONTACT A LAMELLE d45x";"D45X";10;;1;;1,00 €;2;1;0;0,00 €;;"";0;0;;;;0;0;0;;;1;4;302;0;;
2389;110513;"BLOC CONTACT FOND DE BOITE NO";"ZEN L1111";91;"ZEN L1111";1;;3,13 €;5;2;0;0,00 €;;"";0;0;;;;0;0;0;1;;2;2;401;0;;
2390;100047;"BLOC CONTACT NC";"ZB2 BE102";91;;1;;1,00 €;8;2;0;0,00 €;;"";0;0;;;;0;0;0;1;29/9/2023 00:00:00;2;2;406;0;;
2391;100048;"BLOC CONTACT NO";"ZB2 BE101";91;;1;;5,00 €;7;2;0;0,00 €;;"";0;0;;;;0;0;0;1;29/9/2023 00:00:00;2;2;405;0;;
2392;100049;"EMBASE RELAIS 11 BROCHES CIRCULAIRE P2CF-11-E";"OU 90.29 FINDER";13;;16;;10,00 €;2;1;0;0,00 €;"M1 T10 P3/4";"";0;0;;;;0;0;0;;;2;5;401;0;;
2393;100050;"EMBASE RELAIS 8 BROCHES CIRCULAIRE P2CF-8-E";"OU 90.26 FINDER";13;;16;;20,00 €;2;1;0;0,00 €;;"";0;0;;;;0;0;0;1;;2;5;402;0;;
2395;100052;"RELAIS 240V 11 BROCHES EN ROND";"348-813";10;;16;;50,00 €;2;1;0;0,00 €;;"";0;0;;;;0;0;0;;;2;5;205;0;;
2396;176813;"RELAIS 1 RT  230v";"40.61.8.230.0000";84;"40.61";1;;11,20 €;6;1;0;0,00 €;;;0;0;;;;0;0;0;1;16/6/2026 00:00:00;2;5;301;0;;
2397;100054;"EMBASE 5 BROCHES";"97.01";84;"97.01";1;;1,00 €;1;1;0;0,00 €;;"";0;0;;;;0;0;0;1;27/11/2024 00:00:00;2;5;406;0;;
2398;100055;"barrette domino 20 mm2";"100055";10;;1;;1,00 €;5;0;0;0,00 €;;"";0;0;;;;0;0;0;;;21;3;605;0;;
2399;179906;"INTERRUPTEUR GENERAL ROUGE 20A 3P";" T0-2-1/I1/SVB";95;;1;;30,78 €;2;1;0;0,00 €;" T0-2-1/I1/SVB";"";0;0;;;;0;0;0;1;27/8/2026 00:00:00;21;3;402;0;;
2400;100057;"SECTIONNEUR";"VCF02";91;;1;;1,00 €;1;1;0;0,00 €;;"";0;0;;;;0;0;0;;;21;3;302;0;;
2401;177244;"PRISE SUR SOCLE  HYPRA ROUGE 16A 380V 3P+N+T";"051151";46;;1;;40,45 €;3;2;0;0,00 €;;;0;0;;;;0;0;0;1;26/7/2023 00:00:00;30;3;204;0;;
2402;180770;"PRISE EMBASE 32A HYPRA ROUGE  3P+T+N";"053051";46;"053051";1;;60,63 €;1;1;0;0,00 €;;"";0;0;;;;0;0;0;1;3/10/2025 00:00:00;30;3;208;0;;
2403;100060;"cache borne Hager hya022 334678";"100060";155;;;;1,00 €;3;0;0;0,00 €;;"";0;0;;;;0;0;0;;;;;;0;;
2404;100061;"BLOC DIF 4P 125A 300 MA AC HAGER BFC480e";"100061";155;;;;11,00 €;1;0;0;0,00 €;;"";0;0;;;;0;0;0;;;;;;0;;
2405;100062;"disjoncteur 4p 50a Hager 323211";"100062";155;;;;1,00 €;1;0;0;0,00 €;;"";0;0;;;;0;0;0;;;;;;0;;
2406;100063;"disjoncteur 4p 32a Hager 323209";"100063";155;;;;1,00 €;1;0;0;0,00 €;;"";0;0;;;;0;0;0;;;;;;0;;
2407;100064;"disjoncteur 4p 40a Hager 323210";"100064";155;;;;1,00 €;1;0;0;0,00 €;;"";0;0;;;;0;0;0;;;;;;0;;
2408;100065;"disjoncteur 4p 40a Hager 462923";"100065";155;;;;1,00 €;2;0;0;0,00 €;;"";0;0;;;;0;0;0;;;;;;0;;
2409;116536;"CONTACTEUR   24V AC 034867";"LC1 D09 B7";91;"LC1 D09 B7";1;;26,15 €;2;2;0;0,00 €;;"";0;0;;;;0;0;0;1;28/5/2025 00:00:00;2;10;304;0;;
2410;100067;"contacteur lc1d32b7";"100067";91;;;;1,00 €;1;0;0;0,00 €;;"";0;0;;;;0;0;0;;;;;;0;;
2411;158703;"DISJONCTEUR MOTEUR GV3P40";"GV3P40";91;;1;;60,00 €;1;1;0;0,00 €;;"";0;0;;;;0;0;0;;;2;12;101;0;;
2412;148604;"CONTACTEUR LC1 D09 DB 24VCC";"LC1 D09 DB 24VCC";91;;1;;56,00 €;2;1;0;0,00 €;;"";0;0;;;;0;0;0;1;19/9/2024 00:00:00;2;10;404;0;;
2413;148606;"DISJONCTEUR MOTEUR 0,16/0,25";"GV2ME02";91;"GV2ME02";1;;48,85 €;1;1;0;0,00 €;;"";0;0;;;;0;0;0;1;;2;10;101;0;;
2414;100071;"contacteur  1sbl101001r2010";"100071";94;;;;1,00 €;5;0;0;0,00 €;;"";0;0;;;;0;0;0;;;;;;0;;
2415;104543;"CONTACTEUR 65 A";"LC1D65AP7";91;;1;;165,00 €;1;1;0;0,00 €;;"";0;0;;;;0;0;0;;;2;12;102;0;;
2416;118364;"CONTACTEUR  3F+2O 10A 115 V";"CAD32FE7";91;"CAD32FE7";1;;33,63 €;2;1;0;0,00 €;;"BATTEUR";0;0;;;;0;0;0;;;;;;0;;
2417;100074;"CONTACTEUR 80A";"LC1D80P7";91;;1;;200,00 €;1;1;0;0,00 €;;"";0;0;;;;0;0;0;;;2;12;103;0;;
2418;100075;"PRISE P17 2 POLES+ T 230v";"555384";46;;1;;25,00 €;4;1;0;0,00 €;;"";0;0;;;;0;0;0;1;20/6/2025 00:00:00;30;3;309;0;;
2419;100076;"ROULEMENT TIMKEN 32006";"100076";32;;3;;1,00 €;6;1;0;0,00 €;;"";0;0;;;;0;0;0;;;10;1;903;0;;
2420;100077;"ROULEMENT TIMKEN 32010X";"100077";32;;13;;1,00 €;3;1;0;0,00 €;;"";0;0;;;;0;0;0;;;10;1;904;0;;
2421;100078;"ROULEMENT TIMKEN 32012X";"32012X";32;;13;;1,00 €;2;1;0;0,00 €;;"";0;0;;;;0;0;0;;;10;1;904;0;;
2422;99;"PIECE TEST";"PIECE TEST";94;;9;;1,00 €;2;1;20;0,00 €;"1";"";1;0;;;;0;0;0;1;1/7/2026 00:00:00;10;10;110;0;;
2423;178320;"VALVE ANTIGOUTTE KETCHUP";"V54";109;"V54";2;;17,45 €;20;3;20;0,00 €;;"MICRO DOSEUSE";0;0;;;;0;0;0;1;9/12/2024 00:00:00;20;2;408;0;;
2498;178205;"STATOR 1-12BS POMPE FOISONNEUR L2 9307";"178205";10;;3;;1,00 €;0;0;0;0,00 €;;"";0;0;;;;0;0;0;;;;;;0;;
2499;178174;"BROCHE A BILLE INOX D8 LG25";"32-720-8-25 OU 32-740-8-25";88;"32-720-8-25";3;;1,00 €;4;1;0;0,00 €;;"BROCHE POUR FILLPACK 4T";0;0;;;;0;0;1;;;20;4;805;0;;
2500;178173;"BAGUE SIC D int 8 Dext 10  LONG 8";"BAGUE SIC D int 8 Dext 10  LONG 8";10;;3;;5,00 €;4;2;0;0,00 €;;"BAGUE POUR AXE FILLPACK 4 T";0;0;;;;0;0;1;;;;;;0;;
2501;178172;"COURROIE 560 8MGT4 LARG 20";"560 8MGT4 LARG 20";10;"560 8MGT4 LARG 20";3;;24,60 €;1;1;0;0,00 €;;"TAPIS MAILLE SORTIE REFROIDISSEUR";0;0;;;;0;0;0;1;30/4/2024 00:00:00;12;1;302;0;;
2502;178171;"MOTOREDUCTEUR PC330 2732578";"SA67DRN100LS4";61;;10;;1680,00 €;1;1;0;0,00 €;;"<div>pasto 5</div>";0;0;;;;0;0;0;1;13/2/2024 00:00:00;45;1;104;0;;
2503;178169;"AXE D28 REF 3955";"178169";109;;3;;238,30 €;1;0;0;0,00 €;;"<div>pasto 5</div>";0;0;;;;0;0;0;;;;;;0;;
2504;178168;"BAGUE BUSH KA25-35-30 REF 3379";"BUSH KA28-35-30";109;"KA28-35-30";3;;74,01 €;3;1;0;0,00 €;;"PASTO 5";0;0;;;;0;0;0;1;28/2/2024 00:00:00;20;4;805;0;;
2505;178167;"SIEGE 28X40X8 INT INOX PC110/330 REF1170";"178167";109;"28X40X8";3;;98,90 €;5;1;0;0,00 €;;"PASTO 5";0;0;;;;0;0;0;1;28/2/2024 00:00:00;20;4;805;0;;
2506;178166;"VIS M8 PC220/330/270 REF 3872";"178166";109;;3;;10,07 €;1;1;0;0,00 €;;"<div>pasto 5</div>";0;0;;;;0;0;1;1;28/2/2024 00:00:00;20;4;805;1;;
2507;178164;"AXE TRACTION REDUCTEUR PC270/330 REF3870";"178164";109;;5;;194,93 €;1;1;0;0,00 €;;"<div>pasto 5</div>";0;0;;;;0;0;0;1;28/2/2024 00:00:00;20;4;805;0;;
2508;178159;"SILENCIEUX DEBOUCHANT";"SILK12C S";86;"SILK12C S";2;;31,49 €;2;1;0;0,00 €;"AXYS";"";0;0;;;;0;0;0;;;20;3;901;0;;
2509;178158;"VENTURI";"GVP30N14";86;"GVP30N14";2;;122,00 €;2;1;0;0,00 €;;"axys";0;0;;;;0;0;0;;;20;3;901;0;;
2510;178149;"BALISE SIRENE ROUGE KLAXON PSC 0002";"489-4950";186;;1;;68,48 €;1;1;0;0,00 €;;"<div>1 déjà utilisée</div>";0;0;;;;0;0;0;1;6/5/2026 00:00:00;21;2;904;0;;
2511;178148;"AIMANT SCHMERSAL BPS 33";"BPS 33S";103;"101184326";1;;1,00 €;4;1;0;0,00 €;;"<div>NE SE FAIT PLUS</div>";0;0;;;;0;0;0;1;3/4/2026 00:00:00;1;5;406;0;;
2513;178037;"VERIN GPC D20 C75  MECANIC AIR";"0822062405";149;;2;;362,00 €;1;1;0;0,00 €;;"";0;0;;;;0;0;0;1;29/8/2024 00:00:00;3;2;301;0;;
2514;178032;"TELECOMMANDE + CABLE PALAN";"178032";;;;;1,00 €;0;0;0;0,00 €;;"";0;0;;;;0;0;0;;;;;;0;;
2515;178031;"3952 RACLEUR FOND TEFLON 10MM PC330";"178031";109;;3;;130,52 €;2;2;0;0,00 €;;"<div>PASTO 5</div>";0;0;;;;0;0;0;1;17/4/2024 00:00:00;;;;0;;
2516;177993;"3239 RACLEUR LATER INFERIEUR PC330";"177993";109;;3;;175,16 €;4;2;0;0,00 €;;"<div>PASTO 5</div>";0;0;;;;0;0;0;1;31/10/2023 00:00:00;20;4;604;0;;
2517;177990;"3240 RACLEUR LATER SUP ET CENTRAL PC330";"177990";109;;3;;171,63 €;8;4;0;0,00 €;;"<div>PASTO 5</div>";0;0;;;;0;0;0;1;31/10/2023 00:00:00;20;4;603;0;;
2518;177916;"MOTOREDUCTEUR CAGE SURGELATEUR";"177916";;;10;;1,00 €;0;0;0;0,00 €;;"<div>Cage surgélateur</div>";0;0;;;;0;0;0;;;;;;0;;
2519;177915;"PLATEN ROLLER ZE500";"P1046696-073";105;;3;;108,33 €;1;1;0;0,00 €;;"<div>ETIQUETEUSE</div>";0;0;;;;0;0;0;1;4/7/2025 00:00:00;11;1;701;0;;
2520;177681;"PLATEN SATO LT408 R07323010";"177681";194;;;;1,00 €;0;0;0;0,00 €;;"";0;0;;;;0;0;0;;;;;;0;;
2521;177680;"TETE IMPRESSION SATO LT408 R07333000";"177680";194;;1;;1,00 €;1;0;0;0,00 €;;"";0;0;;;;0;0;0;1;12/5/2026 00:00:00;11;1;707;0;;
2522;177620;"CELLULE PHOTOELECTRIQUE M18 NPN";"FZAM18N1150/S14";2;;8;;117,00 €;1;1;0;0,00 €;;"";0;0;;;;0;0;0;1;;1;2;103;0;;
2523;177604;"CAPTEUR VERIN REED NO 30 cm  / MTZ608";"SME 8M DS 24V K0.3 M8D";4;"543861";8;;20,00 €;3;2;0;0,00 €;;"SME = reed, SMT=magneto resitive <br>
https://www.festo.com/net/SupportPortal/Files/703566/Capteurs.pdf";0;0;;;;0;0;0;1;27/7/2026 00:00:00;1;9;401;0;;
2524;177332;"MOTEUR 63C4B14 0,25KW DEPILEUR TARTO";"177332";;;10;;152,89 €;1;1;0;0,00 €;;"<div>TARTO DEPILEUR</div>";0;0;;;;0;0;0;1;;40;4;203;0;;
2525;177213;"BOBINE DISTRIBUTEUR UNIVER evt256-356";"DA-0106 24v";181;;17;;25,00 €;2;2;0;0,00 €;;"";0;0;;;;0;0;0;1;27/7/2026 00:00:00;3;4;103;0;;
2526;177212;"DISTRIBUTEUR 5/2 MONO UNIVER";"AC-7500";181;;17;;50,00 €;1;1;0;0,00 €;;"";0;0;;;;0;0;0;1;9/1/2024 00:00:00;3;4;102;0;;
2527;177211;"DISTRIBUTEUR 5/2 MONO UNIVER";"AE-1000";181;;17;;50,00 €;1;1;0;0,00 €;;"";0;0;;;;0;0;0;1;1/10/2025 00:00:00;3;4;101;0;;
2528;177145;"HUILE KLUBER RHT 68 CENTRALE NH3";"177145";10;;;;1,00 €;2;1;0;0,00 €;;"";0;0;;;;0;0;0;1;9/1/2024 00:00:00;;;;0;;
2529;177138;"CONNECTEUR BOBINE VAVE-L1-1VK7-LP  VOIR 177121";"573942";4;"573942";1;;25,00 €;1;1;0;0,00 €;;"ETIQUETTEUSE L1";0;0;;;;0;0;0;;;3;9;203;0;;
2530;177133;"CAPTEUR VERIN SME 8M DS 24V K 2,5 OE";"543862";4;"543862";8;;30,00 €;3;1;0;0,00 €;;"ETIQUETTEUSE L1";0;0;;;;0;0;0;1;10/12/2025 00:00:00;1;9;301;0;;
2531;177130;"ROULEAU ENTRAINENEMENT ZT421 P1058930-81";"P1058930-81";105;"P1058930-81";1;;88,65 €;1;1;0;0,00 €;;"imprimante bureau avec decoupe etiquette";0;0;;;;0;0;0;1;14/2/2025 00:00:00;11;1;705;0;;
2532;177129;"TETE IMPRESSION 203DPI ZT421 P1058930-12";"P1058930-12";105;"P1058930-12";1;;481,60 €;0;2;0;0,00 €;;"imprimante bureau avec decoupe etiquette";0;0;;;;0;0;0;5;13/3/2026 00:00:00;11;1;705;0;;
2533;177128;"TETE IMPRESSION 300DPI ZE500-6RH";"P1004237";105;;1;;628,00 €;2;1;0;0,00 €;;"ETICONCEPT";1;0;;;;0;0;0;1;23/6/2026 00:00:00;11;1;702;0;;
2534;177127;"KIT COURROIE ZE500  AVEC P1067324 , P1041669";"P1046696-146";105;;3;;108,00 €;1;1;0;0,00 €;;"<div>ETIQUETEUSE</div>";0;0;;;;0;0;0;1;6/2/2024 00:00:00;11;1;602;0;;
2535;177126;"TRAPPE FERMETURE ZE500-6RH";"P1046696-110";105;;3;;174,28 €;1;1;0;0,00 €;;"<div>ETIQUETEUSE</div>";0;0;;;;0;0;0;1;24/10/2025 00:00:00;11;1;702;0;;
2536;177125;"KIT ROULEAU ZE500-6RH";"P1046696-060";105;;3;;159,00 €;1;1;0;0,00 €;;"";0;0;;;;0;0;0;1;1/10/2026 00:00:00;11;1;701;0;;
2537;177124;"JOINT SEMI TORIQUE NBR";"962394-32";10;;2;;0,76 €;5;1;0;0,00 €;;"";0;0;;;;0;0;0;1;26/2/2024 00:00:00;;;;0;;
2538;177123;"CELLULE GESTION BRAS PD-PF-304615-0115";"NBN3-8GM25-E2-V3";100;;8;;18,00 €;1;1;0;0,00 €;;"<div>ETIQUETEUSE </div>";0;0;;;;0;0;0;1;6/2/2024 00:00:00;1;1;303;0;;
2539;177122;"CELLULE PRE ALARME PD-PF-267075-0058";"OBT350-R100-2EP-IO-V31";100;;8;;66,30 €;1;1;0;0,00 €;;"<div>ETIQUETEUSE</div>";0;0;;;;0;0;0;1;6/2/2024 00:00:00;1;2;201;0;;
2540;177121;"CONNECTEUR VUVG-B14 L1-1VK7-LP VOIR 177138";"VAVE-L1-1K9-LR  573948";4;;2;;25,00 €;1;1;0;0,00 €;;"<div>ETIQUETTEUSE L1</div>";0;0;;;;0;0;0;1;6/2/2024 00:00:00;3;9;203;0;;
2541;177120;"DISTRIBUTEUR 5/2 MONOSTABLE VUVG-B14-M52-AZT-F-1P3";"566516";4;"566516";2;;50,00 €;1;1;0;0,00 €;;"ETIQUETTEUSE L1";0;0;;;;0;0;0;;;3;5;401;0;;
2542;177118;"DISTRIBUTEUR 3/2 BISTABLE VUVG-B14-T32C-AZT-F-1P3";"566513";4;"566513";2;;50,00 €;1;1;0;0,00 €;;"ETIQUETTEUSE L1";0;0;;;;0;0;0;;;3;5;402;0;;
2543;177117;"VENTURI VN-10-H-T3-PQ2-VQ2-R01";"193490";4;"193490";2;;30,00 €;1;1;0;0,00 €;;"IMPRIMANTE ETICONCEPT L1";0;0;;;;0;0;0;;;11;1;304;0;;
2544;177116;"VERIN DSNU 20-125-PPV-A";"19240";4;"19240";2;;1,00 €;1;1;0;0,00 €;;"IMPRIMANTE ETICONCEP";0;0;;;;0;0;0;;;3;2;101;0;;
2545;177115;"CARTE COMMANDE MOTEUR  PD-ETI-CE-RWD3200";"177115";150;;1;;200,00 €;1;1;0;0,00 €;;"<div>eticoncep</div>";0;0;;;;0;0;0;1;21/11/2025 00:00:00;11;1;703;0;;
2546;177113;"CARTE MERE ETI3200 PD ETI CE ETI32-V2";"177113";150;;6;;484,00 €;1;1;0;0,00 €;;"<div>ETIQUETEUSE</div>";0;0;;;;0;0;0;1;6/2/2024 00:00:00;11;1;703;0;;
2547;177112;"COURROIE FRICTION PD ETI 131219-001";"177112";10;;3;;1,00 €;1;1;0;0,00 €;;"<div>etiqueteuse</div>";0;0;;;;0;0;0;1;6/2/2024 00:00:00;11;1;304;0;;
2548;177111;"RESSORT BRAS TENSION PD ETI 10009*1.8";"177111";10;;3;;9,00 €;1;1;0;0,00 €;;"<div>etiqueteuse</div>";0;0;;;;0;0;0;1;6/2/2024 00:00:00;11;1;304;0;;
2549;177110;"RESSORT COURROIE DEROULEUR PD*ETI*10008";"177110";10;;3;;1,00 €;2;1;0;0,00 €;;"<div>etiqueteuse</div>";0;0;;;;0;0;0;1;6/2/2024 00:00:00;11;1;304;0;;
2550;177109;"JOINT SEMI TORIQUE FKM";"962395-32";10;;2;;4,59 €;5;1;0;0,00 €;;"";0;0;;;;0;0;0;1;26/2/2024 00:00:00;;;;0;;
2551;177106;"FILTRE TISSUS D840 TREMIE FARINE SUCRE AGRIFLEX";"TD9912A00002";108;;3;;285,00 €;1;1;0;0,00 €;;"FILTRE DU DESSUS PESONS SUCRE/FARINE";0;0;;;;0;0;0;1;14/9/2026 00:00:00;40;2;202;0;;
2552;177050;"DISTRIBUTEUR HYD D1VW2CNJWS75XB074";"177050";;;4;;1,00 €;1;1;0;0,00 €;;"";0;0;;;;0;0;0;;;20;2;1101;0;;
2553;176853;"LINGETTE ROULEAU IMPRIMANTE 558-795";"176853";;;;;1,00 €;1;0;0;0,00 €;;"";0;0;;;;0;0;0;;;45;;;0;;
2554;176850;"COTON TIGE TETE IMPRESSION 344-0322";"176850";;;;;1,00 €;3;0;0;0,00 €;;"";0;0;;;;0;0;0;1;;45;;;0;;
2555;176849;"NETTOYANT TETE IMPRESSION REF 349-3152";"176849";;;;;1,00 €;4;0;0;0,00 €;;"";0;0;;;;0;0;0;;;45;;;0;;
2556;176848;"NETTOYANT ROULEAU IMPRIMANTE REF217-3891";"176848";;;;;1,00 €;15;646602;0;0,00 €;;"";0;0;;;;0;0;0;1;;45;;;0;;
2557;176755;"FESTO CPX FB13 195740";"176755";;;;;1,00 €;1;0;0;0,00 €;;"";0;0;;;;0;0;0;;;;;;0;;
2558;176754;"CAPTEUR SECURITE BTI AMX5 INOX";"176754";142;;8;;50,00 €;2;1;0;0,00 €;;"";0;0;;;;0;0;0;1;25/4/2024 00:00:00;1;12;302;0;;
2559;176689;"3131 SERVO PNEUMATIQUE SPC200 FESTO";"176689";;;;;1,00 €;0;0;0;0,00 €;;"";0;0;;;;0;0;0;;;;;;0;;
2560;176686;"3129 PLATINE MULTIDEPOSITOR DOS BAKON";"176686";;;;;1,00 €;0;0;0;0,00 €;;"";0;0;;;;0;0;0;;;;;;0;;
2561;176658;"REGULATEUR PRESSION POUMON 1/4";"R412006111";90;"R412006111";2;;42,00 €;3;1;0;0,00 €;;"REGULATEUR POUMONS";0;0;;;;0;0;0;1;23/9/2025 00:00:00;3;7;101;0;;
2563;176571;"IMPRIMANTE MTH-2563 TRIEUSE PONDERALE";"176571";;;1;;1,00 €;1;1;0;0,00 €;;"";0;0;;;;0;0;0;;;11;3;1102;0;;
2564;176563;"DISTRIBUTEUR DOUBLE  3/2 VUVG-L14-T32C-MT-G18-1R8L";"8031504";4;;17;;50,00 €;2;1;0;0,00 €;;"";0;0;;;;0;0;0;1;5/3/2025 00:00:00;3;6;402;0;;
2565;176562;"DISTRIBUTEUR MONOSTABLE  5/2  24DC 8031508";" VUVG-L14-M52-MT-G18-1R8L";4;"8031508";2;;54,10 €;2;2;0;0,00 €;;"robot axys / fill pack 4t";0;0;;;;0;0;0;1;23/9/2025 00:00:00;3;6;401;0;;
2566;176561;"DISTRIBUTEUR 3/2 24VDC 3/8";"VUVS-L30-M32C-AZD-G38-F81C1";4;;17;;1,00 €;1;1;0;0,00 €;;"axys";0;0;;;;0;0;0;;;3;6;502;0;;
2567;176560;"CONNECTEUR BOBINE VAVE-L1-1VR8-LP";"573919";4;;;;20,00 €;1;1;0;0,00 €;;"";0;0;;;;0;0;0;;;3;9;204;0;;
2568;176559;"REGULATEUR PRESSION LRMA-QS-8 153497";"176559";;;;;1,00 €;0;0;0;0,00 €;;"";0;0;;;;0;0;0;;;;;;0;;
2569;176488;"THERMOREGULATEUR N6500Z211000 OPERCULEUS";"176488";;;;;1,00 €;1;0;0;0,00 €;;"";0;0;;;;0;0;0;;;;;;0;;
2570;176468;"MOTOREDUCTEUR SEW FAF67DRN132S2/DH/LN";"176468";61;;10;;2039,00 €;1;1;0;0,00 €;;"<div>Tete foisonneur TFT</div>";0;0;;;;0;0;0;1;28/6/2024 00:00:00;45;1;107;0;;
2571;176461;"DETECTEUR INDUCTIF SICK IM12-04NPS-ZC1";"176461";40;;8;;44,04 €;1;1;0;0,00 €;;"<div>smipack</div>

<div>plus vendu</div>";0;0;;;;0;0;0;1;25/9/2024 00:00:00;1;1;106;0;;
2572;100107;"JOINT CLAMP  ISO EPDM DN 40";"963422-40";88;"963422-40";4;;1,53 €;11;2;10;0,00 €;;"<div>SI JACQUETTE -&gt; &nbsp;DIN</div>";0;0;;;;0;0;0;1;24/7/2026 00:00:00;10;3;907;0;;
2573;100108;"ROULEMENT A ROTULE 20*47*18";"2204 E 2RS1TN9";31;"2204 E 2RS1TN9";3;;20,00 €;2;1;2;0,00 €;;"POUR DEPILLEUR TARTO";0;0;;;;0;0;0;1;19/10/2022 00:00:00;10;1;807;0;;
2574;100109;"COURROIE X= 113CM MECANICAIR";"16AT5 *1130";10;;2;;12,00 €;2;2;6;0,00 €;;"PRENDRE 161162 SI PLUS EN STOCK";0;0;;;;0;0;0;1;23/1/2026 00:00:00;20;3;1005;0;;
2575;100110;"COURROIE Y= 107,5CM MECANICAIR";"16AT5 *1075";10;;2;;12,00 €;1;1;0;0,00 €;;"PRENDRE 161162 SI PLUS EN STOCK";0;0;;;;0;0;0;1;23/4/2026 00:00:00;20;3;1006;0;;
2577;100111;"CAPOT SORTIE LATERALE";"MHO 16 L32";10;"MHO 16 L32";1;;15,00 €;3;1;3;0,00 €;;"";0;0;;;;0;0;0;;;21;3;1005;0;;
2578;179634;"CAPTEUR SECURITE BNS 40S-12Z 5,0M";"103000651";103;"103000651";8;;183,54 €;1;1;2;0,00 €;;"<div>REMPLACE BNS33S</div>";0;0;;;;0;0;0;1;;1;12;401;0;;
2579;179635;"AIMANT POUR CAPTEUR SECURITE BPS 40S-1";"10125268";103;"101215268";8;;25,00 €;1;1;2;0,00 €;;"";0;0;;;;0;0;0;1;26/7/2023 00:00:00;1;5;404;0;;
2580;100114;"PORTE FUSIBLE 5*20";"7081683";10;"PT 4-HESI";1;;10,00 €;4;1;1;0,00 €;;"";0;0;;;;0;0;0;;;21;3;805;0;;
2581;100115;"ROULEMENT POUR PALIER UCFL D INT 20";"UC 204";32;"UC 204";3;;20,00 €;2;1;0;0,00 €;;"SE MONTE DANS LES APPLIQUES UCFL 204";0;0;;;;0;0;0;;;;;;0;;
2584;100116;"Décolle étiquette";"161-0018";10;;9;;17,00 €;2;2;0;0,00 €;;"";0;0;;;;0;0;0;;;45;;;0;;
2586;100118;"SERRURE VESTIAIRE";"347-8692";10;"347-8692";3;;10,00 €;1;1;2;0,00 €;;"";0;0;;;;0;0;0;1;18/4/2024 00:00:00;31;1;205;0;;
2587;100119;"FILTRE LF 1/4 D MINI 159613";"203-0639";4;"159613";2;;27,00 €;1;1;1;0,00 €;;"";0;0;;;;0;0;0;;;3;8;302;0;;
2588;100120;"REGULATEUR PNEUMATIQUE 3/8";"R412006215";90;"R412006215";2;;120,00 €;1;1;0;0,00 €;;"MANQUE CUVE";0;0;;;;0;0;0;;;3;7;102;0;;
2589;181774;"MISE EN PRESSION";"R412006269";90;"R412006269";2;;69,82 €;1;1;2;0,00 €;"FILLPACK";"";0;0;;;;0;0;0;;;3;7;201;0;;
2590;100122;"BLOC DERIVATION PNEUMATIQUE";"R412006251";90;"R412006251";2;;60,00 €;1;1;1;0,00 €;"FILLPACK";"";0;0;;;;0;0;0;;;3;7;103;0;;
2591;184027;"FILTRE PNEUMATIQUE LFMA D MIDI";"192564";4;"192564";2;;162,00 €;1;1;1;0,00 €;;"CUVE REF 726175";0;0;;;;0;0;0;1;;3;8;201;0;;
2592;176234;"FILTRE MANO DETENDEUR LFR 1/2 MIDI A";"159585";4;"159585";2;;207,80 €;2;1;1;0,00 €;;"CUVE REF 646229";0;0;;;;0;0;0;1;26/8/2025 00:00:00;3;8;102;0;;
2593;178486;"LIMITEUR DE DEBIT GRLA 1/8-QS-6-D";"193144";4;"193144";2;;10,18 €;6;2;2;0,00 €;"TARTO";"CODE RS: 121-4314";0;0;;;;0;0;0;1;;20;1;201;0;;
2594;178513;"LUBRIFICATEUR LOE 1/2 D MIDI";"159587";4;"159587";2;;65,94 €;1;1;1;0,00 €;"AXYS";"CUVE REF 760826 A 49,19€";0;0;;;;0;0;0;1;22/9/2025 00:00:00;3;8;401;0;;
2595;166128;"DISTRIBUTEUR 5/2 CPE10-M1BH-5L-QS-6";"196883";4;"196883";17;;82,65 €;1;1;1;0,00 €;"BAKON";"CODE RS 175-4615";0;0;;;;0;0;0;;;3;6;304;0;;
2596;179055;"VENTILLATEUR 230V 4650N";"101-8052 OU 105246";55;"4650N";1;;32,35 €;1;1;1;0,00 €;;"";0;0;;;;0;0;0;1;25/8/2025 00:00:00;40;4;202;0;;
2597;100128;"PORTE FUSIBLE 5*20 230V SUR RAIL";"768-4620";10;"1886550000";1;;4,00 €;2;1;5;0,00 €;;"";0;0;;;;0;0;1;1;;;;;1;;
2598;100129;"JOINT A LEVRE DL 17*30*5";"BASL17305VI";10;"BASL17305VI";3;;4,29 €;10;2;10;0,00 €;;"POUR MOTEUR DLV";0;0;;;;0;0;0;;;;;;0;;
2599;178498;"VERIN D70 LG670 ALIMAT";"UN3/01401";;"UN3/01401";2;;1350,00 €;0;0;0;0,00 €;;"PAS COMMANDER TROP CHERE MAIS DISPO";0;0;;;;0;0;0;;;;;;0;;
2600;178503;"RESISTANCE Ø8 L630 970W";"RESFP6000BIS";9;"RESFP6000BIS";1;;210,20 €;1;1;1;0,00 €;;"POUR SMIPACK";0;0;;;;0;0;0;;;;;;0;;
2601;178502;"RESISTANCE Ø8 L515 800W";"RESFP6000";9;"MA109619";1;;243,60 €;1;1;1;0,00 €;;"POUR SMIPACK";0;0;;;;0;0;0;;;31;3;;0;;
2602;178493;"GOMME SILICONE 19,5X6";"GOMME SILICONE FP6000";9;"GOMME SILICONE FP6000";3;;37,92 €;5;2;5;0,00 €;;"POUR SMIPACK<br>
SE VEND EN ROULEAU DE 5 M à 189,6€";0;0;;;;0;0;0;;;31;3;404;0;;
2604;182671;"MANOMETRE 0 ? 10B  1/4"" MA-40-10-G1/4-EN";"183900";4;"MA-40-10-G1/4-EN";2;;12,00 €;2;1;3;0,00 €;;"";0;0;;;;0;0;0;1;25/10/2024 00:00:00;3;8;502;0;;
2605;168443;"MANOMETRE 0 ? 10B  1/8"" MA-40-10-1/8-EN";"162835";4;"MA-40-10-1/8-EN";2;;12,00 €;3;1;3;0,00 €;;"";0;0;;;;0;0;0;1;22/9/2025 00:00:00;3;8;501;0;;
2606;178505;"DISTRIBUTEUR AVEC POIGNEE 4/3 VH202-N02";"UN1/4/2";6;"VH200-N02";2;;120,00 €;2;1;1;0,00 €;;"";0;0;;;;0;0;0;1;4/1/2024 00:00:00;20;2;805;0;;
2608;178494;"KIT DE JOINT VERIN POMPE TRANSFERT";"UN3/1403";6;"NCG63-PS-DUX00322";2;;155,00 €;1;1;2;0,00 €;;"POUR POMPE TRANSFERT ALIMAT";0;0;;;;0;0;0;1;16/3/2026 00:00:00;20;2;804;0;;
2609;178552;"JOINT TORIQUE";"117114";92;"117114";2;;18,23 €;2;2;4;0,00 €;;"NAPPEUSE REGULATEUR";0;0;;;;0;0;0;;;11;2;908;0;;
2610;178553;"JOINT PTFE";"15A185";92;"15A185";2;;27,95 €;2;2;4;0,00 €;;"NAPPEUSE REGULATEUR";0;0;;;;0;0;0;1;28/4/2025 00:00:00;11;2;901;0;;
2611;178554;"VIS REGULATEUR";"15A241";92;"15A241";2;;41,99 €;1;1;2;0,00 €;;"REGULATEUR NAPPEUSE";0;0;;;;0;0;0;;;11;2;908;0;;
2612;178555;"FLOTTEUR";"245372";92;"245372";2;;263,50 €;1;1;1;0,00 €;;"REGULATEUR NAPPEUSE";0;0;;;;0;0;0;1;28/4/2025 00:00:00;;;;0;;
2613;178556;"COUVERCLE";"15A143";92;"15A143";2;;144,75 €;1;1;1;0,00 €;;"REGULATEUR NAPPEUSE";0;0;;;;0;0;0;1;28/4/2025 00:00:00;;;;0;;
2614;178557;"SIEGE";"245368";92;"245368";2;;190,58 €;1;1;1;0,00 €;;"REGULATEUR NAPPEUSE";0;0;;;;0;0;0;;;11;2;908;0;;
2615;178558;"SIEGE";"245369";92;"245369";2;;399,00 €;1;1;1;0,00 €;;"REGULATEUR NAPPEUSE";0;0;;;;0;0;0;;;;;;0;;
2616;178559;"JOINT TORIQUE";"117116";92;"117116";2;;25,74 €;3;1;1;0,00 €;;"REGULATEUR NAPPEUSE";0;0;;;;0;0;0;1;12/1/2024 00:00:00;;;;0;;
2617;178560;"FLOTTEUR";"245373";92;"245373";2;;251,55 €;1;1;1;0,00 €;;"REGULATEUR NAPPEUSE";0;0;;;;0;0;0;;;11;2;908;0;;
2618;178561;"COUVERCLE";"15A144";92;"15A144";2;;152,49 €;1;1;1;0,00 €;;"REGULATEUR NAPPEUSE";0;0;;;;0;0;0;;;11;2;908;0;;
2619;178562;"JOINT TORIQUE";"0310174";92;"0310174";2;;3,92 €;4;1;1;0,00 €;;"POMPE NAPPEUSE";0;0;;;;0;0;0;1;10/11/2023 00:00:00;11;2;901;0;;
2620;178563;"TUYAU REP 22";"0638916";92;"0638916";2;;48,62 €;1;1;1;0,00 €;;"POMPE NAPPEUSE";0;0;;;;0;0;0;;;11;2;901;0;;
2621;178564;"JOINT TORIQUE";"0470392";92;"0470392";2;;4,68 €;1;1;1;0,00 €;;"POMPE NAPPEUSE";0;0;;;;0;0;0;1;28/6/2023 00:00:00;11;2;901;0;;
2622;178565;"AXE PRINCIPAL";"638918";92;"638918";2;;118,04 €;1;1;1;0,00 €;;"POMPE NAPPEUSE";0;0;;;;0;0;0;;;11;2;901;0;;
2623;178566;"JOINT TORIQUE REP 42";"0482617";92;"0482617";2;;14,82 €;2;2;1;0,00 €;;"POMPE NAPPEUSE";0;0;;;;0;0;0;;;11;2;901;0;;
2624;178567;"COUSSINET REP 44";"0482625";92;"0482625";2;;66,32 €;3;1;1;0,00 €;;"POMPE NAPPEUSE";0;0;;;;0;0;0;1;22/5/2024 00:00:00;11;2;901;0;;
2625;178568;"BAGUE DE RETENUE REP 14 ET REP 7";"0638877";92;"0638877";2;;51,34 €;1;1;1;0,00 €;;"POMPE NAPPEUSE";0;0;;;;0;0;0;;;11;2;901;0;;
2626;178569;"BAGUE DE RETENUE DOUBLE REP 9";"0638878";92;"0638897";2;;42,46 €;2;1;1;0,00 €;;"POMPE NAPPEUSE";0;0;;;;0;0;0;1;22/5/2024 00:00:00;11;2;901;0;;
2627;178570;"JOINT TEFLON REP 10";"0638875";92;"0638875";2;;62,72 €;14;4;6;0,00 €;;"POMPE NAPPEUSE";0;0;;;;0;0;0;1;10/11/2023 00:00:00;11;2;901;0;;
2628;178571;"JOINT";"0602795";92;"0602795";2;;21,45 €;4;2;4;0,00 €;;"POMPE NAPPEUSE";0;0;;;;0;0;0;;;11;2;901;0;;
2629;178572;"BAGUE DE RETENUE REP 24";"0638879";92;"0638879";2;;53,04 €;1;1;1;0,00 €;;"POMPE NAPPEUSE";0;0;;;;0;0;0;;;11;2;901;0;;
2630;178573;"RONDELLE";"0470252";92;"0470252";2;;3,32 €;1;1;1;0,00 €;;"POMPE NAPPEUSE";0;0;;;;0;0;0;;;11;2;901;0;;
2631;178574;"RONDELLE";"0470279";92;"0470279";2;;16,84 €;1;1;1;0,00 €;;"POMPE NAPPEUSE";0;0;;;;0;0;0;;;11;2;901;0;;
2632;178575;"TOC ENTRAINEMENT";"0473111";92;"0473111";2;;35,36 €;1;1;1;0,00 €;;"POMPE NAPPEUSE";0;0;;;;0;0;0;1;10/11/2023 00:00:00;11;2;901;0;;
2633;178576;"PISTON";"0473170";92;"0473170";2;;93,92 €;1;1;1;0,00 €;;"POMPE NAPPEUSE";0;0;;;;0;0;0;1;10/11/2023 00:00:00;11;2;901;0;;
2634;178577;"RONDELLE";"0470287";92;"0470287";2;;12,87 €;1;1;1;0,00 €;;"POMPE NAPPEUSE";0;0;;;;0;0;0;;;11;2;901;0;;
2635;178578;"SILENCIEUX";"0470368";92;"0470368";2;;46,41 €;2;1;1;0,00 €;;"POMPE NAPPEUSE";0;0;;;;0;0;0;1;28/6/2023 00:00:00;11;2;901;0;;
2636;178579;"BILLE";"0638785";92;"0638785";2;;37,08 €;2;1;1;0,00 €;;"POMPE NAPPEUSE";0;0;;;;0;0;0;;;;;;0;;
2637;178580;"PLAQUE";"0418498";92;"0418498";2;;296,42 €;2;1;1;0,00 €;;"POMPE NAPPEUSE";0;0;;;;0;0;0;;;;;;0;;
2638;178581;"BASCULE";"0470325";92;"0470325";2;;20,34 €;1;1;1;0,00 €;;"POMPE NAPPEUSE";0;0;;;;0;0;0;;;11;2;901;0;;
2639;178582;"PALIER";"0473081";92;;2;;20,34 €;1;1;1;0,00 €;;"POMPE NAPPEUSE";0;0;;;;0;0;0;;;11;2;901;0;;
2640;178583;"RESSORT";"0617709";92;;3;;4,23 €;1;1;1;0,00 €;;"POMPE NAPPEUSE";0;0;;;;0;0;0;;;11;2;901;0;;
2641;178585;"JOINT U";"0310204";92;;2;;8,64 €;4;1;1;0,00 €;;"POMPE NAPPEUSE";0;0;;;;0;0;0;1;6/8/2026 00:00:00;11;2;901;0;;
2642;178586;"JOINT REP 29";"0482609";92;"0482609";2;;15,34 €;2;1;1;0,00 €;;"POMPE NAPPEUSE";0;0;;;;0;0;0;1;22/5/2024 00:00:00;11;2;901;0;;
2643;178587;"KIT JOINT";"0638898";92;"0638898";2;;207,74 €;1;1;1;0,00 €;;"POMPE NAPPEUSE";0;0;;;;0;0;0;;;;;;0;;
2644;178588;"BILLE";"0603600";92;"0603600";3;;19,67 €;2;1;1;0,00 €;;"POMPE NAPPEUSE";0;0;;;;0;0;0;;;11;2;901;0;;
2645;178589;"PLAQUE DE SOUPAPE";"0415375";92;"0415375";3;;158,02 €;1;1;1;0,00 €;;"POMPE NAPPEUSE";0;0;;;;0;0;0;;;11;2;901;0;;
2646;178584;"VALVE";"REP 24";92;;2;;30,55 €;1;1;0;0,00 €;;"POMPE NAPPEUSE";0;0;;;;0;0;0;;;11;2;901;0;;
2647;178543;"ECROU LIAISON";"PD IG SWZ  W 208003";93;"SWZ  W 208003";3;;59,94 €;2;1;1;0,00 €;;"POUR IMPRIMANTE ETICONCEPT";0;0;;;;0;0;0;;;11;1;304;0;;
2648;178546;"RESSORT COUTEAU FARINEUR";"W000570";10;"W000570";3;;7,00 €;10;4;10;0,00 €;;"FARINEUR";0;0;;;;0;0;0;1;12/1/2024 00:00:00;;;;0;;
2649;178542;"TAPIS EXTRUDEUR 175*1370";"FRO 0196771";125;"FRO 0196771";3;;300,00 €;2;1;1;0,00 €;;"<div>EXTRUDEUR TARTO</div>";0;0;;;;0;0;0;1;30/12/2025 00:00:00;20;1;102;0;;
2650;178594;"MOTO VENTILLATEUR";"VED DA 9/9 4 POLES 230V 550W 3500M3/H";10;;10;;550,00 €;0;1;1;0,00 €;;"POUR INSUFLATION PLONGE";0;0;;;;0;0;0;;;;;;0;;
2651;178598;"SONDE PT100";"23355155/23355165";10;"23355155";1;;196,61 €;2;1;2;0,00 €;;"POUR CUISSEUR AURIOL";0;0;;;;0;0;0;1;28/7/2023 00:00:00;;;;0;;
2652;178609;"ECROU IGUS";"DST-JRFM-3244DS20X60";93;"DST-JRFM-3244DS20X60";3;;50,00 €;2;1;1;0,00 €;;"POUR FILLPACK 4 VOIES";0;0;;;;0;0;0;;;20;2;508;0;;
2653;178491;"GRILLE TAMISEUR FARINE";"V601 FIL0.4 M1.34";108;"V601 FIL0.4 M1.34";3;;1200,00 €;1;1;1;0,00 €;;"";0;0;;;;0;0;0;;;40;3;201;0;;
2654;178492;"GRILLE TAMISEUR SUCRE";"V601 FIL0.9 M3.07";108;"V601 FIL0.9 M3.07";3;;1200,00 €;1;1;1;0,00 €;;"";0;0;;;;0;0;0;;;40;3;201;0;;
2656;100132;"JOINT GRILLE TAMISEUR FARINE";"JOINT GRILLE TAMISEUR FARINE";108;;3;;25,00 €;2;2;4;0,00 €;;"";0;0;;;;0;0;0;;;40;3;201;0;;
2657;178547;"HUILEUR PNEUMATIQUE 3/4";"R412006232";90;"R412006232";2;;95,22 €;1;1;1;0,00 €;;"POUR FILLPACK";0;0;;;;0;0;0;;;3;7;301;0;;
2659;178520;"VERIN D32 C40";"DSNU 32-40-P-A";4;"195981";2;;61,00 €;1;1;1;0,00 €;;"doseuse Bakon<br>
202-1837 RS component";0;0;;;;0;0;0;;;;;;0;;
2660;178521;"VERIN D25 C30";"DSNU 25-30-P-A";4;"1908307";2;;51,00 €;1;1;1;0,00 €;;"doseuse Bakon<br>
136-6639 RS COMPONENT";0;0;;;;0;0;0;;;;;;0;;
2661;178753;"INTERRUPTEUR GENERAL NOIR 3P+N 20A";"T0-2-8900/EA/SVB-SW";95;"T0-2-8900/EA/SVB-SW";1;;38,02 €;2;1;2;0,00 €;;"FOUR L2";0;0;;;;0;0;0;1;19/9/2025 00:00:00;21;3;401;0;;
2663;178769;"VARIATEUR DE FREQUENCE";"FR-D740-022SC-EC";102;"FR-D740-022SC-EC";1;;180,61 €;2;1;1;0,00 €;;"767-3012 CHEZ RS COMPONENT";0;0;;;;0;0;0;;;;;;0;;
2664;100134;"JOINT A LEVRE DL FKM";"30X47X7";;;3;;2,00 €;1;1;1;0,00 €;;"";0;0;;;;0;0;0;;;;;;0;;
2665;100135;"JOINT A LEVRE";"35X72X10";;;12;;2,00 €;1;1;1;0,00 €;;"<div>boite</div>";0;0;;;;0;0;0;;;;;;0;;
2666;100136;"JOINT A LEVRE";"20X40X7";;;3;;2,00 €;2;1;1;0,00 €;;"";0;0;;;;0;0;0;;;;;;0;;
2667;100137;"JOINT A LEVRE";"25X40X7";;;12;;2,00 €;2;1;2;0,00 €;;"<div>boite</div>";0;0;;;;0;0;0;;;;;;0;;
2668;100138;"JOINT A LEVRE";"30X60X10";;;3;;2,00 €;1;1;1;0,00 €;;"<div>boite</div>";0;0;;;;0;0;0;;;;;;0;;
2669;100139;"JOINT A LEVRE";"60X80X8";;;12;;2,00 €;2;1;2;0,00 €;;"<div>boite</div>";0;0;;;;0;0;0;;;;;;0;;
2670;100140;"JOINT A LEVRE";"60X80X10";;;12;;2,00 €;2;1;2;0,00 €;;"<div>boite</div>";0;0;;;;0;0;0;;;;;;0;;
2671;178641;"DISTRIBUTEUR 5/2 24V DC (100141) 8043219";"VUVS-LK25-B52C-D-G14-1B2-S";4;"8043219";2;;51,18 €;1;1;1;0,00 €;;"TARTO<br>
MECANICAIR";1;0;;;;0;0;0;;;3;6;503;0;;
2672;100142;"CELLULE REFLEXION";"42EF-P2MPB-F4";99;"42EF-P2MPB-F4";8;;58,00 €;1;1;2;0,00 €;;"cellule tarto /dosage tromp";0;0;;;;0;0;0;;;1;9;201;0;;
2675;178623;"REGULATEUR TEMPERATURE PTC PASTO 6";"EVK412P3VXBS";101;"EVK412P3VXBS";1;;157,00 €;1;1;2;0,00 €;;"<div>PASTO 6</div>";0;0;;;;0;0;0;;;20;4;405;0;;
2677;100143;"INDEXEUR ARRET TARTE FILLPACK";"INDEXEUR ARRET TARTE FILLPACK";71;"INDEXEUR ARRET TARTE FILLPACK";3;;20,00 €;13;2;10;0,00 €;;"";0;0;;;;0;0;0;;;20;2;506;0;;
2683;100144;"BOUTON ARRET URGENCE SANS BLOQUAGE";"NDRR50RT";103;"NDRR50RT";1;;20,00 €;1;1;1;0,00 €;;"ROBOT AXYS";0;0;;;;0;0;0;;;;;;0;;
2684;181028;"BOUTON ARRET URGENCE A VERROUILLAGE";"NDRZ50RT";103;"NDRZ50RT";1;;20,00 €;1;1;1;0,00 €;;"ROBOT AXYS";0;0;;;;0;0;0;1;9/1/2024 00:00:00;2;1;501;0;;
2685;178882;"ECRAN DE COMMANDE PETRIN 2 (TOUCHES+PLATINE)";"AF451895590";10;"AF451895590";1;;574,58 €;1;1;1;0,00 €;;"PETRIN 2";0;0;;;;0;0;0;1;23/9/2025 00:00:00;20;4;1103;0;;
2686;100146;"RELAIS STATIQUE 3-32VDC RAIL DIN";"RP1A23D3M1";104;"RP1A23D3M1";16;;35,00 €;2;1;2;0,00 €;;"SMIPACK";0;0;;;;0;0;0;1;29/11/2024 00:00:00;2;5;305;0;;
2687;178693;"GOUPILLE FOUET BATTEUR TONELLI voir 180081/180082";"P07 00033";71;"P07 00033";3;;55,50 €;0;0;6;0,00 €;;"BATTEUR TONNELLI";0;0;;;;0;0;1;5;;;;;0;;
2688;178642;"DISTRIBUTEUR 3/2  24DC  G1/4 8043217";"VUVS LK25 M32C AD G14 1B2 S";4;"8043217";2;;50,00 €;1;1;1;0,00 €;;"";0;0;;;;0;0;0;;;3;5;301;0;;
2689;100147;"ALIMENTATION 24DC 1,3A";"PULS ML30.100";10;"ML30.100";1;;76,00 €;1;1;1;0,00 €;;"DOSEUSE BAKON";0;0;;;;0;0;0;;;;;;0;;
2690;178785;"CELLULE REFLEX SORTIE RELAIS PMP12RG1365";"PMP12RG1365";104;"PMP12RG1365";8;;50,00 €;2;1;0;0,00 €;;"cellule lave bottes";0;0;;;;0;0;0;;;1;2;401;0;;
2696;179054;"CLE SECURITE";"AZ/AZM300-B1";103;"10128025";1;;65,00 €;3;1;1;0,00 €;;"ROBOT AXYS";0;0;;;;0;0;0;1;8/10/2025 00:00:00;20;2;903;0;;
2697;179056;"REGULATEUR PRESSION 192300";"LR-1/4-D-I-MINI";4;"192300";2;;65,00 €;2;1;1;0,00 €;;"<div>TARTO </div>";0;0;;;;0;0;0;1;29/6/2026 00:00:00;3;8;202;0;;
2698;179057;"COUPLEUR PNEUMATIQUE M1/2";"9401U0821";8;"9401U0821";2;;33,00 €;4;4;10;0,00 €;;"";0;0;;;;0;0;0;1;30/4/2024 00:00:00;;;;0;;
2699;100148;"CONTRE MATRICE PASTEIS";"EMPREINTE FERNETO";107;"EMPREINTE FERNETO";3;;50,00 €;10;0;10;0,00 €;;"FERNETO";0;0;;;;0;0;1;;;31;3;401;0;;
2731;179021;"VENTOUSE";"ZP3P-20PTSF";6;"ZP3P-20PTSF";2;;5,00 €;14;5;0;0,00 €;;"FERNETO";0;0;;;;0;0;0;1;;31;3;404;0;;
2732;179022;"VENTURI";"ZH13 DSA 08 10 10 T8 T10";6;;2;;50,00 €;1;1;0;0,00 €;;"<div>FERNETO</div>";0;0;;;;0;0;0;;;31;3;404;0;;
2733;179023;"CLAPET VENTURI";"ZP2V BG1W6-10";6;"ZP2V BG1W8-10";2;;50,00 €;8;5;0;0,00 €;;"FERNETO";0;0;;;;0;0;0;1;13/11/2024 00:00:00;31;3;404;0;;
2734;179024;"RACCORD VENTOUSE";"KQ2N06-01NS 6 1/8";6;;2;;15,00 €;10;2;0;0,00 €;;"FERNETO";0;0;;;;0;0;0;;;31;3;404;0;;
2735;179025;"PINCE PRISE PASTEIS";"MHC2-10D";6;;2;;200,00 €;2;1;0;0,00 €;;"FERNETO";0;0;;;;0;0;0;;;31;3;404;0;;
2736;179026;"DISTRIBUTEUR 5/2";"SY5120 5WAOU-01F-Q";6;;2;;50,00 €;2;1;0;0,00 €;;"FERNETO";0;0;;;;0;0;0;1;17/8/2023 00:00:00;31;3;404;0;;
2737;179027;"DISTRIBUTEUR 5/3 CENTRE FERME";"SY5320-5WAOU-01F-Q";6;;2;;50,00 €;1;1;0;0,00 €;;"FERNETO";0;0;;;;0;0;0;1;27/10/2023 00:00:00;31;3;401;0;;
2738;179028;"DISTRIBUTEUR 5/3 CENTRE OUVERT";"SY5420-5WAOU-01F-Q";6;;2;;87,00 €;1;1;0;0,00 €;;"FERNETO";0;0;;;;0;0;0;;;31;3;401;0;;
2739;179029;"CAPTEUR VERIN";"D-A93SAPC";6;;8;;25,00 €;4;2;0;0,00 €;;"FERNETO";0;0;;;;0;0;0;;;31;3;401;0;;
2740;179030;"VERIN MONTE VENTOUSE DEPILEUR";"MGPM25TF-50Z";6;;2;;100,00 €;1;1;0;0,00 €;;"FERNETO";0;0;;;;0;0;0;;;31;3;401;0;;
2741;179031;"REGULATEUR DEBIT VERIN";"AS2201F-G01-06A";6;;2;;20,00 €;5;1;0;0,00 €;;"FERNETO";0;0;;;;0;0;0;;;31;3;404;0;;
2742;179032;"VERIN PRISE PASTEIS";"MGPM25TF-20Z";6;;2;;196,00 €;1;1;0;0,00 €;;"FERNETO";0;0;;;;0;0;0;;;31;3;401;0;;
2743;179033;"REGULATEUR DEBIT EN LIGNE";"AS1002F-06A 6-6";6;;2;;25,00 €;2;1;0;0,00 €;;"FERNETO";0;0;;;;0;0;0;;;31;3;404;0;;
2744;179034;"REGULATEUR DEBIT EN LIGNE AVEC AFFICHEUR";"AS2052FS-08";6;;2;;25,00 €;2;1;0;0,00 €;;"FERNETO";0;0;;;;0;0;0;;;31;3;404;0;;
2745;179035;"REGULATEUR DEBIT EN LIGNE";"AS2001F-06-3";6;;2;;17,00 €;2;1;0;0,00 €;;"FERNETO";0;0;;;;0;0;0;;;31;3;404;0;;
2746;179036;"VERIN PRESSAGE";"MGPM63TF-75Z";6;;2;;313,00 €;1;1;0;0,00 €;;"FERNETO";0;0;;;;0;0;0;;;31;3;401;0;;
2747;179037;"VALVE SECTIONNEMENT";"AV 4000-F04B-5YZB-A";6;;2;;120,00 €;1;1;0;0,00 €;;"FERNETO";0;0;;;;0;0;0;;;31;3;401;0;;
2748;179038;"SILENCIEUX VENTURI";"AN20-C10";6;;2;;10,00 €;5;1;0;0,00 €;;"FERNETO";0;0;;;;0;0;0;;;31;3;404;0;;
2749;179039;"SILENCIEUX DISTRIBUTEUR";"AN10-N01 1/8";6;;2;;10,00 €;5;2;0;0,00 €;;"FERNETO";0;0;;;;0;0;0;;;31;3;404;0;;
2750;179040;"VALVE REGULATEUR DISTRIBUTEUR ";"ASN2 01 S";6;;2;;9,00 €;1;1;0;0,00 €;;"FERNETO";0;0;;;;0;0;0;;;31;3;404;0;;
2751;179041;"ELECTROVANNE POUR AIR";"VQ21A1-5YZ-C6-Q";6;;2;;33,00 €;1;1;0;0,00 €;;"FERNETO";0;0;;;;0;0;0;;;31;3;401;0;;
2752;176283;"BLOC FILTRE PRESSE 5µ";"ZFC53, X03 4-4";6;"992459";2;;10,35 €;2;1;0;0,00 €;;"FERNETO";0;0;;;;0;0;0;;;31;3;404;0;;
2753;179043;"REGULATEUR PRESSION   MANO";"ARG20K-F02G1H-B";6;;2;;43,59 €;1;1;0;0,00 €;;"FERNETO";0;0;;;;0;0;0;1;24/7/2023 00:00:00;31;3;401;0;;
2754;179044;"VERIN  COUPE PATE";"MGPM32TF-50Z";6;;2;;120,00 €;1;1;0;0,00 €;;"FERNETO";0;0;;;;0;0;0;;;31;3;401;0;;
2755;179045;"VERIN DECALLAGE COUPE PATE";"MGPM20TF-20Z";6;;2;;166,00 €;1;1;0;0,00 €;;"FERNETO";0;0;;;;0;0;0;;;31;3;401;0;;
2756;179046;"VALVE REGULATION COUPE PATE";"JAS-LEB06-G01";6;;2;;9,40 €;1;1;0;0,00 €;;"FERNETO";0;0;;;;0;0;0;;;31;3;404;0;;
2757;179047;"VALVE REGULATION COUPE PATE";"JAS-LEA06-G02";6;;2;;9,40 €;1;1;0;0,00 €;;"FERNETO";0;0;;;;0;0;0;;;31;3;404;0;;
2758;179048;"AMORTISSEUR VERIN M14";"RJ1412L";6;;3;;54,00 €;4;2;0;0,00 €;;"FERNETO";0;0;;;;0;0;0;;;31;3;401;0;;
2759;100149;"BUTEE A BILLE INOX";"D6 LONG7 LONG LIBRE 8,5";;;3;;;10;1;0;0,00 €;;"FERNETO";0;0;;;;0;0;0;;;31;3;401;0;;
2760;179479;"ADAPTATEUR VENTOUSE";"ZP3PA-T1-AG1";6;"1692768";2;;6,26 €;5;5;0;0,00 €;;"FERNETO";0;0;;;;0;0;0;4;3/10/2022 00:00:00;31;3;404;0;;
2762;179318;"CAPTEUR PRESENCE MOULE PRESSE";"QS18VP6DQ8";128;"QS18VP6DQ8";8;;113,26 €;1;1;0;0,00 €;;"FERNETO";0;0;;;;0;0;0;;;1;3;104;0;;
2763;179478;"REGULATEUR PRESSION EN LIGNE";"ARM5 SA 08 A";6;;2;;50,00 €;2;1;0;0,00 €;;"FERNETO";0;0;;;;0;0;0;;;31;3;404;0;;
2764;100154;"RESISTANCE DE CHAUFFE 200W";"D6,5x40 200w FIO 1,5M SILICONE";;;1;;100,00 €;4;0;0;0,00 €;;"FERNETO";0;0;;;;0;0;0;;;31;3;401;1;;
2765;100155;"SONDE DE CHAUFFE  PT100";"PT100,1-S3F-05X0030-PM8xX0200-MOL-ST-DIR";;;1;;50,00 €;1;0;0;0,00 €;;"FERNETO";0;0;;;;0;0;1;;;31;3;401;0;;
2766;179307;"SECURITE PORTE FERNETO";"HP AB050F 5PN";126;"HP AB050F 5PN";1;;116,98 €;2;1;0;0,00 €;;"FERNETO";0;0;;;;0;0;0;1;;31;3;401;0;;
2767;179319;"CHANGEUR D'OUTILS PNEUMATIQUE MALE";"QC50-A";130;"QC50-A";2;;256,68 €;1;1;0;0,00 €;;"FERNETO";0;0;;;;0;0;0;;;31;3;401;0;;
2768;100158;"CAPTEUR PRESSE";"8064017";;;8;;50,00 €;1;0;0;0,00 €;;"FERNETO";0;0;;;;0;0;0;;;31;3;401;0;;
2769;100159;"GOUPILLE PRESSE ";"PUZZLE PAK0790,001510050";;;;;;0;0;0;0,00 €;;"FERNETO";0;0;;;;0;0;0;;;;;;0;;
2770;100160;"LAME COUPE PATE FIXE";"ARL545 CODE 31008963503016";107;;3;;50,00 €;0;0;0;0,00 €;;"FERNETO";0;0;;;;0;0;0;;;;;;0;;
2771;100161;"LAME COUPE PATE MOBILE";"ARL545 CODE 30265500002281";107;;3;;50,00 €;10;2;0;0,00 €;;"FERNETO";0;0;;;;0;0;0;;;31;3;401;0;;
2774;179477;"VERIN TRANSFERT SORTIE";"CY1S25TF-300BZ";6;"1041362";2;;538,48 €;1;1;0;0,00 €;;"FERNETO";0;0;;;;0;0;0;;;31;3;401;0;;
2775;100165;"VERRINE LED ROUGE";"TL50RQ";;;;;;0;0;0;0,00 €;;"FERNETO";0;0;;;;0;0;0;;;;;;0;;
2776;100166;"VERRINE ROUGE/VERT/BLEUE";"TL50GYRALSQ";;;;;;0;0;0;0,00 €;;"FERNETO";0;0;;;;0;0;0;;;;;;0;;
2777;100167;"JOINT PRESSE";"Øext 31 ØINT 25 ØTORE 3";;;3;;7,00 €;5;1;0;0,00 €;;"FERNETO";0;0;;;;0;0;0;;;31;3;401;0;;
2780;179310;"PLAQUE EMPREINTE CONTRE MATRICE";"30265500000262";126;"30265500000262";5;;50,00 €;4;1;0;0,00 €;;"FERNETO";0;0;;;;0;0;0;;;31;3;401;0;;
2782;100171;"VERIN A GAZ";"QS-12-060-XXXX-100N";106;"QS-12-060-XXXX-100N";3;;50,00 €;2;2;2;0,00 €;;"FERNETO";0;0;;;;0;0;0;;;31;3;401;0;;
2783;179099;"COURROIE LARG 25 T5*590 118 DENTS";"COURROIE T5 590 *25";10;"COURROIE T5 590 *25";3;;16,23 €;4;2;2;0,00 €;;"CONVOYEUR AERIEN";0;0;;;;0;0;0;1;18/7/2025 00:00:00;12;1;202;0;;
2784;179094;"CAPTEUR SECURITE";"PSEN MA1.3A-20/1 SWITCH";39;"526120";8;;44,10 €;0;1;1;0,00 €;;"FERNETO";0;0;;;;0;0;0;;;;;;0;;
2785;179095;"AIMANT POUR CAPTEUR SECURITE";"PSEN MA1.3-08/1 AIMANT";39;"516120";8;;11,30 €;0;1;1;0,00 €;;"FERNETO";0;0;;;;0;0;0;;;;;;0;;
2786;179096;"INTERRUPTEUR SECURITE AXE ROTATIF 30MM 2NC";"XCS PR752";91;"XCSPR 752";1;;40,00 €;1;1;1;0,00 €;;"FILLPACK 4T";0;0;;;;0;0;0;1;2/6/2023 00:00:00;1;5;103;0;;
2787;179097;"POTENTIOMETRE 10KOHM";"3SU 1200-2PS10-1AA0";83;"3SU 1200-2PS10-1AA0";1;;34,34 €;4;2;4;0,00 €;;"";0;0;;;;0;0;0;1;12/1/2024 00:00:00;11;3;502;0;;
2788;179086;"FILTRE 0,01MM MS4/D-MINI-LFM-A";"162674";4;"162674";2;;36,70 €;2;1;1;0,00 €;;"FILTRE FOISONNEUR 0,01MM L1/L2";0;0;;;;0;0;0;;;3;7;504;0;;
2789;179085;"CARTOUCHE FILTRANTE CHARBON MS4/D-MINI-LFX";"532912";4;"532912";2;;35,96 €;2;1;1;0,00 €;;"FILTRE CHARBON FOISONNEUR L1/L2";0;0;;;;0;0;0;;;3;7;503;0;;
2790;179087;"CARTOUCHE FILTRANTE MS4/D-MINI-LFM-B";"162677";4;"162677";2;;36,70 €;2;1;2;0,00 €;;"FOISONNEUR L1/L2";0;0;;;;0;0;0;;;3;7;505;0;;
2791;179088;"CARTOUCHE FILTRANTE LFMAP-D-MIDI";"162675";4;"162675";2;;71,88 €;3;1;1;0,00 €;;"FOISONNEUR L1/L2";0;0;;;;0;0;0;1;23/9/2025 00:00:00;3;7;401;0;;
2792;150047;"CARTOUCHE FILTRANTE LFP-D-MINI-40M";"363665";4;;2;;6,76 €;3;2;3;0,00 €;;"";0;0;;;;0;0;0;;;3;7;502;0;;
2793;150046;"CARTOUCHE FILTRANTE LFP-D-MIDI-40M";"363667";4;"363667";2;;11,71 €;6;2;3;0,00 €;;"";0;0;;;;0;0;0;1;6/4/2023 00:00:00;3;7;501;0;;
2794;179131;"JOINT DE PLATINE RP2023";"712";109;"712";3;;9,14 €;5;1;6;0,00 €;;"POUR MICRO DOSEUSE";0;0;;;;0;0;0;;;;;;0;;
2795;170514;"CAPTEUR PHOTOELECTRIQUE M8 PNP SUPP ARRIERE PLAN";"WTB4S-3P2262V";40;"1046383";8;;164,00 €;4;2;6;0,00 €;;"FILLPACK 2 T";0;0;;;;0;0;0;1;25/6/2025 00:00:00;1;2;302;0;;
2796;100172;"CARTOUCHE FILTRANTE LFP-D-MIDI-5M";"159640";4;"159640";2;;40,00 €;1;1;2;0,00 €;;"FOISONNEUR L1/L2";0;0;;;;0;0;0;;;3;7;402;0;;
2797;100173;"CELLULE  OBE20M R101-S-IO V31-L";"267075-100144";100;"267075-100144";8;;200,00 €;1;1;2;0,00 €;;"";0;0;;;;0;0;0;;;1;2;202;0;;
2799;178720;"RACLEUR EXTRUDEUR";"G02900053A";111;"G02900053A";3;;200,00 €;0;1;1;0,00 €;;"EXTRUDEUR RONDO";0;0;;;;0;0;0;5;;;;;0;;
2800;178721;"RACLEUR EXTRUDEUR";"G02900053B";111;"G02900053B";3;;200,00 €;0;1;1;0,00 €;;"EXTRUDEUR RONDO";0;0;;;;0;0;0;5;;;;;0;;
2801;179137;"TUBE LED HF T5 28W/840 D16 LG1163MM CULOT G5";"OSR29349";42;"591421";1;;17,54 €;1;1;1;0,00 €;;"NEON POUR HOTTE";0;0;;;;0;0;0;1;15/1/2026 00:00:00;31;2;;0;;
2802;179138;"VERIN DE GUIDAGE D50 C20";"DGRF-C-GF-50-20-PPV-R";4;"562220";2;;642,44 €;1;1;1;0,00 €;;"FILLPACK 4T";0;0;;;;0;0;0;1;25/5/2023 00:00:00;20;2;305;0;;
2803;179139;"JOINT SPY BASL 17*28*7 DOUBLE LEVRES";"BASL 17287";10;"BASL 17287";12;;5,94 €;1;2;2;0,00 €;;"<div>boite</div>";0;0;;;;0;0;0;1;17/11/2023 00:00:00;;;;0;;
2804;179145;"DISJONCTEUR DIFFERENTIEL MATRICE FONCAGE TARTO";"A9Q11225 + A9A26924 + A9F77210";91;"A9Q11225 + A9A26924 + A9F77210";1;;189,65 €;1;1;1;0,00 €;;"TARTOMATIC";0;0;;;;0;0;0;1;19/9/2024 00:00:00;2;10;501;0;;
2806;164739;"CONTACTEUR 3F+2O 10A 24VCC";"CAD32BD";91;"CAD32BD";1;;55,35 €;1;1;1;0,00 €;;"";0;0;;;;0;0;0;1;27/2/2025 00:00:00;2;10;403;0;;
2807;149070;"DISJONCTEUR MOTEUR 10A 3P";"GV2L14";91;"GV2L14";1;;62,90 €;1;1;1;0,00 €;;"";0;0;;;;0;0;0;1;;2;10;201;0;;
2808;163138;"CONTACT AUXILIAIRE 1O+1F";"GVAE11";91;"GVAE11";1;;7,47 €;6;1;1;0,00 €;;"";0;0;;;;0;0;0;1;24/11/2023 00:00:00;2;11;201;0;;
2809;103635;"DISJONCTEUR MOTEUR 2,5A/4A";"GV2ME08";91;"GV2M08";1;;47,22 €;1;1;1;0,00 €;;"";0;0;;;;0;0;0;1;11/12/2024 00:00:00;2;10;202;0;;
2810;163136;"DISJONCTEUR MOTEUR 0,4A/0,63A";"GV2ME04";91;"GV2ME04";1;;48,85 €;2;1;1;0,00 €;;"";0;0;;;;0;0;0;1;18/9/2024 00:00:00;2;10;102;0;;
2811;102983;"DISJONCTEUR MOTEUR 9A/14A";"GV2ME16";91;"GV2ME16";1;;56,92 €;1;1;1;0,00 €;;"";0;0;;;;0;0;0;;;2;10;107;0;;
2813;178778;"RESSORT TREMIE FARINE DFIL 2 DEXT28 LG110";"RESSORT TREMIE FARINE DFIL 2 DEXT28 LG110";10;"RESSORT TREMIE FARINE DFIL 2 DEXT28 LG110";3;;36,51 €;3;1;5;0,00 €;;"tremie farine";0;0;;;;0;0;0;;;40;2;503;0;;
2814;100174;"ALIMENTATION 230V 24V 10A SITOP PSU100S";"6EP1334-2BA20";83;"6EP1334-2BA20";1;;187,00 €;1;1;1;0,00 €;;"";0;0;;;;0;0;0;;;21;2;801;0;;
2815;100175;"TUYAU DISTRIBUTEUR SAVON LAVE BOTTE CONDITIONEMENT";"TUYAU D4,8";10;"667-8448";3;;19,00 €;16;1;2;0,00 €;;"TUYAU AU METRE RS REF 667-8448";0;0;;;;0;0;0;1;;30;3;302;0;;
2816;100176;"CAPOT DE CONNECTEUR HARTING SERIE HAN 3A, PG11";"0920 003 1250";113;"0920 003 1250";1;;16,16 €;3;1;3;0,00 €;;"";0;0;;;;0;0;0;1;13/5/2025 00:00:00;2;4;105;0;;
2817;100177;"EMBOUT DE CONNECTEUR FEMELLE HARTING 4 CONTACTS";"0920 004 2711";113;"0920 004 2711";1;;11,20 €;4;2;3;0,00 €;;"";0;0;;;;0;0;0;1;30/9/2026 00:00:00;2;4;102;0;;
2818;111278;"EMBOUT DE CONNECTEUR MALE HARTING 4 CONTACTS";"0920 004 2611 181-0482";113;"0920 004 2611";1;;11,65 €;4;2;3;0,00 €;;"";0;0;;;;0;0;0;1;27/7/2026 00:00:00;2;4;101;0;;
2819;178691;"RACLEURS DE FOND EN POM PASTO PC110";"277";109;"277";3;;33,66 €;4;1;2;0,00 €;;"PASTO 4 110L";0;0;;;;0;0;0;1;16/10/2024 00:00:00;;;;0;;
2820;180598;"RACLEUR TEFLON COTE  PASTO 2 ET 3 CU3/221A";"RACLEUR A";98;;3;;42,00 €;2;2;0;0,00 €;;"<div>PASTO 2/3</div>";0;0;;;;0;0;0;1;2/12/2025 00:00:00;20;4;505;0;;
2822;179178;"LUBRIFICATEUR MS4-LOE-1/4-R";"529411";4;"529411";2;;29,00 €;1;1;1;0,00 €;;"";0;0;;;;0;0;0;;;3;8;402;0;;
2823;177494;"DISTRIBUTEUR MISE EN PRESSION";"MS4-EE-1/4-10V24P-S";4;"542578";2;;88,80 €;1;1;1;0,00 €;;"";0;0;;;;0;0;0;1;7/4/2025 00:00:00;3;7;203;0;;
2824;167321;"RIDEAUX PROTECTION RX 2MM";"RIDEAUX PROTECTION RX 2MM";10;"RIDEAUX PROTECTION RX 2MM";3;;200,00 €;0;1;2;0,00 €;;"POUR RX";0;0;;;;0;0;0;5;13/7/2023 00:00:00;;;;0;;
2825;178873;"CARTE ALIMENTATION AUTOMATE";"NX-EIC202";13;"NX-EIC202";15;;222,00 €;1;1;1;0,00 €;"SDM";"POUR AUTOMATE ARTIC SDM";0;0;;;;0;0;0;;;;;;0;;
2826;176994;"TENDEUR DE CHAINE";"ROSTA A1 82 08";10;"ROSTA A1 82 08";3;;26,83 €;1;1;1;0,00 €;;"EXTRUDEUSE BOULANGERIE";0;0;;;;0;0;0;;;;;;0;;
2827;183885;"CELLULE RECEPTRICE M12";"PB10CNT15NO3200";104;"PB10CNT15NO3200";8;;66,43 €;2;1;2;0,00 €;;"<div>PORTE RIDEAU</div>";0;0;;;;0;0;0;1;5/3/2026 00:00:00;31;1;408;0;;
2828;183884;"CELLULE EMETRICE M12";"PB10CNT153200";104;"PBCNT153200";8;;60,67 €;2;1;2;0,00 €;;"PORTE RIDEAU";0;0;;;;0;0;0;1;5/3/2026 00:00:00;31;1;408;0;;
2829;151644;"COURROIE TABLES TRANSFERTS SORTIE REDUCTEUR";"HTD 800 8M *30";10;"HTD 800 8M *30";3;;50,00 €;2;1;1;0,00 €;;"table transfert";0;0;;;;0;0;0;1;28/8/2024 00:00:00;12;1;102;0;;
2830;179135;"VENTOUSE ROBOT AXYS";"2088045-R";116;"2088045-R";3;;106,00 €;3;1;3;0,00 €;;"EMBOUT TOURNEUR RESURMOULE CHES AXYS";0;0;;;;0;0;0;1;9/1/2024 00:00:00;20;2;905;0;;
2831;179134;"DOIGT PIQUE";"2100188C";116;"2100188C";3;;84,34 €;16;5;10;0,00 €;;"DOIGT DU ROBOT AXYS";0;0;;;;0;0;0;1;4/7/2025 00:00:00;20;2;1006;0;;
2832;179154;"VARIATEUR 8400 0,37KW";"E84AVBDE3712SX0";117;"13466006";1;;200,00 €;3;1;1;0,00 €;;"VARIATEUR CONVOYEUR";0;0;;;;0;0;0;1;8/6/2026 00:00:00;40;4;303;0;;
2833;179155;"VARIATEUR 8400 0,55KW";"E84AVBDE5512SX0";117;"13417034";1;;200,00 €;1;1;1;0,00 €;;"CONVOYEUR";0;0;;;;0;0;0;;;40;4;302;0;;
2834;181256;"ALIMENTATION STABILISEE 24VDC 2,5A";"146723";46;"146723";1;;112,00 €;1;1;2;0,00 €;;"";0;0;;;;0;0;0;1;8/4/2026 00:00:00;21;2;808;0;;
2835;110062;"DISTRIBUTEUR 5/2 MFH-5-1/4";"6211";4;"6211";2;;155,00 €;1;1;1;0,00 €;;"RX 1";0;0;;;;0;0;0;;;3;6;204;0;;
2836;103716;"BOBINE ELECTROVANNE 24VDC";"MSFG 24/42 50/60";4;"4527";1;;18,80 €;1;1;1;0,00 €;;"RX 1";0;0;;;;0;0;0;;;;;;0;;
2837;179257;"SONDE PT100 3 FILS CABLE SILICONE";"SL100SI1-2M";118;"155836/10";1;;138,00 €;2;2;4;0,00 €;;"PASTO ALIMAT";0;0;;;;0;0;0;;;20;4;502;0;;
2838;179230;"MAITRE IO-LINK DL MB 8P IP69K";"AL1343 /AL1333";44;"AL1343";1;;500,00 €;1;1;1;0,00 €;;"FILLPACK 4T";0;0;;;;0;0;0;;;20;2;507;0;;
2839;147036;"TETE ARRET D'URGENCE";"ZB5AS844";91;"ZB5AS844";1;;26,38 €;2;1;1;0,00 €;;"";0;0;;;;0;0;0;1;4/10/2025 00:00:00;2;1;404;0;;
2840;153831;"EMBASE CONTACT PLASTIQUE XB5";"XB5AZ009";91;"XB5AZ009";1;;1,87 €;9;3;10;0,00 €;;"";0;0;;;;0;0;0;;;2;2;301;0;;
2841;175387;"RELAIS PCB EMBROCHABLE 24VDC";"RSL1AB4BD / 34.51.7.024.0010";91;"RSL1AB4BD";1;;4,97 €;12;2;4;0,00 €;;"<div>ferneto /CADENCEUR /TARTO</div>";0;0;;;;0;0;0;1;17/8/2026 00:00:00;2;5;304;0;;
2842;179287;"JOINT SEMI TOR POUMON MECANIC'AIR";"962394-80";88;"962394-80";2;;15,00 €;4;4;8;0,00 €;;"POUR BRIDE POUMONS MECANIC'AIR";0;0;;;;0;0;0;;;;;;0;;
2843;179107;"COUPLING ROD 1998";"HA 3150";119;"HA 3150";3;;1196,52 €;1;1;1;0,00 €;;"FOISONNEUR L1";0;0;;;;0;0;0;1;28/8/2024 00:00:00;20;3;707;0;;
2844;179103;"ROTOR 1999";"HA-3120";119;"HA-3120";3;;1019,52 €;1;1;1;0,00 €;;"FOISONNEUR";0;0;;;;0;0;0;1;28/8/2024 00:00:00;20;3;904;0;;
2845;179104;"CONNECTING SHAFT 1050";"HA-3121";119;"HA-3121";3;;713,31 €;1;1;1;0,00 €;;"FOISONNEUR";0;0;;;;0;0;0;1;18/3/2026 00:00:00;20;3;904;0;;
2846;179105;"SLEEVE 5115";"HA-2020";119;"HA-2020";3;;45,66 €;1;1;1;0,00 €;;"FOISONNEUR";0;0;;;;0;0;0;1;28/8/2024 00:00:00;20;3;808;0;;
2847;179106;"CLAMP RING 6425";"HA-2070";119;"HA-2070";3;;23,90 €;1;1;2;0,00 €;;"FOISONNEUR";0;0;;;;0;0;0;1;28/8/2024 00:00:00;20;3;808;0;;
2848;179311;"EMBASE POUR RELAIS RPM1….";"RPZF1";91;"RPZF1";1;;8,64 €;2;1;4;0,00 €;;"";0;0;;;;0;0;0;;;2;5;407;0;;
2849;155301;"CELLULE INDUCTIVE M18 CONNECTEUR M12";"E2A-M18KS08-M1-B1";13;"E2A-M18KS08-M1-B1";8;;40,00 €;3;1;1;0,00 €;;"TABLE TRANSFERT";0;0;;;;0;0;0;1;12/1/2024 00:00:00;1;1;105;0;;
2850;179907;"ARRET D'URGENCE";"3SU1801-0NB00-2AC2";83;"3SU1801-0NB00-2AC2";1;;50,00 €;1;1;2;0,00 €;;"CONVOYEUR CONDITIONNEMENT";0;0;;;;0;0;0;;;21;2;701;0;;
2851;179266;"AXE COURT";"G02601375A";111;"G02601375A";5;;42,00 €;1;1;1;0,00 €;;"EXTRUDEUR";0;0;;;;0;0;0;;;;;;0;;
2852;179268;"CAME EXTRUDEUSE";"G00200364A";111;"G00200364A";5;;178,00 €;0;1;1;0,00 €;;"EXTRUDEUSE";0;0;;;;0;0;0;5;;;;;0;;
2853;179267;"AXE COURT";"G02601376A";111;"G02601376A";5;;31,00 €;1;1;1;0,00 €;;"EXTRUDEUR";0;0;;;;0;0;0;;;;;;0;;
2854;179265;"AXE COURT";"G02600749A";111;"G02600749A";5;;42,00 €;1;1;1;0,00 €;;"EXTRUDEUR";0;0;;;;0;0;0;;;;;;0;;
2855;179264;"AXE LONG";"G02601195A";111;"G02601195A";5;;51,00 €;1;1;1;0,00 €;;"EXTRUDEUR";0;0;;;;0;0;0;;;;;;0;;
2857;100185;"ROULEMENT";"7106000022";97;"7106000022";3;;18,78 €;14;6;14;0,00 €;;"EXTRUDEUR";0;0;;;;0;0;0;;;;;;0;;
2858;100186;"DOUILLE A BRIDE";"338.03.180";97;"338.03.180";5;;42,92 €;1;1;10;0,00 €;;"EXTRUDEUR";0;0;;;;0;0;0;;;20;1;402;0;;
2859;107871;"VERIN 1/4 TOUR KINETROL";"054-100";122;"054-100";2;;321,23 €;2;1;1;0,00 €;;"<div>CONVOYEUR &nbsp;CADENCEUR</div>";0;0;;;;0;0;0;;;;;;0;;
2860;179242;"BITZER DISPOSITIF DE SECURITE";"34703501";10;"SE-B3";1;;50,00 €;2;1;1;0,00 €;"CO2";"CO2 marque bitzer";0;0;;;;0;0;0;;;;;;0;;
2861;179261;"COURROIE CRANTEE PORTE CHAMBRE PF";"15 STHI * 5M";10;"15 STHI";3;;56,00 €;5;1;0;0,00 €;;"";0;0;;;;0;0;0;;;12;1;102;0;;
2862;179231;"CABLE M12 VERS RJ 45 5M";"EVF552";44;"EVF552";1;;39,00 €;1;1;1;0,00 €;;"FILLPACK 4 T";0;0;;;;0;0;0;1;5/7/2024 00:00:00;1;11;104;0;;
2863;179229;"CAPTEUR DE NIVEAU ULTRASON";"LMT121 / LMT102 / LMT 104";44;"LMT121";8;;215,30 €;1;1;1;0,00 €;;"FILLPACK 4T";0;0;;;;0;0;0;;;20;2;701;0;;
2864;179260;"COURROIE CRANTEE TABLE TRANSFERT ET ULMA";"8M30 ST *5M";10;"8M30 ST";3;;136,00 €;5;1;1;0,00 €;;"<div>+3.4m</div>";0;0;;;;0;0;0;1;30/6/2026 00:00:00;12;1;102;0;;
2865;168136;"PRISE VAMPIRE";"E70354";44;"E70354";1;;42,00 €;1;1;1;0,00 €;;"FILLPACK 4T";0;0;;;;0;0;0;;;20;2;602;0;;
2866;179234;"CAPTEUR DE PRESSION";"PV7004";44;"PV7004";8;;93,15 €;1;1;1;0,00 €;;"FILLPACK 4T";0;0;;;;0;0;0;;;20;2;602;0;;
2867;179343;"ECRAN CRYO";"6AV2123-2DB03-0AX0";83;" 6AV2123-2DB03-0AX0";1;;350,00 €;1;1;1;0,00 €;;"CRYO";0;0;;;;0;0;0;;;11;2;801;0;;
2868;179299;"MAILLON BLEU COTE 5cm S1100  FLAT TOP";"M1E144DXDXLE POLYPRO";121;"M1E144DXDXLE";3;;0,57 €;59;5;50;0,00 €;;"";0;0;;;;0;0;0;1;;40;1;302;0;;
2869;179300;"MAILLON BLEU COTE 10cm S1100 FLAT TOP";"M1E144DXGXLE  POLYPRO";121;"M1E144DXGXLE";3;;1,12 €;50;5;50;0,00 €;;"";0;0;;;;0;0;0;1;;40;1;302;0;;
2870;179301;"MAILLON BLEU CENTRAL 10cm S1100 FLAT TOP";"M1E144GXJXLE  POLYPRO";121;"M1E144GXJXLE";3;;2,07 €;51;5;50;0,00 €;;"";0;0;;;;0;0;0;1;17/9/2026 00:00:00;40;1;301;0;;
2871;179302;"MAILLON GRIS COTE D 5cm S1100 FLAT TOP";"M1E144DXDXLB  POLYPRO";121;"M1E144DXDXLB";3;;0,55 €;36;5;50;0,00 €;;"";0;0;;;;0;0;0;1;;40;1;405;0;;
2872;179303;"MAILLON GRIS COTE G 5cm S1100 FLAT TOP";"M1E144DXGXLB  POLYPRO";121;"M1E144DXGXLB";3;;1,06 €;26;5;50;0,00 €;;"";0;0;;;;0;0;0;1;;40;1;405;0;;
2873;179304;"MAILLON GRIS CENTRAL 10cm S1100 FLAT TOP";"M1E144GXJXLB  POLYPRO";121;"M1E144GXJXLB";3;;2,01 €;30;5;50;0,00 €;;"";0;0;;;;0;0;0;1;;40;1;405;0;;
2874;179305;"AXE POLYPRO NAT 750MM";"R1USX0156ILJ";121;"R1USX0156ILJ";3;;1,93 €;50;10;50;0,00 €;;"";0;0;;;;0;0;0;;;;;;0;;
2876;179298;"ECHANGEUR GROUPE HYDRAULIQUE AVEC VENTILLATEUR";"7311000007";97;"7311000007";1;;1139,17 €;1;1;1;0,00 €;;"TARTO";0;0;;;;0;0;0;;;;;;0;;
2877;179360;"MAILLON BLEU F COTE 5cm S1100  FLAT TOP";"M1E144DXDXLT ACETAL";121;"M1E144DXDXLT";3;;0,71 €;30;5;30;0,00 €;;"";0;0;;;;0;0;0;1;13/10/2022 00:00:00;40;1;404;0;;
2878;179361;"MAILLON BLEU F COTE 10cm S1100 FLAT TOP";"M1E144DXGXLT ACETAL";121;"M1E144DXGXLT ACETAL";3;;2,11 €;30;5;30;0,00 €;;"";0;0;;;;0;0;0;1;13/10/2022 00:00:00;40;1;404;0;;
2879;179362;"MAILLON BLEU F CENTRAL 10cm S1100 FLAT TOP";"M1E144GXJXLT ACETAL";121;"M1E144GXJXLT ACETAL";3;;2,41 €;40;5;30;0,00 €;;"";0;0;;;;0;0;0;1;13/10/2022 00:00:00;40;1;404;0;;
2880;142692;"ROULEMENT 10*22*6";"61900 2Z HLC / 6900 ZZ";33;"61900 2Z HLC";3;;8,12 €;18;5;10;0,00 €;;"";0;0;;;;0;0;0;1;;10;1;606;0;;
2881;179382;"COURROIE PG 70 DENTS HTD";"350 5M 9";10;"350 5M 9";3;;6,57 €;2;1;1;0,00 €;;"SMIPACK";0;0;;;;0;0;0;1;;;;;0;;
2882;161410;"REDUCTEUR TABLE TOURNANTE";"MVFL249F2PAM71";;"7122000433";3;;243,00 €;1;1;1;0,00 €;;"TARTO";0;0;;;;0;0;0;1;14/5/2025 00:00:00;40;4;201;0;;
2883;173356;"MOTEUR TABLE TOURNANTE";"LS71M4B5A 0,37KW";123;;10;;162,00 €;1;1;1;0,00 €;;"tarto";0;0;;;;0;0;0;1;28/10/2024 00:00:00;40;4;201;0;;
2884;100187;"JOINT SMS CARRE EN L D76";"961115-76";88;"961115-76";3;;10,00 €;4;2;10;0,00 €;;"";0;0;;;;0;0;0;;;10;3;706;0;;
2885;179449;"ACCOUPLEMENT ELASTIQUE R62 ND65";"R62 ND65";10;"R62 ND65";3;;10,68 €;1;1;1;0,00 €;;"accouplement entre pompe hydrau et moteur tarto";0;0;;;;0;0;0;1;;20;1;203;0;;
2886;179369;"KIT DE JOINT POUR  KINETROL SP42";"050-800";122;"050-800";2;;38,00 €;1;1;1;0,00 €;;"";0;0;;;;0;0;0;;;11;2;704;0;;
2887;179371;"DISTRIBUTEUR 4/2 VMPA14-M1HF-M-PI";"578806";4;"578806";17;;67,76 €;2;1;2;0,00 €;;"FILLPACK 4T";0;0;;;;0;0;0;;;3;6;302;0;;
2888;179372;"DISTRIBUTEUR 5/3 CENTRE FERME  VMPA14-M1H-G-PI";"578809";4;"578809";17;;101,58 €;1;1;2;0,00 €;;"FILLPACK 4T";0;0;;;;0;0;0;1;25/10/2024 00:00:00;3;6;301;0;;
2889;179042;"FILTRE BLEUE 5µ (LOT DE 10]";"ZFC-EL-3 BLEU";6;"1007298";2;;1,16 €;5;5;0;0,00 €;;"FERNETO";0;0;;;;0;0;0;4;3/10/2022 00:00:00;31;3;404;0;;
2890;179486;"VERIN ADN 32 20 I PPS A";"572648";4;"572648";2;;53,56 €;3;1;2;0,00 €;;"CADENCEUR";0;0;;;;0;0;0;1;2/10/2025 00:00:00;3;2;201;0;;
2891;117203;"ROULEMENT 45*100*25 HAUTE TEMPERATURE";"6309 ZZ / C3GJN";31;"6309 ZZ C3GJN";3;;14,28 €;6;2;6;0,00 €;;"ROULEMENT MOTEUR KSB";0;0;;;;0;0;0;1;26/1/2024 00:00:00;10;2;1003;0;;
2892;175340;"JOINT SPY 45*60*8 NBR 70SH";"BASL456008";10;"BASL456008";3;;4,00 €;4;2;6;0,00 €;;"MOTEUR KSB";0;0;;;;0;0;0;1;26/1/2024 00:00:00;10;2;1004;0;;
2894;100188;"LIMITEUR DE DEBIT GRLA 1/8 QS 6 MF D";"537075";4;"537075";2;;20,00 €;4;2;4;0,00 €;;"";0;0;;;;0;0;0;;;20;1;201;0;;
2895;178485;"VERIN DFM 40 125 P A KF";"170943";4;"170943";2;;420,00 €;1;1;1;0,00 €;;"COUPE PATE EXTRUDEUR TARTO";0;0;;;;0;0;0;1;10/4/2026 00:00:00;20;1;104;0;;
2897;179473;"COMMUTATEUR 4 POSITIONS";"AF451812314";46;"AF451812314 N18464";1;;269,95 €;1;1;1;0,00 €;;"PETRIN";0;0;;;;0;0;0;1;;20;4;903;0;;
2898;179474;"MINUTERIE DOUBLE AVEC CLAVIER";"AF451808972";10;"AF451808972";1;;697,70 €;1;1;1;0,00 €;;"PETRIN";0;0;;;;0;0;0;1;9/10/2024 00:00:00;20;4;904;0;;
2899;100190;"PRISE TABLEAU FEMELLE HYPRA 16 A 3P + T +N";"555389";46;"555389";1;;50,00 €;7;1;1;0,00 €;;;0;0;;;;0;0;0;1;20/6/2025 00:00:00;30;3;207;0;;
2900;179454;"VERIN ADNGF 50 40 PPS A";"574045";4;"574045";2;;146,38 €;1;1;1;0,00 €;;"TARTO VERIN EJECTION";0;0;;;;0;0;0;1;;20;1;206;0;;
2901;159973;"VERIN ROTATIF 180° DSR 10-180 P";"33297";4;"33297";2;;50,00 €;2;2;3;0,00 €;;"DEPILLEUR TARTO";0;0;;;;0;0;0;1;12/3/2025 00:00:00;20;1;102;0;;
2902;179453;"TAPIS SORTIE FILMEUSE 2425*370";"FRO-0215717";125;"FRO-0215717";3;;80,00 €;1;1;1;0,00 €;;"TAPIS SORTIE SMIPACK";0;0;;;;0;0;0;1;;31;3;406;0;;
2903;179452;"TAPIS ENTREE FILMEUSE 2170*390";"FRO-0215716";125;"FRO-0215716";3;;80,00 €;0;1;1;0,00 €;;"TAPIS ENTREE SMIPACK";0;0;;;;0;0;0;4;;31;3;406;0;;
2904;179263;"ECRAN TP177A5,7 TARTO/DLV";"6AV6642-0AA11-0AX1-0AX0";91;"6AV6642-0AA11-0AX1-0AX0";1;;800,00 €;1;1;1;0,00 €;;"ECRAN TARTO OU DLV";0;0;;;;0;0;0;1;5/10/2023 00:00:00;;;;0;;
2905;100191;"TETE IMPRESSION ZM 600 BUREAU";"79803M";105;"79803M";1;;300,00 €;2;1;1;0,00 €;;"";0;0;;;;0;0;0;1;22/9/2025 00:00:00;11;1;706;0;;
2906;180048;"MODULE SECURITE PORTE AZM300B-ST-1P2P-T";"103006862";103;"103006862";1;;624,72 €;1;1;1;0,00 €;;"SERRURE PORTE AXYS";0;0;;;;0;0;0;1;10/2/2026 00:00:00;20;2;705;0;;
2907;100193;"SUPPORT ROULEMENT";"338.03.130";97;"338.03.130";3;;97,10 €;3;1;2;0,00 €;;"EXTRUDEUR TARTO";0;0;;;;0;0;0;1;;;;;0;;
2908;100194;"DOUILLE";"7118000119";97;"7118000119";3;;269,24 €;1;1;1;0,00 €;;"EXTRUDEUR TARTO";0;0;;;;0;0;0;1;;;;;0;;
2919;179312;"ARRET D'URGENCE";"E2 1PERZ453";126;"E2 1PERZ453";1;;11,19 €;2;1;0;0,00 €;;"";0;0;;;;0;0;0;1;;;;;0;;
2920;179313;"ADAPTATEUR FIXATION BOUTON";"E21 BAC11";126;"E21 BAC1";1;;0,92 €;2;1;0;0,00 €;;"";0;0;;;;0;0;0;1;;;;;0;;
2921;179314;"BLOC A LED";"E2 LP1A2V1";126;"E2 LP1A2V1";1;;7,65 €;2;1;0;0,00 €;;"";0;0;;;;0;0;0;1;;;;;0;;
2922;179315;"CONTACT NO";"E2 CP10G2V1";126;"E2 CP10G2V1";1;;3,93 €;2;1;0;0,00 €;;"";0;0;;;;0;0;0;1;;;;;0;;
2923;179316;"DISQUE LUMINEUX";"VE DL1A5L00";126;"VE DL1A5L00";1;;33,13 €;2;1;0;0,00 €;;"";0;0;;;;0;0;0;1;;;;;0;;
2924;179317;"CONTACT NC";"E2 AC-XXBC0009";126;"E2 AC-XXBC0009";1;;4,86 €;2;1;0;0,00 €;;"";0;0;;;;0;0;0;1;;;;;0;;
2926;179306;"JEUX DE MORS PRISE PASTEIS";"DEDO DE CHAPO N°27 L0202";107;"30265500002481";5;;14,00 €;2;1;0;0,00 €;;"";0;0;;;;0;0;0;1;;31;3;;0;;
2927;179308;"SUPPORT PLAQUE EMPREINTE CONTRE MATRICE";"30263600000332";;"30263600000332";;;8,31 €;2;0;0;0,00 €;;"";0;0;;;;0;0;0;1;;;;;0;;
2928;179309;"AXE SUPPORT PLAQUES";"30263600000381";;"30263600000381";;;2,37 €;4;0;0;0,00 €;;"";0;0;;;;0;0;0;1;;;;;0;;
2930;159937;"VERIN DSNU 25 200 PPV A";"19251";4;"19251";2;;70,00 €;1;1;1;0,00 €;;"IMPRIMANTE ETICONCEPT";0;0;;;;0;0;0;1;;3;1;102;0;;
2931;179549;"DOIGT INDEXAGE M16 *2";"ESM 32 876 10 16";120;"ESM 32 876 10 16";3;;50,00 €;1;1;1;0,00 €;;"EXTRUDEUR TARTO";0;0;;;;0;0;0;;;20;1;402;0;;
2932;179517;"ROULEMENT 25X52X15 HAUTE TEMPERATURE";"6205-2Z/C3GJN";31;"6205-2Z/C3GJN";3;;10,22 €;2;1;2;0,00 €;;"FOUR INFRAROUGE";0;0;;;;0;0;0;;;;;;0;;
2933;179515;"ROULEMENT 25X52X15 HAUTE TEMPERATURE";"6205 2RSH/GJN";31;"6205 2RSH/GJN";3;;11,45 €;5;1;2;0,00 €;;"FOUR INFRA ROUGE";0;0;;;;0;0;0;1;11/10/2023 00:00:00;10;1;401;0;;
2934;179516;"JOINT A LEVRE  25*37*7 VITON";" BA25377VI";10;" BA25377VI";3;;7,01 €;2;1;2;0,00 €;;"FOUR INFRA ROUGE";0;0;;;;0;0;0;;;10;3;805;0;;
2935;179548;"CAROTTE VANNE COUPE GOUTE";"25904";71;"25904";5;;366,00 €;2;1;2;0,00 €;;"FILLPACK N2";0;0;;;;0;0;0;;;20;2;405;0;;
2936;179501;"PIVOT ATTACHE PISTON TARTO 343.10.030";"343.10.030";97;"343.10.030";5;;180,85 €;1;1;1;0,00 €;;"tarto";0;0;;;;0;0;0;;;20;1;305;0;;
2937;179582;"JOINT PISTON FILLPACK N2";"US 37 X 57 X 12 PU ROUGE";10;"US 37 X 57 X 12 PU ROUGE";2;;39,24 €;4;4;10;0,00 €;;"<div>FILLPACK N2 AVEC CERTIFICAT CE1935/2004</div>";0;0;;;;0;0;0;1;29/9/2026 00:00:00;20;2;308;0;;
2938;117021;"DISTRIBUTEUR MONOSTABLE CPV14-M1H-5LS-1/8";" 161360";4;"161360";17;;83,00 €;1;1;1;0,00 €;;"TARTO";0;0;;;;0;0;0;2;;3;6;102;0;;
2939;117020;"DISTRIBUTEUR BISTABLE CPV14-M1H-5JS-1/8";"161361";4;"161361";17;;113,00 €;1;1;1;0,00 €;;"TARTO";0;0;;;;0;0;0;1;4/12/2025 00:00:00;3;6;103;0;;
2941;179320;"CAPTEUR INDUCTIF M12";"BI4-M12-VP6X-H1141";129;"BI4-M12-VP6X-H1141";8;;93,68 €;1;1;1;0,00 €;;"FERNETO";0;0;;;;0;0;0;;;1;1;403;0;;
2942;179322;"CHANGEUR D'OUTILS PNEUMATIQUE FEMELLE";"QC50-B";130;"QC50-B";2;;135,20 €;1;1;1;0,00 €;;"FERNETO";0;0;;;;0;0;0;;;31;3;401;0;;
2944;119142;"JOINT A LEVRES";"64X80X8 FKM";10;"64X80X8";3;;13,26 €;4;2;2;0,00 €;;"BATTEUR";0;0;;;;0;0;0;1;5/9/2023 00:00:00;10;3;809;0;;
2945;179325;"DISTRIBUTEUR 5/2 24 DC";"752-000-P16-15-W23";131;"752-000-P16-15-W23";1;;148,27 €;1;1;1;0,00 €;;"FERNETO <br>
AVEC CONNECTEUR SAP 179323";0;0;;;;0;0;0;1;1/7/2024 00:00:00;31;3;404;0;;
2946;179324;"VERIN CYLINDRIQUE AXE TRAVERSANT D40 C100";"42M6N040A0100";131;"42M6N040A0100";2;;280,27 €;1;1;1;0,00 €;;"FERNETO";0;0;;;;0;0;0;;;31;3;401;0;;
2947;179232;"PROLONGATEUR M12 40CM F DROIT M COUDE";"EVF081";44;"EVF081";1;;24,92 €;1;1;1;0,00 €;;"FILLPACK 2";0;0;;;;0;0;0;1;;1;11;101;0;;
2948;179502;"POTENTIOMETRE 2,2 KOHM";"3SU1200-2PW10-1AA0";83;"3SU1200-2PW10-1AA0";1;;37,81 €;1;1;1;0,00 €;;"";0;0;;;;0;0;0;1;;11;3;503;0;;
2949;182801;"TOURILLON ET CHAPE DETECTABLE D8";"GERMF-08-FC";93;"GERMF-08-FC";3;;6,37 €;4;1;5;0,00 €;;"<div>AXYS composé de GERM08FC ET GEFM08FC</div>";0;0;;;;0;0;0;1;21/11/2024 00:00:00;20;2;902;0;;
2950;179472;"TUBE DE DIFFUSION US";"E23000";44;"E23000";3;;15,00 €;2;1;1;0,00 €;;"FILLPACK X4";0;0;;;;0;0;0;1;;;;;0;;
2958;179622;"COURROIE FOUR DENBOER";"XPV1060 IV";10;"XPV1060 IV";;;20,00 €;1;0;0;0,00 €;;"FOUR DENBOER";0;0;;;;0;0;0;;;12;1;201;0;;
2963;179623;"PIGNON SERIE1100/58MM DIA25 ";"S3E1I6CDJ2LS";121;"S3E1I6CDJ2LS";0;;10,50 €;7;6;1;0,00 €;;"tapis entree peseuse";0;0;;;;0;0;0;1;;40;1;;0;;
2964;179624;"PIGNON SERIE1100/58MM CARRE 25 MM";"S3E1I6CDM3LS";121;"S3E1I6CDM3LS";0;;10,33 €;17;1;1;0,00 €;;"tapis sortie refroidisseur";0;0;;;;0;0;0;1;12/1/2024 00:00:00;40;1;;0;;
2965;179625;"MOTEUR TAMBOUR CONVOYEUR TRANSFERT ";"2092428";136;"2092428";10;;1550,00 €;1;1;1;0,00 €;;"Axys";0;0;;;;0;0;0;;;;;;0;;
2966;179626;"MOTEUR TAMBOUR CONVOYEUR TARTE ";"2092431";136;"DM0113";10;;3402,00 €;1;1;1;0,00 €;;"Axys";0;0;;;;0;0;0;;;;;;0;;
2967;179627;"VARIATEUR LENZE  E48AV";"E48AVBDE5512SX0";117;"E48AVBDE5512SX0";;;0,00 €;0;1;1;0,00 €;;"";0;0;;;;0;0;0;;;;;;0;;
2968;179632;"PALIER  AXE CARRE";"QJFM-02-20";93;"QJFM-02-20";3;;50,00 €;1;1;1;0,00 €;;"RÉPARTITEUR CADENCEUR";0;0;;;;0;0;0;1;17/10/2024 00:00:00;31;3;701;0;;
2969;179633;"TUBE CARRE  LONG750MM";"AWMQ-20";93;"AWMQ-20";;;0,00 €;0;1;1;0,00 €;;"<div>RÉPARTITEUR CADENCEUR</div>";0;0;;;;0;0;0;;;31;3;701;0;;
2970;179651;"AFFICHEUR ";"NT2S SF122B EV2";13;"NT2S SF122B EV2";;;0,00 €;0;1;1;0,00 €;;"batteur";0;0;;;;0;0;0;;;;;;0;;
2971;179653;"VARIATEUR ETHERNET LINMOT";" STO72V/25A";132;" STO72V/25A";1;;1356,86 €;1;1;1;0,00 €;;"Axys";0;0;;;;0;0;0;;;1;15;;0;;
2972;179654;"ALIM 72VDC/1000W LINMOT";"ALIM 72VDC/1000W";132;"ALIM 72VDC/1000W";1;;911,00 €;1;1;1;0,00 €;;"Axys";0;0;;;;0;0;0;;;1;15;;0;;
2973;179655;"CABLE STANDARD 20M SUB-D9 M17 LINMOT";"5007069";132;"507069";;;586,00 €;1;1;1;0,00 €;;"Axys";0;0;;;;0;0;0;;;1;15;;0;;
2974;179656;"STATOR 2081639  HORIZ LINMOT";"PS01-37X120 VOIR SAP 17658";132;"PS01-37X120";;;1453,47 €;0;0;1;0,00 €;;"Axys";0;0;;;;0;0;0;;;1;15;;0;;
2975;179657;"SLIDER 2083340  HORIZ LINMOT";"PL01-19X700 VOIR SAP 179658";132;"PL01-19X700";;;1416,16 €;0;0;1;0,00 €;;"Axys";0;0;;;;0;0;0;;;1;15;;0;;
2976;179658;"GUIDAGE 1046226  HORIZ LINMOT";"H01-37X304";132;"H01-37X304";;;1096,29 €;1;1;1;0,00 €;;"Axys + SAP 179657 + SAP 179656";0;0;;;;0;0;0;;;1;15;;0;;
2977;179659;"MOTEUR ROTATIF LINEAIRE 1045355   LINMOT";"PR01-52X40";132;"PR01-52X40";10;;3611,01 €;1;1;1;0,00 €;;"Axys";0;0;;;;0;0;0;;;1;15;;0;;
2978;179660;"SLIDER 2099425  VERTICAL LINMOT";"PL01-19X395";132;"PL01-19X395";;;1190,19 €;1;1;1;0,00 €;;"Axys";0;0;;;;0;0;0;;;1;15;;0;;
2979;179661;"PALIER 2081752  VERTICAL LINMOT";"PB01-37X24";132;"PB01-37X24";;;152,14 €;2;1;1;0,00 €;;"Axys";0;0;;;;0;0;0;;;1;15;;0;;
2981;179663;"CAPTEUR SECURITE 24V";"SRB211ST V2 /SRB-E-212ST/SRB-E-212ST";103;"SRB211ST V2";8;;371,92 €;2;1;1;0,00 €;;"tarto";0;0;;;;0;0;0;1;18/3/2025 00:00:00;;;;0;;
2982;179664;"ALIM SITOP PSU8200-3AC-24VDC ";"6EP34368SB";83;"6EP34368SB";1;;228,45 €;1;1;1;0,00 €;;"Axys";0;0;;;;0;0;0;1;28/7/2023 00:00:00;21;2;802;0;;
2983;179665;"PACDRIVE  8E 8S 4E TOUCHPR";"LMC100CAA10000";133;"LMC100CAA10000";;;1240,08 €;0;1;1;0,00 €;;"Axys";0;0;;;;0;0;0;;;;;;0;;
2984;179666;"ECRAN 10.4"" PROFACE ";"PFXSP5500TPD";10;"PFXSP5500TPD";1;;1924,00 €;1;1;1;0,00 €;;"Axys";0;0;;;;0;0;0;;;22;1;;0;;
2985;179673;"RESSORT SOUS ROBINET SORTIE PASTO FRICE ";"427";10;"427";;;16,46 €;0;1;1;0,00 €;;"pasto ";0;0;;;;0;0;0;5;;;;;0;;
2986;179674;"GOUPILLE BLOCAGE ROBINET PASTO FRICE ";"4148";10;"4148";;;47,45 €;0;1;1;0,00 €;;"pasto ";0;0;;;;0;0;0;5;;;;;0;;
2987;179675;"MODULE SECURITE PNOZ M B1 ";"772101";39;"772101";1;;419,44 €;1;1;1;0,00 €;;"<div>AXYS</div>";0;0;;;;0;0;0;1;5/10/2023 00:00:00;1;6;301;0;;
2988;179676;"BORNE RESSORT  PILZ";"751016";39;"751016";1;;6,63 €;1;1;1;0,00 €;;"Axys";0;0;;;;0;0;0;1;5/10/2023 00:00:00;1;6;103;0;;
2989;179677;"BORNE PNOZ MMCXP ";"783542";39;"783542";1;;5,42 €;1;1;1;0,00 €;;"Axys";0;0;;;;0;0;0;1;5/10/2023 00:00:00;1;6;304;0;;
2990;179678;"BORNE PNOZ S ";"751004";39;"751004";1;;24,39 €;1;1;1;0,00 €;;"Axys";0;0;;;;0;0;0;1;5/10/2023 00:00:00;1;6;205;0;;
2991;179679;"MODULE SECURITE PNOZ M EF 16DI ";"772140";39;"772140";1;;183,83 €;1;1;1;0,00 €;;"Axys";0;0;;;;0;0;0;1;5/10/2023 00:00:00;1;6;303;0;;
2992;179680;"MODULE SECURITE PNOZ M EF 4DI4DOR ";"772143";39;"772143";;;309,77 €;1;1;1;0,00 €;;"Axys";0;0;;;;0;0;0;1;26/6/2023 00:00:00;1;6;302;0;;
2993;179681;"MODULE SECURITE PNOZ M ES ETHERN ";"772137";39;"772137";1;;278,85 €;1;1;1;0,00 €;;"Axys";0;0;;;;0;0;0;1;5/10/2023 00:00:00;1;6;204;0;;
2994;179682;"COMMUTATEUR RESEAU  WEIDMULLER";"124090000";134;"124090000";;;125,06 €;1;1;1;0,00 €;;"Axys";0;0;;;;0;0;0;;;20;2;905;0;;
2995;179683;"MODULE ENTREE SORTIE  WEIDMULLER";"1315680000";134;"1315680000";;;174,27 €;1;1;1;0,00 €;;"Axys";0;0;;;;0;0;0;;;20;2;906;0;;
2996;179684;"MODULE ENTREE SORTIE  WEIDMULLER";"1315240000";134;"1315240000";;;46,08 €;1;1;1;0,00 €;;"Axys";0;0;;;;0;0;0;1;30/3/2023 00:00:00;20;2;906;0;;
2997;179685;"MODULE ENTREE SORTIE  WEIDMULLER";"1334740000";134;"1334740000";;;26,75 €;1;1;1;0,00 €;;"Axys";0;0;;;;0;0;0;1;20/2/2024 00:00:00;20;2;906;0;;
2998;179686;"MODULE ENTREE SORTIE  WEIDMULLER";"1315250000";134;"1315250000";;;66,71 €;1;1;1;0,00 €;;"Axys";0;0;;;;0;0;0;1;20/2/2024 00:00:00;20;2;906;0;;
2999;179687;"MODULE ENTREE 8DI SORTIE  WEIDMULLER";"1315180000";134;"1315180000";;;41,42 €;1;1;1;0,00 €;;"Axys";0;0;;;;0;0;0;;;20;2;906;0;;
3000;179688;"MODULE ENTREE SORTIE  WEIDMULLER";"1315200000";134;"1315200000";;;55,12 €;1;1;1;0,00 €;;"Axys";0;0;;;;0;0;0;1;20/2/2024 00:00:00;20;2;906;0;;
3001;179689;"MODULE ENTREE SORTIE  WEIDMULLER";"1334920000";134;"1334920000";;;236,64 €;1;1;1;0,00 €;;"Axys";0;0;;;;0;0;0;1;18/10/2023 00:00:00;20;2;906;0;;
3002;179227;"RELAIS SECURITE  101172211";"AES2285";103;"AES2285";1;;309,55 €;0;0;1;0,00 €;;"<div>remplacé par SRB207AN tarto</div>";0;0;;;;0;0;0;10;;;;;0;;
3003;179156;"VARIATEUR MOTEUR 0,37KW 380V ";"ATV320U04N4B";91;"ATV320U04N4B";1;;353,34 €;1;1;1;0,00 €;;"<div>Axys variateur tapis maille</div>";0;0;;;;0;0;0;1;13/2/2025 00:00:00;40;3;;0;;
3004;179447;"BAGUE D'USURE POUR POMPE KSB";"002270008";135;"002270008";3;;100,00 €;2;1;1;0,00 €;;"POMPE KSB";0;0;;;;0;0;0;;;50;15;;0;;
3005;179440;"BAGUE D'USURE POUR POMPE KSB";"002270012";135;"002270012";3;;100,00 €;2;1;0;0,00 €;;"POMPE KSB";0;0;;;;0;0;0;;;50;15;;0;;
3006;179444;"BAGUE D'USURE POUR POMPE KSB";"002270014";135;"002270014";3;;100,00 €;2;1;0;0,00 €;;"POMPE KSB";0;0;;;;0;0;0;;;50;15;;0;;
3007;179445;"BAGUE D'USURE POUR POMPE KSB";"002270015";135;"002270015";3;;100,00 €;2;1;0;0,00 €;;"POMPE KSB";0;0;;;;0;0;0;;;50;15;;0;;
3008;179441;"BAGUE D'USURE POUR POMPE KSB";"002270019";135;"002270019";3;;100,00 €;2;1;0;0,00 €;;"POMPE KSB";0;0;;;;0;0;0;;;50;15;;0;;
3009;179448;"BAGUE D'USURE POUR POMPE KSB";"002270042";135;"002270042";3;;100,00 €;2;1;0;0,00 €;;"POMPE KSB";0;0;;;;0;0;0;;;50;15;;0;;
3010;179442;"BAGUE D'USURE POUR POMPE KSB";"002270068";135;"002270068";3;;100,00 €;2;1;0;0,00 €;;"POMPE KSB";0;0;;;;0;0;0;;;50;15;;0;;
3011;179443;"BAGUE D'USURE POUR POMPE KSB";"002270072";135;"002270072";3;;100,00 €;2;1;0;0,00 €;;"POMPE KSB";0;0;;;;0;0;0;;;50;15;;0;;
3013;179438;"KIT GARNITURE POMPE KSB";"01733461";135;"01733461";3;;100,00 €;2;1;0;0,00 €;;"POMPE KSB";0;0;;;;0;0;0;1;24/1/2024 00:00:00;50;;;0;;
3014;179439;"KIT GARNITURE POMPE KSB";"01733462";135;"01733462";3;;100,00 €;2;1;0;0,00 €;;"POMPE KSB";0;0;;;;0;0;0;;;50;;;0;;
3016;148610;"DISTRIBUTEUR  3/2 CENTRE FER CPV14-M1H-2X3-GLS-1/8";"161362";4;"161362";2;;113,00 €;1;1;0;0,00 €;;"TARTO";0;0;;;;0;0;0;1;6/3/2026 00:00:00;3;6;104;0;;
3017;100196;"EMBASE RELAIS CROUZET CIRCULAIRE 8 BROCHES";"CRT 25622203";30;"CRT 25622203";1;;10,00 €;2;1;1;0,00 €;;"";0;0;;;;0;0;0;;;;;;0;;
3018;179748;"DETECTEUR INDUCTIF M30 PNP 10MM";"IIC237 / NBB10-30GM50-E2";44;"083999";1;;66,60 €;5;2;1;0,00 €;;"BATTEUR";0;0;;;;0;0;0;;;1;9;101;0;;
3019;100197;"HUILE BITZER C02 5 L";"BSE85K";10;"BSE85K";9;;344,00 €;2;1;2;0,00 €;;"CO2";0;0;;;;0;0;0;;;50;;;0;;
3020;100198;"TETE BOUTON COUP DE POING LED";"ZB4BW643";91;"ZB4BW643";1;;27,00 €;2;1;1;0,00 €;;"TARTO";0;0;;;;0;0;0;1;29/9/2023 00:00:00;2;1;401;0;;
3021;100199;"CONNECTEUR M12 4B DROIT  5M";"EVC002";44;"EVC002";1;;11,00 €;1;1;2;0,00 €;;"";0;0;;;;0;0;0;;;1;13;202;0;;
3023;100201;"REPARTITEUR Y M12";"EBC113 / 1546068";44;"EBC113";1;;13,00 €;2;1;1;0,00 €;;"";0;0;;;;0;0;0;1;26/9/2024 00:00:00;1;3;205;0;;
3024;100202;"VERIN SANS TIGE D25 C 280";"DGC-K-25-280-PPV-A-GK";4;"DGC-K-25-280-PPV-A-GK";2;;200,00 €;1;0;1;0,00 €;;"RAYON X 1";0;0;;;;0;0;1;;;65;3;603;0;;
3025;179212;"DISTRIBUTEUR 3/2 196929";"CPE14-M1BH-3GL-1/8";4;"196929";17;;81,00 €;1;1;2;0,00 €;;"<div>BOITIER CELLULE NIVEAU</div>";0;0;;;;0;0;0;;;3;5;201;0;;
3026;179709;"BOUTON BLEU";"NDTBL";103;"101163557";1;;20,00 €;2;2;2;0,00 €;;"AXYS";0;0;;;;0;0;0;;;2;1;504;0;;
3028;179562;"JOINT TETE MULTIPOINT D18";"OR 165 X 5 EPDM 80/85 NOIR FDA";10;"OR 165 X 5 EPDM 80/85 NOIR FDA";2;;10,00 €;1;1;1;0,00 €;;"FILLPACK 2";0;0;;;;0;0;0;;;20;2;601;0;;
3029;179563;"JOINT TETE MULTIPOINT D27";"OR 225 X 5 EPDM 80/85 NOIR FDA";10;"OR 225 X 5 EPDM 80/85 NOIR FDA";3;;10,00 €;1;1;1;0,00 €;;"FILLPACK2";0;0;;;;0;0;0;;;20;2;601;0;;
3030;179699;"CLAPET BUSE DE DOSAGE";"2102264";116;"2102264";3;;790,00 €;2;1;2;0,00 €;;"ROBOT AXYS";0;0;;;;0;0;0;1;;20;2;1007;0;;
3031;100204;"CAPTEUR VERIN REED 24VDC";"D-A93";6;"D-A93";8;;30,00 €;1;1;1;0,00 €;;"OPERCULEUSE";0;0;;;;0;0;0;1;;1;9;404;0;;
3032;179896;"JEU RACLEUR PTFE PASTO 7 PC240 (6 PIECES)";"SERIE 70000";162;"SERIE 7000";3;;382,62 €;0;1;1;0,00 €;;"PASTO 7";0;0;;;;0;0;0;3;;;;;0;;
3033;179073;"LAME RACLEUR LAMINOIR BLEUE 640";"13357T03";111;"13357T03";3;;83,00 €;6;2;4;0,00 €;;"LAMINOIR";0;0;;;;0;0;0;1;2/2/2026 00:00:00;31;3;305;0;;
3035;110924;"ROULEMENT 45*85*19 COMPRESSEUR COMPAIR";"6209 2Z/C3";31;"6209 2Z/C3";13;;8,79 €;1;1;1;0,00 €;;"COMPRESSEUR COMPAIR";0;0;;;;0;0;0;1;30/4/2024 00:00:00;;;;0;;
3036;182005;"ROULEMENT 45*100*25 COMPRESSEUR COMPAIR";"6309 2Z/C4";31;"6309 2Z/C4";13;;31,62 €;2;1;1;0,00 €;;"COMPRESSEUR COMPAIR";0;0;;;;0;0;0;1;10/6/2024 00:00:00;;;;0;;
3037;100207;"BOUTON VERT";"NDLGN";103;"101163547";1;;20,00 €;2;1;2;0,00 €;;"ROBOT AXYS";0;0;;;;0;0;0;1;;2;1;503;0;;
3038;100208;"BOUTON BLANC";"NDLWS";103;"101162104";1;;20,00 €;1;1;2;0,00 €;;"ROBOT AXYX";0;0;;;;0;0;0;1;30/8/2024 00:00:00;2;1;502;0;;
3039;100209;"ROULEMENT 20X47X20,6";" 3204 2RS";31;" 3204 2RS";3;;5,00 €;0;2;10;0,00 €;;"BANDEROLEUSE ATECMAA";0;0;;;;0;0;0;5;;;;;0;;
3043;179834;"TAPIS LAMINOIR 3275*610";"FR0 0185753";125;"FR0 0185753";3;;320,00 €;1;1;2;0,00 €;;"LAMINOIR";0;0;;;;0;0;0;1;29/1/2025 00:00:00;31;3;307;0;;
3044;179930;"MOTOREDUCTEUR TAPIS NAPPEUSE";"W37DRN80M4";61;"W37DRN80M4";10;;790,88 €;1;1;1;0,00 €;;"NAPPEUSE TAPIS";0;0;;;;0;0;0;;;;;;0;;
3045;179450;"MOTOTREDUCTEUR SA37/T DRN80MK4/TH";"SA37/T DRN80MK4/TH";61;" SA37/T DRN80MK4/TH";10;;800,00 €;1;1;1;0,00 €;;"<div>CONVOYEUR sort. Refroid.</div>";0;0;;;;0;0;0;;;45;1;101;0;;
3046;179932;"MOTOREDUCTEUR SA37/T DRS71S4/TH";"SA37/T DRS71S4/TH";61;"SA37/T DRS71S4/TH";10;;700,00 €;1;1;1;0,00 €;;"CONVOYEUR";0;0;;;;0;0;0;1;;;;;0;;
3047;179937;"MOTOREDUCTEUR POMPE QUEUE DE COCHON FOISONNEUR";"RF27DRN80MK4/DH";61;"RF27DRN80MK4/DH";10;;830,00 €;1;1;1;0,00 €;;"FOISONNEUR moteur Rose";0;0;;;;0;0;0;1;12/3/2026 00:00:00;45;1;102;0;;
3048;179940;"MOTOREDUCTEUR CONVOYEUR AERIEN";"WA30DRN80MK4";61;"WA30DRN80MK4";10;;570,53 €;1;1;1;0,00 €;;"CONVOYEUR AERIEN";0;0;;;;0;0;0;1;18/8/2023 00:00:00;45;1;103;0;;
3049;179941;"MOTOREDUCTEUR SPIRALE DESCENTE";"KA37DRN90S4/BE2HF/IS";61;"KA37DRN90S4/BE2HF/IS";10;;2453,00 €;1;1;1;0,00 €;;"SPIRALE DESCENTE";0;0;;;;0;0;0;1;20/3/2023 00:00:00;45;1;106;0;;
3050;179976;"CHAINE  INOX SIMPLE ANTICORROSION";"CHAINE 06B1 SS 9.52";10;"CHAINE SIMPLE 9.52";3;;10,98 €;5;1;1;0,00 €;;"ATECMAA";0;0;;;;0;0;0;1;2/3/2026 00:00:00;40;2;301;0;;
3051;179977;"LAME DE COUPE EDB TKH290719 REP15";"LAME DE COUPE EDB TKH290719";10;"LAME DE COUPE EDB TKH290719";3;;439,62 €;1;1;1;0,00 €;;"ATECMAA";0;0;;;;0;0;0;;;0;0;0;0;;
3052;179978;"RESSORT PINCE FILM V6 BIAR EDB";"RESSORT PINCE FILM V6 BIAR EDB";10;"RESSORT PINCE FILM V6 BIAR EDB";3;;44,01 €;3;1;1;0,00 €;;"ATECMAA";0;0;;;;0;0;0;1;12/1/2026 00:00:00;22;;;0;;
3053;179929;"ECRAN RÉPARTITEUR / CADENCEUR";"6AV2123-2DB03-0AX0 PROGRAMME";83;"6AV2123-2DB03-0AX0";1;;350,00 €;1;1;1;0,00 €;;"CADENCEUR";0;0;;;;0;0;0;;;0;0;0;0;;
3054;100210;"PRESSE ETOUPE FREIN FILMEUSE";"CAP330704";95;"CAP330704";1;;5,00 €;9;1;10;0,00 €;;"FILMEUSE ATECMAA";0;0;;;;0;0;0;;;2;7;;0;;
3055;179996;"COUTEAU SEPARATEUR MOULE TARTO";"COUTEAU PLAT AVEC TROU M5";71;"COUTEAU PLAT AVEC TROU M5";3;;50,00 €;5;2;8;0,00 €;;"TARTO";0;0;;;;0;0;0;1;21/2/2025 00:00:00;20;1;904;0;;
3056;179997;"COUTEAU AVEC EPAISSEUR SANS TROU M5";"COUTEAU  SANS TROU M5";71;"COUTEAU AVEC EPAISSEUR SANS TROU M5";3;;50,00 €;6;2;8;0,00 €;;"TARTO";0;0;;;;0;0;0;1;21/2/2025 00:00:00;20;1;904;0;;
3057;100211;"PROTEGE ECRAN TARTO";"6AV6574-1AE0";83;"6AV6574-1AE0";3;;100,00 €;3;1;1;0,00 €;;"TARTO";0;0;;;;0;0;0;1;;20;1;1103;0;;
3058;100212;"DETECTEUR INDUCTIF M12 *60  CONNECTEUR M12 3B";"XS612B1MAU20";1;"XS612B1MAU20";1;;25,00 €;1;1;1;0,00 €;;"CONNECTEUR 3B 2 FILS";0;0;;;;0;0;0;;;1;1;204;0;;
3059;100213;"DETECTEUR INDUCTIF M8*60 PNP CONNECTEUR M8 3B";"BES003C";51;"BES003C";1;;25,00 €;1;1;1;0,00 €;;"";0;0;;;;0;0;0;1;;1;1;205;0;;
3060;180020;"RELAIS DE SECURITE 24V";"SRB207AN";103;"SRB207AN";1;;400,00 €;1;1;1;0,00 €;;"TARTO";0;0;;;;0;0;0;1;12/3/2025 00:00:00;0;0;0;0;;
3062;180042;"courroie monte cuve meringue SPZ 1420";"SPZ 1420";10;"SPZ 1420";3;;;2;2;0;0,00 €;;"il faut 2 courroies pour l'entrainement moteur - poulie";0;0;;;;0;0;0;1;;12;1;302;0;;
3063;183985;"SUPPORT RELAIS 39.51";"39.51.0.024.0060";84;"39.51.0.024.0060";1;;16,00 €;8;1;2;0,00 €;;"CADENCEUR SE MONTE AVEC RELAIS 34,51,7,24";0;0;;;;0;0;0;1;18/6/2026 00:00:00;2;5;501;0;;
3064;104474;"RELAIS 24 VDC 4 RT";"55.34.9.024.0040";84;"55.34.9.024.0040";16;;5,61 €;5;2;0;0,00 €;;;0;0;;;;0;0;0;1;12/1/2024 00:00:00;2;5;103;0;;
3065;182359;"REGULATEUR DE PRESSION MS4-LR-1/4-D6-AS";"529417";4;" MSA-LZ-1/4-D6-AS";2;;50,00 €;6;1;1;0,00 €;;"<div>CADENCEUR D6-&gt;0.3b-7B</div>

<div>D7 :0.1-12B</div>";0;0;;;;0;0;0;1;23/9/2025 00:00:00;3;8;301;0;;
3066;179928;"VARIATEUR 380V VLTFC51 1,5KW";"132F0020";77;"132F0020";1;;130,00 €;1;1;1;0,00 €;;"NAPPEUSE";0;0;;;;0;0;0;;;40;3;204;0;;
3067;180047;"VARIATEUR VLTFC51 0,75KW";"132F0018";77;"132F0018";1;;150,00 €;1;1;1;0,00 €;;;0;0;;;;0;0;0;;;40;3;204;0;;
3068;180046;"VARIATEUR VLTFC51 2,2KW";"132F0022";77;"132F0022";1;;150,00 €;1;1;1;0,00 €;;;0;0;;;;0;0;0;;;40;3;204;0;;
3069;180045;"VARIATEUR VLTFC51 7,5KW";"132F0030";77;"132F0030";1;;879,00 €;1;1;1;0,00 €;;;0;0;;;;0;0;0;1;30/4/2024 00:00:00;40;3;203;0;;
3070;179662;"CAPTEUR PHOTOELECTRIQUE T30SN6FF200Q";"33434";129;"T30SN6FF200Q";8;;150,00 €;1;1;2;0,00 €;;"POMPE TRANSFERT";0;0;;;;0;0;0;;;1;2;101;0;;
3071;100217;"POULIE CONV OCTA AVANT TRIEUSE PONDERALE";"TL 5M 15 Z40 B7";71;"TL 5M 15 Z40 B7";3;;50,00 €;1;1;1;0,00 €;;"CONVOYEUR OCTA";0;0;;;;0;0;0;;;11;3;602;0;;
3072;100218;"LIMITEUR DE DEBIT EN LIGNE AVEC INDICATEUR";"AS2002 FS 06";6;"AS2002 FS 06";2;;14,80 €;5;2;4;0,00 €;;"AXYS FERNETO";0;0;;;;0;0;0;;;11;2;604;0;;
3073;180025;"DIDTRIBUTEUR 5/2 MONOSTABLE 8043218";"VUVS-LK25-M52-AD-G14-1BS-S";4;"8043218";2;;56,00 €;2;1;2;0,00 €;;"MECANICAIR";0;0;;;;0;0;0;;;3;5;302;0;;
3074;100219;"CELLULE INDUCTIVE M12 PNP";"IFS204";44;"IFS204";8;;68,00 €;1;1;1;0,00 €;;;0;0;;;;0;0;0;;;1;1;302;0;;
3075;180072;"CONNECTEUR Y POUR MODULE SECURITE M/F-F";"CSS-M12F81M12M81M12F81";128;"CSS-M12F81M12M81M12F81";1;;105,00 €;1;1;1;0,00 €;;"FERNETO";0;0;;;;0;0;0;1;20/4/2023 00:00:00;1;11;202;0;;
3076;180069;"BROCHE A BILLE D8 LG 25";"ESM 32 720 8 25";120;"ESM 32 720 8 25";3;;32,20 €;5;2;5;0,00 €;;"<div>FILLPACK 2</div>";0;0;;;;0;0;0;1;27/8/2026 00:00:00;20;2;201;0;;
3077;180071;"BROCHE A BILLE D10 LG 60";"ESM 32 720 10 60";120;"ESM 32 720 10 60";3;;53,90 €;2;2;5;0,00 €;;"FERNETO";0;0;;;;0;0;0;1;5/1/2024 00:00:00;20;2;202;0;;
3078;182842;"SONDE DE TEMPERATURE BLINDEE PT1000 2M";"SLSR50SV1-2M PT1000";10;"PT1000";1;;62,00 €;1;1;2;0,00 €;;"PASTO 300L";0;0;;;;0;0;0;1;6/12/2024 00:00:00;20;4;803;0;;
3079;180082;"AXE BATTEUR D11/12 X LG 70";"AXE BATTEUR D11/12 X LG 70";71;"AXE BATTEUR D11/12 X LG 70";3;;43,34 €;2;2;3;0,00 €;;"<div>BATTEUR</div>

<div>voir 178693</div>";0;0;;;;0;0;0;1;19/7/2023 00:00:00;20;4;902;0;;
3080;180079;"BAGUE BATTEUR 2 ENCOCHES";"BAGUE BATTEUR 2 ENCOCHES";71;"BAGUE BATTEUR 2 ENCOCHES";3;;275,00 €;3;1;3;0,00 €;;"BATTEUR";0;0;;;;0;0;0;1;;20;4;906;0;;
3081;180080;"BAGUE BATTEUR 1 ENCOCHE";"BAGUE BATTEUR 1 ENCOCHE";71;"BAGUE BATTEUR 1 ENCOCHE";3;;260,00 €;3;1;3;0,00 €;;"BATTEUR";0;0;;;;0;0;0;1;;20;4;905;0;;
3082;180081;"AXE BATTEUR D13/14 X LG 56";"AXE BATTEUR D13/14 X LG 56";71;"AXE BATTEUR D13/14 X LG 56";3;;43,34 €;5;1;3;0,00 €;;"<div>BATTEUR voir 178693</div>

<div>&nbsp;</div>";0;0;;;;0;0;0;1;5/10/2023 00:00:00;20;4;902;0;;
3083;100221;"BUSE JAUNE";"TPU 8002VS";10;"TPU 8002VS";3;;48,00 €;3;2;4;0,00 €;;"<div>NAPPEUSE AUTOMATIQUE</div>";0;0;;;;0;0;0;1;16/3/2023 00:00:00;11;2;902;0;;
3084;100222;"BUSE BLEU";"TPU 8003VS";10;"TPU 8003VS";3;;48,00 €;6;2;4;0,00 €;;"NAPPEUSE AUTOMATIQUE";0;0;;;;0;0;0;1;16/3/2023 00:00:00;11;2;902;0;;
3085;100223;"AMPOULE E14 24V 5W";"360-7373";10;"360-7373";1;;3,00 €;4;2;5;0,00 €;;"LAMPE FLASH PORTE A RIDEAU";0;0;;;;0;0;0;1;28/3/2023 00:00:00;2;3;401;0;;
3086;180174;"JOINT POUR CAROTTE COUPE GOUTTE";"JOINT TORIQUE R18, D23x3.6 FPM FDA";10;"JOINT TORIQUE R18, D23x3.6 FPM FDA";2;;19,87 €;5;2;10;0,00 €;;"<div>FILLPACK 4T </div>";0;0;;;;0;0;0;1;15/5/2023 00:00:00;20;2;601;0;;
3087;180175;"JOINT POUR CAROTTE COUPE GOUTTE";"JOINT TORIQUE R24, D32,5x3.6 FPM FDA";10;"JOINT TORIQUE R18, D32,5x3.6 FPM FDA";2;;9,97 €;6;2;10;0,00 €;;"FILLPACK 4T";0;0;;;;0;0;0;1;15/5/2023 00:00:00;20;2;601;0;;
3088;180176;"JOINT BOISSEAU FILLPACK 4T";"JOINT TORIQUE R38, D69,22x5,33 FPM FDA";10;"JOINT TORIQUE R38, D69,22x5,33 FPM FDA";2;;25,65 €;2;2;4;0,00 €;;"FILLPACK 4T";0;0;;;;0;0;0;1;29/3/2024 00:00:00;20;2;601;0;;
3089;180177;"JOINT BOISSEAU FILLPACK 4T";"JOINT TORIQUE  D79,2x5,7 FPM 70SH FDA";10;"JOINT TORIQUE R41, D78,74x5,33 FPM FDA";2;;27,68 €;1;1;4;0,00 €;;"FILLPACK 4T";0;0;;;;0;0;0;1;29/3/2024 00:00:00;20;2;601;0;;
3090;163823;"KIT MONTAGE DETECTEUR D18";"E20718";44;"E 20718";3;;7,14 €;0;1;2;0,00 €;;"AXYS";0;0;;;;0;0;0;1;;0;0;0;0;;
3091;180168;"DETECTEUR CAPACITIF D18";"KG6000";40;"KG6000";1;;74,48 €;3;2;2;0,00 €;;"AXYS";0;0;;;;0;0;0;1;28/9/2023 00:00:00;1;1;402;0;;
3092;180169;"CABLE CONNEXION M8 4B M VERS M12 4B FEM";"EVT307";44;"EVT307";1;;20,79 €;2;1;3;0,00 €;;"AXYS";0;0;;;;0;0;0;1;11/10/2023 00:00:00;1;11;102;0;;
3093;180170;"DETECTEUR CAPACITIF D18";"KF5001";44;"KF5001";1;;83,37 €;1;1;2;0,00 €;;"AXYS";0;0;;;;0;0;0;1;4/4/2023 00:00:00;1;1;401;0;;
3094;180171;"CABLE CONNEXION M8 F/M12 M/4P";"EVT248";44;"EVT248";1;;20,51 €;2;2;3;0,00 €;;"<div>AXYS</div>";0;0;;;;0;0;0;1;12/1/2024 00:00:00;0;0;0;0;;
3095;179766;"JOINT TORIQUE PISTION COULEUSE";"JOINT  Dint 30 TORE 6  65 SH SILICONE ROUGE";10;"JOINT  Dint 30 TORE 6  65 SH SILICONE ROUGE";2;;7,66 €;10;2;10;0,00 €;;"COULEUSE FERNETO";0;0;;;;0;0;1;1;30/3/2023 00:00:00;31;3;404;1;;
3096;179767;"JOINT TORIQUE DOSAGE FERNETO";"JOINT  Dint 50 TORE 2  65 SH SILICONE ROUGE";10;"JOINT  Dint 50 TORE 2  65 SH SILICONE ROUGE";2;;5,80 €;6;2;6;0,00 €;;"<div>DOSEUSE FERNETO</div>";0;0;;;;0;0;1;1;30/3/2023 00:00:00;31;3;404;1;;
3097;179768;"JOINT TORIQUE DOSAGE FERNETO";"JOINT  Dint 40 TORE 5  65 SH SILICONE ROUGE";10;"JOINT  Dint 40 TORE 5  65 SH SILICONE ROUGE";2;;7,07 €;10;2;10;0,00 €;;"FERNETO DOSEUSE";0;0;;;;0;0;1;1;30/3/2023 00:00:00;31;3;404;1;;
3098;180183;"SUPPORT DETECTEUR M18";"XUZB2003";1;"XUZB2003";1;;18,00 €;2;1;2;0,00 €;;"CADENCEUR";0;0;;;;0;0;0;1;30/3/2023 00:00:00;1;11;201;0;;
3099;180193;"COURROIE 16T5 LG 610";"COURROIE 16T5 LG 610 / 474-6176";10;"COURROIE 16T5 LG 610";3;;20,00 €;2;1;2;0,00 €;;"RX France SCAN";0;0;;;;0;0;0;1;7/4/2023 00:00:00;65;3;604;0;;
3100;180194;"COURROIE 10T5 LG 185";"COURROIE 10T5 LG 185 /474-5296";10;"COURROIE 10T5 LG 185";3;;20,00 €;2;1;3;0,00 €;;"RX France SCAN";0;0;;;;0;0;0;1;3/4/2023 00:00:00;11;3;604;0;;
3103;180156;"ARBRE GUIDAGE RESSORT SANS TROU DE GOUPILLE";"343-04-6619";97;"343-04-6619";3;;26,00 €;6;2;4;0,00 €;;"TARTO";0;0;;;;0;0;0;1;15/5/2023 00:00:00;0;0;0;0;;
3104;178783;"CARTE ALIMENTATION AUTOMATE";"NX PD 1000";13;"NX PD 1000";15;;93,00 €;2;608;2;0,00 €;;"ARMOIRE MCI";0;0;;;;0;0;0;1;15/5/2023 00:00:00;50;;;0;;
3105;100225;"BUTEE SUPERIEUR MOULE DEPILEUR";"BUTEE SUPERIEUR MOULE DEPILEUR";71;"BUTEE SUPERIEUR MOULE DEPILEUR";3;;50,00 €;6;2;10;0,00 €;;"DEPILLEUR TARTO";0;0;;;;0;0;0;1;15/5/2023 00:00:00;20;1;1001;0;;
3106;180757;"RESSORT RACLEUR";"105249";111;"105249";3;;176,00 €;8;2;4;0,00 €;;"RONDO LAMINOIR";0;0;;;;0;0;0;1;28/7/2023 00:00:00;;;;0;;
3107;180758;"RIVET DE RESSORT RACLEUR";"7095";111;"7095";3;;16,00 €;18;2;4;0,00 €;;"LAMINOIR RONDO";0;0;;;;0;0;0;1;28/7/2023 00:00:00;;;;0;;
3108;173996;"BALAIS DE DETECTEUR BLEUE LAMINOIR";"126084";111;"126084";3;;36,00 €;9;2;4;0,00 €;;"LAMINOIR RONDO";0;0;;;;0;0;0;1;23/1/2026 00:00:00;31;3;305;0;;
3109;180339;"CONTROLEUR DE GAZ";"LME11.230C2";83;"LME11.230C2";1;;168,00 €;1;1;1;0,00 €;;"CHAUDIERE";0;0;;;;0;0;0;1;15/5/2023 00:00:00;0;0;0;0;;
3110;180340;"ELECTRODE ALLUMAGE CHAROT";"BG200/STG146";10;"BG200/STG146";1;;42,00 €;1;1;1;0,00 €;;"CHAUDIERE";0;0;;;;0;0;0;1;15/5/2023 00:00:00;0;0;0;0;;
3111;180341;"ELECTRODE DETECTION CHAROT";"BG200/STG146 BIS";10;"BG200/STG146";1;;42,00 €;1;1;1;0,00 €;;"CHAUDIERE";0;0;;;;0;0;0;1;15/5/2023 00:00:00;0;0;0;0;;
3112;180342;"JOINT NITRILE DN450X500X3 CHAROT";"MG50-70";10;"MG50-70";3;;153,00 €;1;1;1;0,00 €;;"CHAUDIERE";0;0;;;;0;0;0;1;15/5/2023 00:00:00;0;0;0;0;;
3113;180343;"ANODE EMBALLEE LG.800 CHAROT";"MG50-70 ANODE";10;"MG50-70";1;;127,50 €;1;1;1;0,00 €;;"CHAUDIERE";0;0;;;;0;0;0;1;23/2/2026 00:00:00;0;0;0;0;;
3116;179233;"DETECTEUR ULTRA SON fillpack";"UGT 592";44;"UGT 592";1;;250,00 €;1;1;2;0,00 €;;"FILLPACK 4T";0;0;;;;0;0;0;1;2/10/2025 00:00:00;20;2;702;0;;
3117;180266;"RESISTANCE MACHOIRE 015L250 230V 600W FLOWPACK";"101 360 025";10;"101 360 025";1;;100,00 €;3;2;3;0,00 €;;"FLOWPACKEUSE";0;0;;;;0;0;0;1;16/5/2023 00:00:00;0;0;0;0;;
3118;180265;"THERMOCOUPLE FLOWPACK";"101 460 001";10;"101 460 001";1;;50,00 €;4;2;3;0,00 €;;"FLOWPACKEUSE";0;0;;;;0;0;0;1;16/5/2023 00:00:00;0;0;0;0;;
3119;181806;"CABLE M12 4B M VERS M8 4B FEMELLE";"EVC240";44;"EVC240";1;;25,00 €;2;1;1;0,00 €;;;0;0;;;;0;0;0;1;24/7/2026 00:00:00;1;11;103;0;;
3120;157969;"TETE POUR INTERRUPTEUR";"ZCE 026";1;"ZCE 02";1;;40,27 €;1;1;1;0,00 €;;;0;0;;;;0;0;0;1;19/3/2026 00:00:00;1;4;303;0;;
3121;100231;"INTERRUPTEUR DE SECURITE CADET 3";"440K C21 097B";99;"440K C21 097B";1;;150,00 €;1;1;1;0,00 €;;;0;0;;;;0;0;0;1;16/5/2023 00:00:00;1;5;502;0;;
3123;180162;"INTERRUPTEUR ISOLATION 4 POLES 80 A";"OT80F4N2";94;"1SCA105413R1001";1;;78,00 €;1;1;1;0,00 €;;"PASTO";0;0;;;;0;0;0;1;24/7/2025 00:00:00;21;3;303;0;;
3124;180471;"VARIATEUR POMPE SECONDAIRE -4/-8 USINE & -4/-8 CO2";"PDRV2-015K00";135;"PDRV2-015K00";1;;2234,00 €;1;1;10;0,00 €;;"ARTIC";0;0;;;;0;0;0;1;11/4/2025 00:00:00;50;1;0;0;;
3125;180472;"VARIATEUR POMPE SECONDAIRE +4/+8";"PDRV2E-011K00";135;"PDRV2E-011K00";1;;1148,00 €;1;1;1;0,00 €;;"ARTIC";0;0;;;;0;0;0;1;26/6/2023 00:00:00;50;1;0;0;;
3126;180473;"TAPIS A SPIRALE LARGE INFRA & SORTIE REFROIDISSEUR";"TYPE 0400M L650MM";140;"TYPE 0400M L650MM";3;;263,94 €;4;4;0;0,00 €;;"<div>A sortir par metre </div>

<div>SORTIE REFROIDISSEUR 2M</div>

<div>INFRAROUGE &nbsp;4M</div>";0;0;;;;0;0;0;1;3/4/2026 00:00:00;41;4;0;0;;
3127;180475;"TAPIS GRILLE SORTIE AXYS";"FILS ENTRELACE L810MM";140;"FILS ENTRELACE L810MM";3;;169,89 €;5;1;5;0,00 €;;"<div>AXYS le 28/5/25 : reste 5.6m + 1 m</div>";0;0;;;;0;0;0;1;19/2/2026 00:00:00;41;4;0;0;;
3128;180474;"TAPIS A SPIRALE LARGE SORTIE FOUR";"TYPE 0400M L800MM";140;"TYPE 0400M L800MM";3;;282,81 €;7;4;11;0,00 €;;"<div>A sortir par metre CONVOYEUR SORTIE FOUR</div>";0;0;;;;0;0;0;1;12/3/2026 00:00:00;41;4;0;0;;
3129;180468;"MODULE E/S BATTEUR MERINGUE";"CPM1A-MAD01";13;"CPM1A-MAD01";1;;420,00 €;0;1;1;0,00 €;;"BATTEUR MERINGUE";0;0;;;;0;0;0;4;;0;0;0;0;;
3130;180467;"AUTOMATE BATTEUR MERINGUE";"CPM1A-40CDR-D-V1";13;"CPM1A-40CDR-D-V1";15;;750,00 €;0;1;1;0,00 €;;"BATTEUR MERINGUE";0;0;;;;0;0;0;4;;10;0;0;0;;
3131;180470;"PANNEAU DE COMMANDE VARIATEUR ABB";"ABB ACS-CP-C";94;" ABB ACS-CP-C";1;;57,75 €;1;1;1;0,00 €;;"BATTEUR MERINGUE";0;0;;;;0;0;0;1;26/5/2023 00:00:00;;0;0;0;;
3133;180368;"AXE PISTON COTE PNEUMATIQUE REP 39";"0638921";92;"0638921";2;;267,30 €;1;1;1;0,00 €;;"<div>NAPPEUSE</div>";0;0;;;;0;0;0;1;30/5/2023 00:00:00;11;2;901;0;;
3134;180369;"Accouplement piston fluide doseuse";"0638896";92;"0638896";2;;230,85 €;1;1;1;0,00 €;;"nappeuse";0;0;;;;0;0;0;1;9/10/2023 00:00:00;11;2;901;0;;
3136;183752;"KIT JOINT VANNE PAPILLON SUCRE / FARINE";"KIT SEAT EPDM V375/376  DN 65 KGFE0070";10;"KGFE0070";3;;70,00 €;5;2;4;0,00 €;;"LIGNE FARINE ET SUCRE VANNE PAPILLON";0;0;;;;0;0;0;1;22/10/2025 00:00:00;40;2;202;0;;
3137;183665;"PLAQUE MODULAIRE LONG  6 INCH (Sabre)";"905-655721";169;"905-655721";3;;50,00 €;7;2;6;0,00 €;;;0;0;;;;0;0;0;1;31/12/2025 00:00:00;11;3;406;0;;
3138;183666;"PLAQUE MODULAIRE LONG 255 MM (SABRE)";"905-656291";169;"905 656291";3;;50,00 €;8;2;6;0,00 €;;;0;0;;;;0;0;0;1;31/12/2025 00:00:00;11;3;404;0;;
3140;180531;"TAPIS RX FRANCE SCAN  SOUS RX";"TAPIS BLEUE 2678*415";10;"FRO-0230351";3;;186,42 €;1;0;1;0,00 €;;"";0;0;;;;0;0;1;1;19/6/2023 00:00:00;65;0;0;0;;
3141;180532;"TAPIS RX FRANCE SCAN  EVACUATION";"TAPIS BLEUE 850*415";10;"FRO-0230352";3;;98,64 €;1;0;1;0,00 €;;"";0;0;;;;0;0;1;1;19/6/2023 00:00:00;65;0;0;0;;
3148;180100;"SIAT SK2 BANDE ENTRAINEMENT";"S3401771ZZZ";110;"S3401771ZZZ";3;;136,00 €;2;2;2;0,00 €;;;0;0;;;;0;0;0;1;30/11/2023 00:00:00;11;1;102;0;;
3149;180091;"SIAT SUPPORT ADHESIF rep 5";"S460165105Z";110;"S460165105Z";3;;49,94 €;5;1;1;0,00 €;;;0;0;;;;0;0;0;1;1/6/2026 00:00:00;11;1;1004;0;;
3150;180092;"SIAT PLAQUE SUPPORT ADHESIF";"S320008590Z";110;"S320008590Z";3;;12,80 €;1;1;1;0,00 €;;;0;0;;;;0;0;0;1;27/6/2023 00:00:00;11;1;801;0;;
3153;180095;"SIAT RESSORT FREIN SUPP ADHESIF REP 10";"S370021594Z";110;"S370021594Z";3;;7,79 €;2;1;2;0,00 €;;;0;0;;;;0;0;0;1;27/6/2023 00:00:00;11;1;807;0;;
3154;180096;"SIAT VIS FREIN SUPP ADHESIF REP 9 OU 11";"S330443893Z";110;"S330443893Z";3;;12,70 €;1;1;2;0,00 €;;;0;0;;;;0;0;0;1;27/6/2023 00:00:00;11;1;807;0;;
3155;180097;"SIAT ROULEAU ENTREE REP 22";"S310083105B";110;"S310083105B";3;;16,07 €;3;1;2;0,00 €;;;0;0;;;;0;0;0;1;27/6/2023 00:00:00;11;1;801;0;;
3156;180098;"SIAT PALIER  ROULEAU ENTREE REP 33";"S4304187ZZZ";110;"S4304187ZZZ";3;;12,28 €;2;1;2;0,00 €;;"1 GAUCHE ET 1 DROIT";0;0;;;;0;0;0;1;27/6/2023 00:00:00;11;1;801;0;;
3157;180099;"SIAT RESSORT RLX ANTI RETOUR";"S320008590Z OU S370022694Z";110;"S370022694Z";3;;4,70 €;1;1;2;0,00 €;;;0;0;;;;0;0;0;1;27/6/2023 00:00:00;11;1;904;0;;
3158;180101;"SIAT ANNEAU DE POULIE";"S310054048Z";110;"S310054048Z";3;;24,40 €;8;2;4;0,00 €;;;0;0;;;;0;0;0;1;12/1/2024 00:00:00;0;0;0;0;;
3159;180090;"RESSORT PROTEGE CTX SIAT REP 17";"S370018094Z";110;"S370018094Z";3;;5,20 €;13;6;20;0,00 €;;;0;0;;;;0;0;0;1;27/6/2023 00:00:00;11;1;805;0;;
3160;180610;"DOUILLE POUR COMPENSATEUR";"338.24.734 REP 8";97;"338.24.734";3;;64,62 €;0;2;8;0,00 €;;"<div>TARTO MATRICE FONCAGE</div>";0;0;;;;0;0;0;2;11/10/2023 00:00:00;20;;;0;;
3161;180611;"SHAFT OF COMPENSATOR";"338.24.733";97;" 338.24.733";3;;249,12 €;2;1;2;0,00 €;;;0;0;;;;0;0;0;1;11/10/2023 00:00:00;20;;;0;;
3162;180612;"FLANGE DE GLISSEMENT";"338.24.731";97;"338.24.731";3;;780,48 €;1;1;2;0,00 €;;;0;0;;;;0;0;0;1;3/7/2026 00:00:00;20;;;0;;
3163;180613;"CLAVETTE 6x25";"7135000516";97;"7135000516";3;;1,77 €;10;2;10;0,00 €;;"tarto";0;0;;;;0;0;0;1;11/10/2023 00:00:00;20;;;0;;
3164;180614;"JOINT A LEVRES D=32/20 EP 7";"7110000665";97;"7110000665";3;;34,16 €;8;2;10;0,00 €;;"<div>tarto MATRICE FONCAGE</div>";0;0;;;;0;0;0;1;11/10/2023 00:00:00;20;;;0;;
3165;180615;"GARNITURE DEM 100";"7110000008";97;"7110000008";3;;28,02 €;9;2;10;0,00 €;;"tarto";0;0;;;;0;0;0;1;11/10/2023 00:00:00;;;;0;;
3166;180469;"VARIATEUR ABB";"ACS550-01-015A-4 + B055";94;"ACS550-01-015A-4 + B055";1;;1280,00 €;1;1;1;0,00 €;;"<div>PRIS CHEZ ASERTI BATTEUR</div>

<div>BATTEUR</div>";0;0;;;;0;0;0;1;29/6/2023 00:00:00;0;0;0;0;;
3167;100235;"RESSORT TRACTION LG 110MM";"S3700179922";110;"S3700179922";3;;50,00 €;2;2;6;0,00 €;;"SCOTCHEUSE";0;0;;;;0;0;0;1;30/6/2023 00:00:00;11;1;801;0;;
3168;180630;"HUILE PNEUMATIQUE BARDAHLINE 32 BIDON 1L";"1660";114;"1660";9;;14,27 €;5;1;3;0,00 €;;;0;0;;;;0;0;1;1;24/6/2024 00:00:00;;;;1;;
3169;180629;"HUILE REDUCTEUR REDUCTALIM 460 20L";"2568 BIDON DE 20L";114;"2568 BIDON DE 20L";9;;445,39 €;1;0;1;0,00 €;;;0;0;;;;0;0;0;1;5/7/2024 00:00:00;;;;0;;
3171;180581;"ROULEMENT CONIQUE 50x90x32 mm";"33210";32;"33210";3;;26,48 €;1;1;5;0,00 €;;"Cuve pétrin";0;0;;;;0;0;0;1;27/10/2023 00:00:00;10;1;908;0;;
3172;180461;"MOTEUR  FUMEE FOUR DEN BOER";"6RN80M04E33";10;"6RN80M04E33";10;;703,00 €;1;1;2;0,00 €;;"<div>Four Den boer</div>";0;0;;;;0;0;0;1;5/7/2023 00:00:00;0;0;0;0;;
3173;179117;"FILTRE CTA ADIABATIQUE G4 DIM: 780x400x48";"QME78040048G4";141;"G4 Dimension: 780x400x48";11;;12,38 €;8;2;8;0,00 €;;"<div>2 INST A CHANGER 4/AN 11000 m3/h // 80Pa</div>";0;0;;;;0;0;0;1;29/7/2026 00:00:00;45;0;0;0;;
3174;180572;"FILTRE CTA BLANC G4 592*287*48";"QM122402G4";141;"G4 Dimension: 287x592x48";11;;6,92 €;6;2;10;0,00 €;;"<div>2 INST A CHANGER 4/AN</div>";0;0;;;;0;0;0;1;29/7/2026 00:00:00;45;0;0;0;;
3175;179119;"FILTRE CTA PREPA/BLANC G4 592*592*48";"QM242402G4";141;"G4 Dimension: 592x592x48";11;;9,80 €;21;7;35;0,00 €;;"<div>7 INST A CHANGER 4/AN CTA boulangerie et CTA préparation</div>";0;0;;;;0;0;0;1;29/7/2026 00:00:00;45;0;0;0;;
3176;180573;"FILTRE CTA BLANC F7 287*592*292";"MV122412F7";141;"F7 Dimension: 287x592x292";11;;42,80 €;0;2;2;0,00 €;;"<div>2 INST A CHANGER 1/AN</div>";0;0;;;;0;0;0;5;16/5/2025 00:00:00;45;0;0;0;;
3177;179121;"FILTRE CTA PREPA/BLANC F7 592*592*292";"MV242412F7";141;"F7 Dimension: 592x592x292";11;;66,56 €;0;7;1;0,00 €;;"<div>7 INST A CHANGER 1/AN</div>";0;0;;;;0;0;0;5;16/5/2025 00:00:00;45;0;0;0;;
3178;179122;"FILTRE CTA PREPA/BLANC H10 305*610*292";"PV122412.4H10";141;"H10 Dimension: 305x610x292";11;;99,53 €;0;8;5;0,00 €;;"<div>5 INST A CHANGER 1/2AN 2500 m3/h // 180Pa</div>";0;0;;;;0;0;0;5;16/5/2025 00:00:00;45;0;0;0;;
3179;179123;"FILTRE CTA PREPA/BLANC H10 610*610*292";"PV242412.10H10";141;"G4 Dimension: 495x592x48";11;;144,19 €;0;4;15;0,00 €;;"<div>7 INST A CHANGER 1/2AN</div>";0;0;;;;0;0;0;5;16/5/2025 00:00:00;45;0;0;0;;
3180;179124;"FILTRE INSUF PREPA G4 560*840*48";"QME56084048G4";141;"G4 Dimension: 560x840x48";11;;16,37 €;4;1;5;0,00 €;;"<div>1 INST A CHANGER 1/AN </div>

<div>6500 m3/h</div>";0;0;;;;0;0;0;1;29/7/2026 00:00:00;45;0;0;0;;
3181;180574;"FILTRE INSUF FOUR G4 865*1030*48";"QME103086548G4";141;"G4 Dimension: 865x1030x48";11;;31,00 €;2;1;5;0,00 €;;"<div>1 INST A CHANGER 4/AN 10000 m3/h // 700 Pa</div>";0;0;;;;0;0;0;1;29/7/2026 00:00:00;45;0;0;0;;
3182;179125;"FILTRE INSUF PLONGE/TUNNEL G4 485*525*48";"QME48552548G4";141;"G4 Dimension: 485x525x48";11;;11,49 €;17;2;8;0,00 €;;"<div>2 INST A CHANGER 4/AN</div>";0;0;;;;0;0;0;1;29/7/2026 00:00:00;45;0;0;0;;
3183;179127;"FILTRE DESHUMIFICATEUR G4 490*490*48";"QME49049048G4";141;"G4 Dimension: 490x490x48";11;;9,97 €;4;1;4;0,00 €;;"<div>1 INST A CHANGER 4/AN</div>

<div>Caisson combles</div>";0;0;;;;0;0;0;1;29/7/2026 00:00:00;45;0;0;0;;
3184;179126;"FILTRE DESHU G4 287*490*24";"MME28749023G4";141;"G4 Dimension: 287x490x24";11;;5,46 €;8;2;8;0,00 €;;"<div>2 INST A CHANGER 4/AN</div>

<div>déshumidificateur</div>";0;0;;;;0;0;0;1;29/7/2026 00:00:00;45;0;0;0;;
3186;180582;"CLAVETTE ACIER 12 X 08 X 36";"BAFA CLAV12,8,36";71;"CLAVETTE ACIER 12 X 08 X 36";3;;1,35 €;10;5;10;0,00 €;;"Cuve Pétrin";0;0;;;;0;0;0;1;8/9/2023 00:00:00;20;4;1005;0;;
3187;180644;"PALIER POLYROUND";"NAU4LKBFL205";32;"NAU4LKBFL205";3;;92,00 €;2;1;4;0,00 €;;"<div>SURGELATEUR</div>";0;0;;;;0;0;0;1;27/10/2023 00:00:00;;;;0;;
3188;180645;" PALIER PLASTIQUE A SEMELLE SANS GRAISSAGE";"NAU4LKBP205";32;"NAU4LKBP205";3;;92,00 €;2;2;4;0,00 €;;"<div>SURGELATEUR</div>";0;0;;;;0;0;0;1;17/2/2025 00:00:00;10;1;205;0;;
3189;180646;"PALIER POLYROUND";"NAU4LKBP207";32;"NAU4LKBP207";3;;129,84 €;1;1;2;0,00 €;;"<div>SURGELATEUR</div>";0;0;;;;0;0;0;1;27/10/2023 00:00:00;;;;0;;
3190;180647;"PALIER POLYROUND";"NAU4LKBF210";32;"NAU4LKBF210";3;;232,95 €;1;1;1;0,00 €;;"<div>SURGELATEUR</div>";0;0;;;;0;0;0;1;27/10/2023 00:00:00;;;;0;;
3191;180648;"PALIER TENDEUR";" SUCBT205/F";32;" SUCBT205/F";3;;63,00 €;0;2;4;0,00 €;;"<div>SURGELATEUR</div>";0;0;;;;0;0;0;1;;;;;0;;
3192;180649;"INSERT POLY-ROND  VERROUILLAGE";"NAU4LK205";32;"NAU4LK205";3;;5,00 €;0;2;4;0,00 €;;"<div>SURGELATEUR</div>";0;0;;;;0;0;0;1;;;;;0;;
3193;180650;"PALIER POLY ROUND SANS GRAISSAGE";"NAU4LKFB205";32;"NAU4LKFB205";3;;103,87 €;4;1;2;0,00 €;;;0;0;;;;0;0;0;1;27/10/2023 00:00:00;;;;0;;
3194;180583;"PALIER  ";"F3BBC25M-CPSS-DFH";31;"F3BBC25M-CPSS-DFH";3;;50,70 €;0;2;4;0,00 €;;"Palier rayon X L1";0;0;;;;0;0;0;4;;0;0;0;0;;
3195;180584;"PALIER  ";"F2BC30M-CPSS-DFH";31;"F2BC30M-CPSS-DFH";3;;66,61 €;0;2;2;0,00 €;;"Palier rayon X L1";0;0;;;;0;0;0;4;;0;0;0;0;;
3196;180585;"COUVERCLE DE PALIER  D30 ";"ECB506";31;"ECB506";3;;3,44 €;0;1;1;0,00 €;;"Palier rayon X L1";0;0;;;;0;0;0;4;;0;0;0;0;;
3197;180586;"ROULEMENT ";"W6205 2RS1 VP311";31;"W6205 2RS1 VP311";3;;26,29 €;0;1;2;0,00 €;;"Tendeur rayon X L1";0;0;;;;0;0;0;4;;;;;0;;
3198;180589;"ROULEMENT INOX 10*26*8";"W6000 2RS1 VP311";31;"W6000 2RS1 VP311";13;;11,99 €;6;2;30;0,00 €;;"Spirale mecanic air et trieuse pondérale";0;0;;;;0;0;0;1;18/8/2023 00:00:00;;;;0;;
3199;139554;"ROULEMENT CONIQUE 35x72x24.25 mm";"32207";32;"32207";3;;11,58 €;1;1;5;0,00 €;;"Cuve pétrin";0;0;;;;0;0;0;1;12/1/2024 00:00:00;10;1;906;0;;
3200;139938;"BAGUE 48*62*8 72NBR ";"BAU48628 FREU";10;"BA48628 FREU";12;;7,43 €;3;2;5;0,00 €;;"Cuve pétrin";0;0;;;;0;0;0;1;27/10/2023 00:00:00;;;;0;;
3201;120642;"RONDELLE DE BLOCAGE ";"MB7A";10;"MB7A";3;;0,48 €;1;1;5;0,00 €;;"<div>&nbsp;</div>

<div>-A VEUT DIRE PLUS ROBUSTE</div>

<div>Cuve pétrin</div>";0;0;;;;0;0;0;1;27/10/2023 00:00:00;0;0;0;0;;
3202;120641;"ECROU M35x1,5 KM7";"ECROU M35x1,5 KM7";32;"ECROU M35x1,5 KM7";3;;4,39 €;1;1;5;0,00 €;;"Cuve pétrin";0;0;;;;0;0;0;1;27/10/2023 00:00:00;;;;0;;
3203;151013;"JOINT VRING VA 100 NITRILE";"JOINT VRING VA 100 NITRILE";10;"JOINT VRING VA 100 NITRILE";3;;4,15 €;3;1;5;0,00 €;;"Cuve pétrin";0;0;;;;0;0;0;1;30/4/2024 00:00:00;;;;0;;
3204;179193;"ROULEMENT  CONV. VANDERP";"D14 RS/1740MW007";10;"D14 RS/1740MW007";3;;24,15 €;40;10;40;0,00 €;;"Roulement soutient bande conv. sortie four";0;0;;;;0;0;0;1;12/1/2024 00:00:00;0;0;0;0;;
3205;179118;"FILTRE CTA PREPA G4 592*495*48";"QM202402G4";141;"QM202402G4";11;;9,38 €;12;3;15;0,00 €;;"<div>3 INST A CHANGER 4/AN CTA Préparation</div>";0;0;;;;0;0;0;1;29/7/2026 00:00:00;45;0;0;0;;
3206;179120;"FILTRE CTA PREPA F7 592*492*292";"MV202412F7";141;"MV202412F7";11;;54,03 €;0;3;3;0,00 €;;"<div>3 INST A CHANGER 1/AN</div>";0;0;;;;0;0;0;5;16/5/2025 00:00:00;45;0;0;0;;
3207;178705;"THERMOCOUPLE  LG 900/6";"22630022";10;"22630022";1;;14,73 €;1;1;2;0,00 €;;"pour cuve auriol";0;0;;;;0;0;0;1;15/9/2023 00:00:00;0;0;0;0;;
3208;180666;"MODULE MULTI SORTIES FIBRE OPTIQUE";"FS-MC8P";17;"FS-MC8P";1;;96,00 €;1;1;1;0,00 €;;"ROBOT AXYS";0;0;;;;0;0;0;1;21/7/2023 00:00:00;1;12;202;0;;
3209;180667;"AMPLI FIBRE OPTIQUE";"FS-N40";17;"FS-N40";1;;222,00 €;1;1;1;0,00 €;;"ROBOT AXYS";0;0;;;;0;0;0;1;21/7/2023 00:00:00;1;12;201;0;;
3210;180668;"FIBRE OPTIQUE  D1,8";"FU-66";17;"FU-66";1;;100,00 €;1;1;2;0,00 €;;"ROBOT AXYS";0;0;;;;0;0;0;1;24/1/2024 00:00:00;1;12;203;0;;
3211;100236;"SONDE NTC -50°C /105°C";"NTC015WH015";81;"NTC015WH015";1;;14,43 €;1;1;1;0,00 €;;;0;0;;;;0;0;0;1;24/7/2023 00:00:00;;;;0;;
3212;180155;"ARBRE GUIDAGE RESSORT PERCE";"338-33-26-1B";97;"338-33-26-1B";3;;33,00 €;9;2;4;0,00 €;;"TARTO";0;0;;;;0;0;0;1;1/12/2023 00:00:00;20;1;906;0;;
3213;100237;"Boîtier étanche 1 poste Plexo IP66 composable";"090491";46;"90491";1;;13,86 €;2;1;5;0,00 €;;;0;0;;;;0;0;0;1;26/7/2023 00:00:00;30;3;310;0;;
3214;100238;"CAPTEUR DE SECURITE 10 METRES";"BNS 33 12Z 2187";103;"BNS 33 12Z 2187";8;;120,00 €;2;1;1;0,00 €;;;0;0;;;;0;0;0;1;30/7/2026 00:00:00;1;12;403;0;;
3215;100239;"CAPTEUR DE SECURITE";"XCS ZP1";91;"XCS ZP1";8;;50,00 €;1;1;1;0,00 €;;;0;0;;;;0;0;0;1;27/7/2023 00:00:00;1;5;105;0;;
3216;100240;"CAPTEUR VERIN ST6";"R412022870";90;"XCSPA 591";8;;50,00 €;1;1;1;0,00 €;;;0;0;;;;0;0;0;1;27/7/2023 00:00:00;1;9;403;0;;
3217;180781;"FLASQUE ENTRAINNEMENT P280A PIGNON rep 3";"D120x10 /D54x16 ALESAGE 35X26";71;"FLASQUE ENTRAINNEMENT P280A PIGNON";3;;125,50 €;4;1;2;0,00 €;;"<div>Flasque pour pignon </div>

<div>pétrin</div>

<div>REF 12218</div>";0;0;;;;0;0;0;1;29/12/2025 00:00:00;20;4;1003;0;;
3218;178514;"BAGUE ETANCHEITE ";"BASL 17 30 5 VI";10;"BASL 17 30 5 VI";3;;10,00 €;0;1;1;0,00 €;;"Pour moteur tapis DLV";0;0;;;;0;0;0;4;;0;0;0;0;;
3219;178515;"FILTRE FESTO LF 1/4 D MIDI ";"159613";4;"159613";2;;50,00 €;0;1;1;0,00 €;;"Pour foisonneur L1";0;0;;;;0;0;0;4;;0;0;0;0;;
3220;178548;"CUVE LUBRIFICATEUR AVANTICS ";"R412006358";90;"R412006358";2;;50,00 €;2;1;1;0,00 €;;"";0;0;;;;0;0;0;1;23/9/2025 00:00:00;3;7;202;0;;
3221;178692;"661 RACLEUR LATERAL ARNITE PC110";"661";109;"661";3;;100,00 €;1;1;1;0,00 €;;"<div>PASTO 4 PC110</div>";0;0;;;;0;0;0;1;17/9/2024 00:00:00;20;4;602;0;;
3223;114040;"BOBINE  115V 50/60HZ";"LXD1FE7";91;"LXD1FE7";1;;30,00 €;2;1;1;0,00 €;;"";0;0;;;;0;0;0;1;24/11/2023 00:00:00;2;11;302;0;;
3224;150253;"BOBINE DE RELAIS  400V";"LXD1V7";91;"LXD1V7";1;;30,00 €;1;1;1;0,00 €;;"";0;0;;;;0;0;0;1;24/11/2023 00:00:00;2;11;304;0;;
3225;150227;"BOBINE  230V 50/60 HZ";" LXD1P7";91;" LXD1P7";1;;30,00 €;6;1;1;0,00 €;;"";0;0;;;;0;0;0;1;24/11/2023 00:00:00;2;11;305;0;;
3226;141117;"CONTACTEUR ";"LC1 D32 P7";91;"LC1 D32 P7";1;;35,00 €;2;1;1;0,00 €;;"";0;0;;;;0;0;0;1;12/1/2024 00:00:00;2;10;306;0;;
3227;180409;"ROULEMENT 30 * 60 * 20";"4206 ATN9";31;"4206 ATN9";3;;24,29 €;2;2;2;0,00 €;;"BATTEUR";0;0;;;;0;0;0;1;6/9/2023 00:00:00;0;0;0;0;;
3228;180929;"ROULEMENT 45 X85X30,2";"3209 ATN9";31;"3209 ATN9";3;;41,87 €;2;2;2;0,00 €;;"BATTEUR";0;0;;;;0;0;0;1;6/9/2023 00:00:00;10;1;807;0;;
3229;113922;"JOINT TORIQUE OR 3300";"OR 3300 75,87 x 2,62";10;"75,87 x 2,62";3;;3,03 €;6;5;5;0,00 €;;"BATTEUR";0;0;;;;0;0;0;1;6/9/2023 00:00:00;0;0;0;0;;
3230;180931;"JOINT TORIQUE VITON  48.89x2.62";"OR 3193";10;"OR 3193";3;;2,93 €;4;5;5;0,00 €;;"batteur";0;0;;;;0;0;0;1;5/9/2023 00:00:00;;;;0;;
3231;180932;"JOINT TORIQUE VITON OR3350 88,57x2.62";"OR3350 88,57x2.62";10;"OR3350 88,57x2.62";3;;2,33 €;6;2;5;0,00 €;;"BATTEUR";0;0;;;;0;0;0;1;30/4/2024 00:00:00;;;;0;;
3232;100241;"JOINT TORIQUE OR4437 110,72x3,53";"OR4437 110,72x3,53";10;"OR4437 110,72x3,53";3;;2,00 €;1;1;2;0,00 €;;"BATTEUR";0;0;;;;0;0;0;1;17/8/2023 00:00:00;;;;0;;
3233;113187;"JOINT A LEVRE VITON 40x60x10";"JOINT A LEVRE VITON 40x60x10";10;"JOINT A LEVRE VITON 40x60x10";3;;5,00 €;0;2;2;0,00 €;;"BATTEUR";0;0;;;;0;0;0;2;;0;0;0;0;;
3234;100242;"JOINT TORIQUE AU METRE D3,53";"JOINT TORIQUE AU METRE D3,53";10;"JOINT TORIQUE AU METRE D3,53";3;;2,00 €;5;5;20;0,00 €;;"BATTEUR";0;0;;;;0;0;0;1;17/8/2023 00:00:00;;;;0;;
3235;180934;"JOINT TORIQUE VITON OR 3100 25.07x2.62";"JOINT TORIQUE VITON OR 3100 25.07x2.62";10;"JOINT TORIQUE VITON OR 3100 25.07x2.62";3;;0,87 €;3;2;5;0,00 €;;"BATTEUR";0;0;;;;0;0;0;1;5/9/2023 00:00:00;;;;0;;
3236;180930;"JOINT TORIQUE VITON OR 3400 101,27x2.62";"JOINT TORIQUE VITON OR 3400 101,27x2.62";10;"JOINT TORIQUE VITON OR 3400 101,27x2.62";3;;2,90 €;4;2;3;0,00 €;;"BATTEUR";0;0;;;;0;0;0;1;5/9/2023 00:00:00;;;;0;;
3237;100243;"PALIER CONVOYEUR SORTIE FOUR";"PALIER CONVOYEUR SORTIE FOUR";71;"PALIER CONVOYEUR SORTIE FOUR";5;;50,00 €;1;1;1;0,00 €;;;0;0;;;;0;0;0;1;18/8/2023 00:00:00;11;3;402;0;;
3238;176821;"ROULEMENT INOX  POUR PALIER SERRAGE VIS";" SUC 204";31;" SUC 204";13;;25,00 €;8;2;2;0,00 €;;;0;0;;;;0;0;0;1;8/10/2025 00:00:00;10;2;204;0;;
3239;180849;"ROULEMENT INOX 63052Z";"6305 2Z";31;"63052Z";13;;10,00 €;5;2;4;0,00 €;;;0;0;;;;0;0;0;1;18/8/2023 00:00:00;;;;0;;
3240;180850;"JOINT SPI";"BASL 28*47*7";10;"BASL 28*47*7";12;;8,57 €;2;2;4;0,00 €;;"<div>boite</div>";0;0;;;;0;0;0;1;18/8/2023 00:00:00;;;;0;;
3241;180851;"JOINT SPI";"BASL 30*55*7";10;"BASL 30*55*7";12;;9,18 €;4;2;4;0,00 €;;;0;0;;;;0;0;0;1;18/8/2023 00:00:00;;;;0;;
3242;100244;"JOINT SPI";"BASL 45*75*8";10;"BASL 45*75*8";12;;5,00 €;2;2;4;0,00 €;;;0;0;;;;0;0;0;1;18/8/2023 00:00:00;;;;0;;
3243;180036;"P01-00013 ARBRE ACCROCHAGE RACLEUR";"P01-00013";71;;5;;1068,46 €;0;0;1;0,00 €;;"BATTEUR";0;0;;;;0;0;0;5;6/9/2023 00:00:00;0;0;0;0;;
3244;180933;"JOINT A LEVRE VITON 40x60x10";"BA406010VI";;;12;;9,63 €;1;1;0;0,00 €;;"<div>BATTEUR boite</div>";0;0;;;;0;0;0;1;6/9/2023 00:00:00;20;4;605;0;;
3245;180035;"ARBRE ACCROCHAGE FOUET P01-00012 TONELLI";"P01-00012";;"P01-00012";5;;1318,13 €;0;1;0;0,00 €;;"<div>BATTEUR</div>";0;0;;;;0;0;0;5;6/9/2023 00:00:00;0;0;0;0;;
3246;180037;"ARBRE SUPPORT RACLEUR REP 2 TONELLI";"P02-00369";210;"P02-00369";5;;277,50 €;0;0;0;0,00 €;;"<div>BATTEUR TONNELLI</div>";0;0;;;;0;0;0;5;6/9/2023 00:00:00;0;0;0;0;;
3247;180038;"SUPPORT PIVOT PORTE FOUET REP 79  TONELLI";"P09-00018";210;"P09-00018";5;;568,80 €;0;0;0;0,00 €;;"<div>BATTEUR TONELLI</div>";0;0;;;;0;0;0;1;6/9/2023 00:00:00;0;0;0;0;;
3248;180979;"CABLE FEMELLE M12 8P E12433 10 METRES";"E12433";44;"E12433";1;;39,34 €;1;1;0;0,00 €;;;0;0;;;;0;0;0;1;22/3/2024 00:00:00;1;13;203;0;;
3249;180995;"DETECTEUR ULTRASON M18*75";"UB1000-18GM-75-U-V15";100;"UB1000-18GM-75-U-V15";8;;299,12 €;1;1;0;0,00 €;;"FILLPACK 2 TETE NIVEAU TREMIE";0;0;;;;0;0;0;1;22/5/2024 00:00:00;20;2;703;0;;
3250;180999;"CLAVETTE 10*8*40LIASON ARBRE FLASQUE/PIGNON";"BAFA CLAV10.8.50";10;"BAFA CLAV10.8.50";3;;1,32 €;2;2;0;0,00 €;;"<div>PETRIN liaiso</div>";0;0;;;;0;0;0;1;8/9/2023 00:00:00;20;4;1005;0;;
3251;180998;"CLAVETTE 7*8*40 LIAISON MOTEUR /REDUCTEUR PETRIN";"BAFA CLAV7.8.40";10;"BAFA CLAV7.8.40";3;;0,95 €;10;2;0;0,00 €;;"<div>PETRIN </div>";0;0;;;;0;0;0;1;8/9/2023 00:00:00;20;4;1005;0;;
3252;100245;"KIT REPARATION CLAPET ANTI RETOUR SURPRESSEUR";"KIT REPARATION CLAPET ANTI RETOUR SURPRESSEUR";10;"KIT REPARATION";4;;10,00 €;5;4;5;0,00 €;;"POUR SURPRESSEUR ASPIRATION CREPINE";0;0;;;;0;0;0;1;20/9/2023 00:00:00;30;3;303;0;;
3253;181036;"CORDON CHAUFFANT 230V 50W/M 2M";"099 11 0200";10;"099 11 0200";1;;32,00 €;3;1;2;0,00 €;;"<div>SDM EVAPORATEUR CN PF</div>";0;0;;;;0;0;0;1;30/10/2023 00:00:00;50;;;0;;
3254;100246;"CAPTEUR SICK";"WS4S-3D5230H";40;"WS4S-3D5230H";8;;50,00 €;1;0;0;0,00 €;;"FOUR REFROIDISSEUR";0;0;;;;0;0;0;1;28/9/2023 00:00:00;1;9;103;0;;
3255;181069;"BOITIER ARRET URGENCE";"M22-PV/KC02/IY";95;"M22-PV/KC02/IY";1;;34,73 €;1;1;2;0,00 €;;"FOUR REFROIDISSEUR";0;0;;;;0;0;0;1;2/10/2023 00:00:00;21;2;905;0;;
3256;100247;"PROGRAMMATEUR ULTRASON";"UB PROG 97450";100;"UB PROG 97450";1;;50,00 €;1;1;1;0,00 €;;"PROGRAMMMATION FILLPACK 1";0;0;;;;0;0;0;1;28/9/2023 00:00:00;1;1;503;0;;
3257;100248;"CABLE M12 8 BROCHES FEM 3M";"CABLE M12 8B FEM";10;"CABLE M12 8B FEM";1;;10,00 €;1;1;1;0,00 €;;;0;0;;;;0;0;0;1;28/9/2023 00:00:00;1;13;302;0;;
3258;100249;"CABLE M12 3 BROCHES FEM 3M";"CABLE M12 3 BROCHES FEM";10;"CABLE M12 3 BROCHES FEM";1;;10,00 €;1;1;1;0,00 €;;;0;0;;;;0;0;0;1;27/11/2024 00:00:00;1;13;303;0;;
3260;100250;"CABLE M8 4B F DROIT";"CABLE M8 4B F DROIT";10;"CABLE M8 4B F DROIT";1;;10,00 €;6;2;5;0,00 €;;"<div>SICK :2095889</div>";0;0;;;;0;0;0;1;20/9/2024 00:00:00;1;13;101;0;;
3261;183813;"CABLE M8 4B F COUDE 5M";"EVF139";10;"CABLE M8 4B F COUDE";1;;20,85 €;2;2;5;0,00 €;;;0;0;;;;0;0;0;1;12/1/2026 00:00:00;1;13;102;0;;
3262;100252;"CABLE M8 3B FEM COUDE";"CABLE M8 3B FEM DROIT";10;"CABLE M8 3B FEM DROIT";1;;10,00 €;1;1;5;0,00 €;;;0;0;;;;0;0;0;1;29/9/2023 00:00:00;1;13;104;0;;
3263;100253;"CABLE M8 3B FEM DROIT";"CABLE M8 3B FEM COUDE";10;"CABLE M8 3B FEM COUDE";1;;10,00 €;6;2;5;0,00 €;;;0;0;;;;0;0;0;1;3/4/2026 00:00:00;1;13;105;0;;
3264;100254;"TETE BOUTON POUSSOIR ROUGE AFFLEURANT";"ZB4BA4";91;"ZB4BA4";1;;25,00 €;3;1;2;0,00 €;;;0;0;;;;0;0;0;1;29/9/2023 00:00:00;2;1;206;0;;
3265;100255;"SUPPORT AMPOULE";"MLB-1";94;"MLB-1";1;;12,00 €;4;2;5;0,00 €;;;0;0;;;;0;0;0;1;29/9/2023 00:00:00;2;2;502;0;;
3266;100256;"SUPPORT AMPOULE";"3SB-3400-1A";83;"3SB-3400-1A";1;;10,00 €;1;1;2;0,00 €;;;0;0;;;;0;0;0;1;29/9/2023 00:00:00;2;2;503;0;;
3267;100257;"BLOCK CONTACT NO";"MCB-10";94;"MCB-10";1;;2,77 €;9;2;5;0,00 €;;;0;0;;;;0;0;0;1;29/9/2023 00:00:00;2;3;201;0;;
3268;100258;"CAPUCHON DE COULEUR";"ZBV 0133 /0143/0153/011";91;"ZBV 0133 /0143/0153/011";1;;1,00 €;10;1;5;0,00 €;;;0;0;;;;0;0;0;1;29/9/2023 00:00:00;2;3;403;0;;
3269;100259;"AMPOULE 230V BA9S LED";"AMPOULE 230V BA9S LED";94;"AMPOULE 230V BA9S LED";1;;5,00 €;3;1;5;0,00 €;;;0;0;;;;0;0;0;1;30/9/2023 00:00:00;2;3;306;0;;
3270;181025;"DEMARREUR PROGRESSIF PNEUMATIQUE MS4-DL-1/4";"529531";4;"529531";2;;59,00 €;3;1;2;0,00 €;;;0;0;;;;0;0;0;1;19/9/2024 00:00:00;3;8;503;0;;
3271;145581;"TETE VOYANT LUMINEUX VERT";"ZB4BW33";91;"ZB4BW33";1;;6,00 €;4;2;5;0,00 €;;;0;0;;;;0;0;0;1;5/10/2023 00:00:00;2;1;104;0;;
3272;153832;"BLOC LUMINEUX LED BLEU";"ZBV B6";91;;1;;5,00 €;1;1;5;0,00 €;;"<div>ne se fabrique plus</div>";0;0;;;;0;0;0;1;3/10/2023 00:00:00;2;2;504;0;;
3273;100260;"TETE ARRET D'URGENCE";"3SU1050-1HB20-0AA0";83;"3SU1050-1HB20-0AA0";1;;;2;1;2;0,00 €;;;0;0;;;;0;0;0;1;4/10/2023 00:00:00;2;1;405;0;;
3274;100261;"CONTACT NC";"EF220.1";103;"EF220.1";1;;10,00 €;1;1;2;0,00 €;;;0;0;;;;0;0;0;1;4/10/2023 00:00:00;2;2;410;0;;
3275;180799;"AUTOMATE EXTENTION";"AFP0RE16RS";10;"AFP0RE16RS";15;;188,59 €;1;1;1;0,00 €;;"etuyeuse";0;0;;;;0;0;0;1;11/10/2023 00:00:00;0;0;0;0;;
3276;180800;"AUTOMATE 8E/8S  PANASONIC";"AFP0RC14RS";10;"AFP0RC14RS";15;;161,15 €;1;1;1;0,00 €;;"etyeuse";0;0;;;;0;0;0;1;11/10/2023 00:00:00;0;0;0;0;;
3277;180348;"MITIGEUR THERMOSTATIQUE 1/2""";"TMRMT 521715";191;"TMRMT 521714";14;;120,00 €;2;1;2;0,00 €;;;0;0;;;;0;0;0;1;2/2/2026 00:00:00;31;1;203;0;;
3278;180182;"DETECTEUR PHOTOELECTRIQUE";"WTB12-3P2461558";40;"WTB12-3P2461558";1;;120,00 €;1;1;1;0,00 €;;;0;0;;;;0;0;0;1;11/10/2023 00:00:00;1;2;504;0;;
3279;180181;"DETECTEUR PHOTOELECTRIQUE";"WTV25-2P285";40;"WTV25-2P285";1;;75,00 €;2;1;2;0,00 €;;;0;0;;;;0;0;0;1;11/10/2023 00:00:00;1;2;505;0;;
3280;100262;"SUPPORT CAPTEUR POUR VERIN D25";"175096 /SMBR-8-25";4;"175096";8;;20,00 €;2;1;1;0,00 €;;;0;0;;;;0;0;0;1;14/8/2026 00:00:00;3;1;502;0;;
3281;183819;"CONDENSATEUR 3 µF 470V CA";"377-9024";10;"377-9024";1;;5,26 €;1;1;1;0,00 €;;"<div>Evaporateur</div>";0;0;;;;0;0;0;1;29/6/2026 00:00:00;1;7;102;0;;
3282;181023;"PINCE FIXATION PANNEAU POLYCARBONATE";"2083013";116;"2083013";5;;61,60 €;6;2;6;0,00 €;;;0;0;;;;0;0;0;1;23/10/2023 00:00:00;20;2;1005;0;;
3283;181106;"LAVE MAINS ADOSSE INOX 400*315";"099126364";10;"099126364";30;;222,62 €;1;1;0;0,00 €;;;0;0;;;;0;0;0;1;24/10/2023 00:00:00;;;;0;;
3284;181114;"SOCLE TABLEAU 32 A 4P +T";"555489";46;"555489";1;;50,00 €;4;1;2;0,00 €;;;0;0;;;;0;0;0;1;28/11/2023 00:00:00;30;3;307;0;;
3285;100264;"GOUPILLE CONIQUE D5*37";"D5 / D5,7";10;"D5 / D5,7";3;;10,00 €;19;8;16;0,00 €;;"<div>POUR RACLEUR BATTEUR</div>";0;0;;;;0;0;0;1;25/6/2025 00:00:00;20;4;503;0;;
3286;100265;"REFLECTEUR 20*20";"PL10F";40;"5311210";1;;10,00 €;3;1;1;0,00 €;;;0;0;;;;0;0;0;1;27/10/2023 00:00:00;1;2;305;0;;
3287;100266;"SUPPORT REFLECTEUR";"BEF WN W9 2";40;"2022855";1;;10,00 €;3;1;1;0,00 €;;;0;0;;;;0;0;0;1;27/10/2023 00:00:00;1;2;306;0;;
3288;181147;"POMPE ENGRENAGE MARZOCCHI";"ALP2-D-16";168;"ALP2-D-16";4;;425,30 €;1;1;0;0,00 €;;"<div>FOURNISSEUR HMS</div>

<div>TARTOMATIC</div>";0;0;;;;0;0;0;1;10/11/2023 00:00:00;;;;0;;
3289;116682;"CARTE ENTREE";"6ES7321-1BL00-0AA0";83;"6ES7321-1BL00-0AA0";15;;135,00 €;2;1;1;0,00 €;;"<div>Tartomatic</div>";0;0;;;;0;0;0;1;26/5/2026 00:00:00;0;0;0;0;;
3290;181214;"CPU 6ES7313-5BF03-0AB0";"6ES7313-5BF03-0AB0";83;"6ES7313-5BF03-0AB0";15;;385,00 €;1;1;1;0,00 €;;"<div>Tartomatic</div>";0;0;;;;0;0;0;1;26/5/2026 00:00:00;0;0;0;0;;
3291;116688;"CARTE SORTIE AUTOMATE";"6ES7322-1BL00-0AA0";83;"6ES7322-1BL00-0AA0";15;;75,00 €;2;1;1;0,00 €;;"<div>Tartomatic</div>";0;0;;;;0;0;0;1;26/5/2026 00:00:00;0;0;0;0;;
3292;181215;"CARTE 16 ENTRES 16 SORTIES";"6ES7323-1BL00-0AA0";83;"6ES7323-1BL00-0AA0";15;;135,00 €;1;1;1;0,00 €;;"<div>Tartomatic</div>";0;0;;;;0;0;0;1;26/5/2026 00:00:00;0;0;0;0;;
3293;181216;"CAPTEUR POS TRANSDUCTEUR RETTILINEO STELO 150MM";"023206 T-0150";146;;8;;950,00 €;1;1;1;0,00 €;;;0;0;;;;0;0;0;1;1/10/2025 00:00:00;31;3;406;0;;
3294;181217;"Clixon R20/R28";"Clixon R20/R28";92;"Clixon R20/R28";1;;36,03 €;0;1;1;0,00 €;;;0;0;;;;0;0;0;5;17/11/2023 00:00:00;0;0;0;0;;
3295;102433;"ROULEMENT 40 x 90 x 23";"6308 ZZ/C3";31;" 6308 ZZ C3";13;;36,86 €;1;1;1;0,00 €;;;0;0;;;;0;0;0;1;2/10/2024 00:00:00;0;0;0;0;;
3296;181218;"ROULEMENT 35 X 72 X 17";"6207 ZZ C3";31;"6207 ZZ C3";13;;14,00 €;1;1;1;0,00 €;;;0;0;;;;0;0;0;1;2/10/2024 00:00:00;0;0;0;0;;
3297;181219;"RONDELLE EPAUL.SEW S40X50X2,5";"SEW S40X50X2,5";61;"SEW S40X50X2,5";3;;3,36 €;1;1;1;0,00 €;;;0;0;;;;0;0;0;1;28/11/2023 00:00:00;20;3;605;0;;
3298;181220;"RONDELLE ELASTIQUE POUR MOTEUR";"W4253 61X71X0,6";61;"W4253 61X71X0,6";13;;1,59 €;1;1;1;0,00 €;;;0;0;;;;0;0;0;1;28/11/2023 00:00:00;20;3;605;0;;
3299;181221;"BAGUE ETANCHE 27X47X6/7 FKM";"W BAOFSF27X47X6/7FKM";10;"W BAOFSF27X47X6/7FKM";3;;14,56 €;1;1;1;0,00 €;;;0;0;;;;0;0;0;1;28/11/2023 00:00:00;20;3;605;0;;
3300;109070;"BAGUE IE 40 * 52* 7 VITON";"BAGUE IE 40 * 52* 7 VITON";10;"BAGUE IE 40 * 52* 7 VITON";12;;5,00 €;1;1;1;0,00 €;;;0;0;;;;0;0;0;1;2/10/2024 00:00:00;0;0;0;0;;
3301;181222;"MANCHON SPEEDI-SLEEVE ARBRE D40MM";"CR99157";31;"CR99157";13;;26,15 €;1;1;1;0,00 €;;;0;0;;;;0;0;0;1;17/9/2024 00:00:00;0;0;0;0;;
3302;181258;"RESISTANCE DE VIROLE KELVION";"VRB50";10;"VRB50 POUR EVAPO KUBA SGB 102C";1;;269,17 €;1;1;1;0,00 €;;;0;0;;;;0;0;0;1;24/1/2024 00:00:00;0;0;0;0;;
3303;100267;"JOINT V-RING VA 20 FKM (viton)";"V-RING VA 20 FKM";144;"DICHVRING20AVI";3;;3,23 €;4;1;5;0,00 €;;"PASTO 7 ? JOINT TURBINE CUVE";0;0;;;;0;0;0;1;;0;0;0;0;;
3304;100268;"BOUTON PETRIN";"27401";46;"27401";1;;50,00 €;1;1;1;0,00 €;;;0;0;;;;0;0;0;1;21/11/2023 00:00:00;2;1;505;0;;
3305;181257;"RECHANGE AUTOCLUDE SC0118/03826/03827";"SC0118/03826/03827";10;"SC0118/03826/03827";3;;105,00 €;1;1;1;0,00 €;;;0;0;;;;0;0;0;1;23/11/2023 00:00:00;30;3;401;0;;
3306;100269;"TIRE CABLE";"TIRE CABLE";10;"TIRE CABLE";3;;7,36 €;4;1;1;0,00 €;;"POUR TIRE PALETTE ELECTRIQUE MT12";0;0;;;;0;0;0;1;23/11/2023 00:00:00;0;0;0;0;;
3307;100270;"TELERUPTEUR 16A";"A9C30812";91;"A9C30812";16;;40,00 €;1;1;1;0,00 €;;;0;0;;;;0;0;0;1;23/11/2023 00:00:00;2;6;102;0;;
3308;182567;"TEMPO 24*240V AC/DC CROUZET";" 88 827 115";30;" 88827115";16;;44,00 €;1;1;1;0,00 €;;;0;0;;;;0;0;0;1;25/9/2024 00:00:00;2;6;101;0;;
3309;100272;"MINUTERIE REGLABLE DE 1 A 7MN";"15363";91;"15363";16;;36,00 €;1;1;1;0,00 €;;;0;0;;;;0;0;0;1;23/11/2023 00:00:00;2;6;104;0;;
3310;100273;"HORLOGE DE PROGRAMATION SUL181 D";"1810011";10;"1810011";16;;104,00 €;1;1;1;0,00 €;;;0;0;;;;0;0;0;1;23/11/2023 00:00:00;2;6;201;0;;
3311;181115;"PRISE SAILLIE P17 32A 380V 3P+N+T";"555459";46;"555459";1;;27,00 €;2;1;1;0,00 €;;;0;0;;;;0;0;0;1;13/10/2025 00:00:00;30;3;307;0;;
3312;100275;"CONTACTEUR 1 NO 24V";"3RT2018-2AB01";83;"3RT2018-2AB01";1;;26,00 €;1;1;1;0,00 €;;;0;0;;;;0;0;0;1;24/11/2023 00:00:00;2;11;101;0;;
3313;100276;"CONTACTEUR 230V";"N22 E";94;"N22 E";1;;30,00 €;1;1;1;0,00 €;;;0;0;;;;0;0;0;1;24/11/2023 00:00:00;2;11;102;0;;
3314;100277;"CONTACTEUR 230V";"A9-30-10";94;"A9-30-10";1;;30,00 €;3;1;1;0,00 €;;;0;0;;;;0;0;0;1;24/11/2023 00:00:00;2;11;103;0;;
3315;100278;"CONTACTEUR 230V";"AS9-30-10-20";94;"AS9-30-10-20";1;;30,00 €;5;1;1;0,00 €;;;0;0;;;;0;0;0;1;27/11/2024 00:00:00;2;11;104;0;;
3316;100279;"BOBINE 48V";"LXD1F7";91;"LXD1F7";1;;30,00 €;1;1;1;0,00 €;;;0;0;;;;0;0;0;1;24/11/2023 00:00:00;2;11;303;0;;
3317;100280;"RELAIS DE PROTECTION THERMIQUE";"LRD22";91;"LRD22";1;;62,00 €;1;1;1;0,00 €;;;0;0;;;;0;0;0;1;24/11/2023 00:00:00;2;11;403;0;;
3318;100281;"RELAIS DE PROTECTION THERMIQUE";"LRD10";91;"LRD10";1;;60,00 €;1;1;1;0,00 €;;;0;0;;;;0;0;0;1;24/11/2023 00:00:00;2;11;404;0;;
3320;100282;"RELAIS DE PROTECTION THERMIQUE";"LR2K0306";91;"LR2K0306";1;;;1;1;1;0,00 €;;;0;0;;;;0;0;0;1;24/11/2023 00:00:00;2;11;401;0;;
3321;100283;"RELAIS DE PROTECTION THERMIQUE";"LR2K0314";91;"LR2K0314";1;;60,00 €;1;1;1;0,00 €;;;0;0;;;;0;0;0;1;24/11/2023 00:00:00;2;11;402;0;;
3323;100284;"BLOC CONTACT AUXILIAIRE 2F+2O";"LA1KN22";91;"LA1KN22";1;;10,00 €;1;1;1;0,00 €;;;0;0;;;;0;0;0;1;27/11/2024 00:00:00;2;11;205;0;;
3324;100285;"MODULE ANTIPARASITAGE 230V";"LA4DA2U";91;"LA4DA2U";1;;14,00 €;1;1;1;0,00 €;;;0;0;;;;0;0;0;1;24/11/2023 00:00:00;2;11;204;0;;
3325;100286;"CONTACT AUXILIAIRE 1O + 1F";"GVAN11";91;"GVAN11";1;;8,00 €;1;1;1;0,00 €;;;0;0;;;;0;0;0;1;24/11/2023 00:00:00;2;11;202;0;;
3326;100287;"BLOC CONTACT AUXILIAIRE 3 NO+ 1NF";"3RH2911-1HA13";83;"3RH2911-1HA13";1;;8,00 €;1;1;1;0,00 €;;;0;0;;;;0;0;0;1;24/11/2023 00:00:00;2;11;206;0;;
3327;181310;"JOINT ARBRE POUR POMPE CR1/3/5 D12";"SP13106";10;"SP13106";4;;510,49 €;1;1;1;0,00 €;;"FOODCLEAN";0;0;;;;0;0;0;1;6/12/2023 00:00:00;31;3;303;0;;
3328;181321;"PRISE MOBILE 380V 32A 3P+N+T";"PE3265PV";89;"PE3265PV";1;;14,20 €;2;1;1;0,00 €;;;0;0;;;;0;0;0;1;4/1/2024 00:00:00;30;3;308;0;;
3329;181357;"GACHE 525-521";"007201673";145;"007201673";30;;20,81 €;3;1;0;0,00 €;;;0;0;;;;0;0;0;1;20/2/2024 00:00:00;0;0;0;0;;
3330;181358;"DOUILLE A AIGUILLE 6X10X9";"HK0609";31;"HK0609";13;;;0;0;0;0,00 €;;;0;0;;;;0;0;0;1;;0;0;0;0;;
3331;181359;"PLAQUE SEPARATION CPV14-DZPR";"178680";4;"178680";17;;50,00 €;1;1;0;0,00 €;;;0;0;;;;0;0;0;1;20/9/2024 00:00:00;3;6;201;0;;
3332;181360;"CABLE CONNEXION KMP3-25P-16-5";"18624";4;"18624";17;;88,83 €;1;0;0;0,00 €;;;0;0;;;;0;0;0;1;20/9/2024 00:00:00;3;9;501;0;;
3333;138910;"CUVE LF/LFR-D-MIDI 646228";"646228";4;"646228";2;;54,78 €;1;1;1;0,00 €;;;0;0;;;;0;0;0;1;18/3/2024 00:00:00;3;8;203;0;;
3334;160693;"VERIN ADVUL 40*50 PA";"156891";4;"156891";2;;312,00 €;0;1;1;0,00 €;;;0;0;;;;0;0;0;1;;0;0;0;0;;
3335;181362;"CONTACT SECURITE PSEN CS1.1P";"540050";39;"540050";1;;122,37 €;1;1;1;0,00 €;;;0;0;;;;0;0;0;1;4/1/2024 00:00:00;1;4;402;0;;
3336;181363;"RELAIS SECURITE PNOZ X2 8P 24V ACDC";"777301";39;"777301";16;;175,03 €;2;1;1;0,00 €;;;0;0;;;;0;0;0;1;12/1/2024 00:00:00;1;4;501;0;;
3337;181364;"AIMANT SECURITE PSEN CS1.1";"540080";39;"540080";1;;17,66 €;1;1;1;0,00 €;;;0;0;;;;0;0;0;1;4/1/2024 00:00:00;1;4;401;0;;
3338;181184;"DISTRIBUTEUR 3/2 A BOUTON UN3/1581";"VM430-01-33";6;"VM430-01-33";2;;20,00 €;2;1;2;0,00 €;;;0;0;;;;0;0;0;1;4/1/2024 00:00:00;20;2;805;0;;
3339;181489;"AIMANT DE SECURITE PSEN 1.1.20";"514120";39;"514120";1;;20,00 €;2;1;1;0,00 €;;;0;0;;;;0;0;0;1;4/1/2024 00:00:00;1;4;403;0;;
3340;181523;"MOTEUR REENROULEUR AVEC POULIE ETI 3200";"PETI-10006-10XL2 + CABLE LC2B06E";10;"PETI-10006-10XL2";1;;138,00 €;1;1;0;0,00 €;;;0;0;;;;0;0;0;1;6/2/2024 00:00:00;11;1;304;0;;
3341;181524;"CABLE LC2B06E POUR MOTEUR ETI 3200";"PETI-PKP266-CABLE";153;"PETI-PKP266-CABL";1;;8,75 €;1;1;1;0,00 €;;;0;0;;;;0;0;0;1;16/1/2024 00:00:00;0;0;0;0;;
3342;100288;"BOUTON POUSSOIR VERT";"3SU1050-0AB40-0AA0";83;"3SU1050-0AB40-0AA0";1;;3,45 €;1;1;2;0,00 €;;"<div>armoire convoyeur condi</div>";0;0;;;;0;0;0;1;12/1/2024 00:00:00;2;1;305;0;;
3343;181547;"RELAIS STATIQUE 560V";"SUL 865070";148;"SUL 865070";16;;60,39 €;1;1;1;0,00 €;;;0;0;;;;0;0;0;1;19/1/2024 00:00:00;2;5;503;0;;
3344;100289;"EMBASE DISTRIBUTEUR";"CDSV5.0-AS-1/8";4;"CDSV5.0-AS-1/8";2;;200,00 €;1;1;1;0,00 €;;;0;0;;;;0;0;0;1;30/1/2024 00:00:00;11;2;1103;0;;
3345;181586;"THERMOSTAT MONOPHASE 20/120°";"THERMOSTAT MONOPHASE 20/120°";10;"55.19022.040";1;;124,00 €;1;1;0;0,00 €;;"POUR FILLPACK";0;0;;;;0;0;0;1;6/2/2024 00:00:00;20;2;407;0;;
3346;100290;"PLASTRON 4 MODULE MILLENIUM";"89750160";30;"89750160";1;;20,00 €;1;1;1;0,00 €;;"RÉPARTITEUR AVANT SURGEL";0;0;;;;0;0;0;1;6/2/2024 00:00:00;21;2;605;0;;
3347;100291;"ECROU M8 X125";"865-6024";6;"865-6024";3;;;4;0;0;0,00 €;;"ETIQUETEUSE";0;0;;;;0;0;0;1;6/2/2024 00:00:00;0;0;0;0;;
3348;179600;"INSERT FEMELLE 24 B CONNECTION RAPIDE";"CSHF24";89;"CSHF24";1;;25,00 €;6;1;1;0,00 €;;;0;0;;;;0;0;0;1;5/3/2026 00:00:00;2;4;201;0;;
3349;181607;"ECHAPPEMENT RAPIDE SEU-1/8";"4616";4;"4616";2;;35,34 €;4;1;2;0,00 €;;;0;0;;;;0;0;0;1;9/2/2024 00:00:00;0;0;0;0;;
3350;181688;"BANDE TREVIRA POUR JONCTION BIGBAG SUCRE";"BANDE TREVIRA POUR JONCTION BIGBAG SUCRE";108;"BANDE TREVIRA POUR JONCTION BIGBAG SUCRE";3;;230,00 €;1;1;0;0,00 €;;;0;0;;;;0;0;0;1;8/3/2024 00:00:00;0;0;0;0;;
3351;181689;"GOUPILLE 7*8*50";"3190";109;"3190";3;;4,98 €;2;1;0;0,00 €;;;0;0;;;;0;0;0;1;8/5/2024 00:00:00;20;4;601;0;;
3352;181690;"AXE MOTEUR POUR PC 110/220";"2956";109;"2956";3;;347,74 €;1;1;0;0,00 €;;;0;0;;;;0;0;0;1;28/2/2024 00:00:00;0;0;0;0;;
3353;181691;"JOINT SILICONE PC110 100*26*3";"3004";109;"3004";3;;15,31 €;1;1;1;0,00 €;;;0;0;;;;0;0;0;1;1/3/2024 00:00:00;20;4;805;0;;
3354;181692;"RONDELLE PROTECTION JOINT REDUCTEUR PC110";"2959";109;"2959";3;;22,46 €;2;1;1;0,00 €;;;0;0;;;;0;0;0;1;28/2/2024 00:00:00;20;4;805;0;;
3355;181693;"AXE JONCTION REDUCTEUR PC110";"3005";109;"3005";3;;192,24 €;1;1;1;0,00 €;;;0;0;;;;0;0;0;1;28/2/2024 00:00:00;20;4;805;0;;
3356;181694;"MOTOREDUCTEUR 1.5KW I=30";"MRV430UO4EROSS";154;"MRV430UO4EROSS";10;;974,39 €;1;1;1;0,00 €;;"<div>PASTO 4</div>";0;0;;;;0;0;0;1;24/4/2024 00:00:00;45;1;105;0;;
3357;181705;"DOIGT INDEXAGE MECANICAIR";"ESM 32-076-12";120;"32-076-12";3;;34,49 €;3;1;2;0,00 €;;;0;0;;;;0;0;0;1;26/2/2024 00:00:00;20;3;1008;0;;
3358;181606;"VERIN DNC 32-320 PPV-Q TIGE CARRE";"163302";4;"163302";2;;256,81 €;0;0;0;0,00 €;;"<div>RX loma</div>";0;0;;;;0;0;1;10;11/4/2024 00:00:00;0;0;0;1;;
3359;181732;"RESISTANCE 15x350 800W 220V";"101.360.029";152;"101.360.029";1;;52,88 €;1;1;1;0,00 €;;;0;0;;;;0;0;0;1;4/3/2024 00:00:00;0;0;0;0;;
3360;181733;"COUTEAU  350*20*5.8";"037.000.047";152;"037.000.047";3;;328,34 €;1;1;1;0,00 €;;"FLOWPACKEUSE";0;0;;;;0;0;0;1;4/3/2024 00:00:00;0;0;0;0;;
3361;181734;"TAQUET 30*60 PIVOT INOX";"TAQUET 30*60 PIVOT INOX";152;"TAQUET 30*60 PIVOT INOX";3;;18,47 €;5;5;20;0,00 €;;"FLOWPACKEUSE";0;0;;;;0;0;0;1;4/3/2024 00:00:00;0;0;0;0;;
3362;181735;"SUPPORT TAQUET";"SUPPORT TAQUET";152;"SUPPORT TAQUET";3;;100,00 €;11;2;5;0,00 €;;;0;0;;;;0;0;0;1;4/3/2024 00:00:00;0;0;0;0;;
3363;181736;"VIS SUPPORT TAQUET";"VIS SUPPORT TAQUET";152;"VIS SUPPORT TAQUET";3;;10,00 €;11;2;10;0,00 €;;;0;0;;;;0;0;0;1;4/3/2024 00:00:00;0;0;0;0;;
3364;181587;"CHAPE VERIN FILLPACK";"200606-1000-001";71;"200606-1000-001";3;;76,00 €;2;1;1;0,00 €;;;0;0;;;;0;0;0;1;29/11/2024 00:00:00;20;2;705;0;;
3366;181775;"PRESSOSTAT 250 BAR REGLABLE G1/4 363-6006";"0181460031003";10;"0181460031003";4;;82,20 €;1;1;1;0,00 €;;"TARTO / PETRIN";0;0;;;;0;0;0;1;16/1/2025 00:00:00;20;1;1003;0;;
3367;181776;"CONNECTEUR DE PRESSOSTAT HYDRAULIQUE";"1180652002";10;"1180652002";4;;14,08 €;2;1;1;0,00 €;;;0;0;;;;0;0;0;1;28/3/2025 00:00:00;20;1;1002;0;;
3368;181777;"BAGUE BRONZE 12*16*12";"BAGUE BRONZE 12*16*12";10;"BAGUE BRONZE 12*16*12";3;;0,77 €;8;4;8;0,00 €;;"POUR VERIN MECANICAIR";0;0;;;;0;0;0;1;21/3/2024 00:00:00;20;3;902;0;;
3369;181778;"BAGUE BA 12*18*3 NBR";"BAGUE BA 12*18*3 NBR";10;"BAGUE BA 12*18*3 NBR";12;;3,48 €;4;2;4;0,00 €;;;0;0;;;;0;0;0;1;22/3/2024 00:00:00;0;0;0;0;;
3370;181779;"KIT VERIN GPC-020";"0490704007";90;"0490704007";2;;45,97 €;1;1;1;0,00 €;;"<div>MECANICAIR</div>";0;0;;;;0;0;0;1;4/4/2024 00:00:00;20;1;1105;0;;
3371;181780;"BAGUE LISSE IGUS 8*10*6";"JSM-0810-06";93;"EGB0806-E40-Y";3;;1,44 €;18;2;10;0,00 €;;"DOSEUSE FILLPACK";0;0;;;;0;0;0;1;10/6/2026 00:00:00;20;2;608;0;;
3372;179983;"IHM SIEMENS KTP700 FOISONNEUR";"6AV2123-2GB03-0AX0";83;"6AV2123-2GB03-0AX0";15;;583,28 €;1;1;1;0,00 €;;"IHM foisonneur TFT";0;0;;;;0;0;0;1;26/5/2026 00:00:00;;;;0;;
3373;181762;"MANOMETRE D63 1/4"" 0/250 BAR P. HUILE";"273132-250";88;"273132-250";4;;22,78 €;1;1;2;0,00 €;;"<div>Manomètre pression huile pour tartomatic</div>";0;0;;;;0;0;0;1;30/3/2024 00:00:00;20;1;1003;0;;
3374;181738;"PALIER DSBX 80/100";"5211165";4;"5211165";3;;8,98 €;8;4;8;0,00 €;;"VERIN FILLPACK 2";0;0;;;;0;0;0;1;18/3/2024 00:00:00;20;2;306;0;;
3375;181737;"ELECTRODISTRIBUTEUR";"VSCS-B-M32-MH-WA-1C1";4;"546256";2;;39,80 €;2;1;2;0,00 €;;;0;0;;;;0;0;0;1;18/3/2024 00:00:00;3;9;103;0;;
3376;181859;"JOINT COUVERCLE REP 15  PISTOLET NAPPEUSE AUTO";"CP4238-CU";187;"CP4238-CU";2;;26,67 €;4;2;5;0,00 €;;"<div>PISTOLET NAPPEUSE AUTO</div>";0;0;;;;0;0;0;1;22/5/2024 00:00:00;11;2;0;0;;
3377;181860;"JOINT REP 4  PISTOLET NAPPEUSE AUTO";"CP7885-CU";187;"CP7885-CU";2;;13,63 €;5;2;5;0,00 €;;"PISTOLET NAPPEUSE AUTO";0;0;;;;0;0;0;1;22/5/2024 00:00:00;11;2;0;0;;
3378;181861;"COUPELLE TEFLON  REP 10 PISTOLET NAPPEUSE AUTO";" CP4237-TEF";187;" CP4237-LEA";2;;45,31 €;10;2;5;0,00 €;;"PISTOLET NAPPEUSE AUTO";0;0;;;;0;0;0;1;19/6/2026 00:00:00;11;2;0;0;;
3379;182002;"PIGNON SERIE1100/155MM C40";"S3E1H2CVK1LS";121;"S3E1H2CVK1LS";0;;35,30 €;1;9;0;0,00 €;;"PIGNON CONVOYEUR ENTRE FOUR";0;0;;;;0;0;0;2;17/9/2024 00:00:00;40;1;406;0;;
3380;182007;"PLATTEN ROLLER ZEBRA  ZT610";"P1083320-03";105;"P1083320-03";7;;474,50 €;1;1;1;0,00 €;;;0;0;;;;0;0;0;1;17/5/2024 00:00:00;11;1;704;0;;
3381;182006;"TETE THERMIQUE ZT610 300DPI";"P1083320-01";105;"P1083320-01";7;;474,50 €;1;1;1;0,00 €;;;0;0;;;;0;0;0;1;27/6/2025 00:00:00;11;1;704;0;;
3382;182008;"RESISTANCE FRICREMA PASTO 4 1250W";"1686";10;"1686";1;;142,00 €;3;1;1;0,00 €;;"<div>PASTO 4</div>";0;0;;;;0;0;0;1;9/4/2026 00:00:00;20;4;403;0;;
3383;182010;"CAPTEUR GALET";"3SE5112-0LD02";83;"3SE5112-0LD02";8;;35,00 €;1;1;1;0,00 €;;"BATTEUR MERIGUE SQ160";0;0;;;;0;0;0;1;25/4/2024 00:00:00;1;4;502;0;;
3385;181869;"FLEXIBLE GAZ FOUR INFRAROUGE";" 24ES082";115;" 24ES082";2;;215,00 €;1;1;1;0,00 €;;"24ES082	24ES082";0;0;;;;0;0;0;1;3/5/2024 00:00:00;0;0;0;0;;
3386;177146;"BUZZER REGLABLE";"XVUC9S";91;"XVUC9S";1;;50,00 €;2;1;1;0,00 €;;;0;0;;;;0;0;0;1;28/9/2024 00:00:00;2;9;501;0;;
3387;182026;"CAPTEUR SECURITE CODE  1O+1F";"XCSDMR5902";91;"XCSDMR5902";8;;46,48 €;1;1;1;0,00 €;;"<div>COMPOSE DE XCS ZR5902</div>";0;0;;;;0;0;0;1;27/8/2026 00:00:00;1;4;503;0;;
3388;159603;"Preventa remplace DMB";"XPSU AF13AP";91;"XPSU AF13AP";1;;176,06 €;0;1;1;0,00 €;;;0;0;;;;0;0;0;4;8/5/2024 00:00:00;1;4;504;0;;
3389;102819;"joint Spi SL NBR";"25*40*7";;"BAU3SLX2 25*40*7";12;;5,00 €;2;2;2;0,00 €;;;0;0;;;;0;0;0;1;2/5/2024 00:00:00;0;0;0;0;;
3390;108960;"JOINT A LEVRE IE 25x42x7 NBR";"BASL25427 NBR";10;"BASL25427 NBR";12;;6,37 €;2;1;3;0,00 €;;;0;0;;;;0;0;0;1;18/6/2024 00:00:00;10;3;603;0;;
3391;113040;"JOINT SPI 20*30*7 NBR";"BA20307 NBR";10;"BA20307 NBR";12;;5,28 €;2;2;2;0,00 €;;;0;0;;;;0;0;0;1;18/6/2024 00:00:00;10;3;603;0;;
3392;182027;"MANCHON SPEEDI-SLEEVE ARBRE D25MM";"CR99098";31;"CR99098";3;;23,68 €;2;1;1;0,00 €;;;0;0;;;;0;0;0;1;2/5/2024 00:00:00;0;0;0;0;;
3393;182028;"MANCHON SPEEDI-SLEEVE ARBRE D30MM";"CR99114";31;"CR99114";3;;22,23 €;1;1;1;0,00 €;;;0;0;;;;0;0;0;1;18/6/2024 00:00:00;0;0;0;0;;
3394;182029;"MANCHON SPEEDI-SLEEVE ARBRE D55MM";"CR99215";31;"CR99215";3;;29,03 €;1;1;1;0,00 €;;;0;0;;;;0;0;0;1;2/5/2024 00:00:00;0;0;0;0;;
3395;182069;"ALLUMEUR PIEZO A PILE";"22603035";10;"22603035";1;;50,18 €;1;1;1;0,00 €;;"CUISSEUR AURIOL";0;0;;;;0;0;0;1;17/5/2024 00:00:00;40;2;405;0;;
3396;182037;"JOINT CYCLAM PC240TB + VRING V35 FKM";"525,618-PR/LMS20-35(BEGG)";10;"JOINT CYCLAM PC240TB";3;;313,09 €;1;1;1;0,00 €;;"<div>JOINT TOURNANT PASTO 7 HUBERT CLOIX RACLEUR LENT</div>";0;0;;;;0;0;0;1;15/5/2024 00:00:00;20;4;504;0;;
3397;179323;"CONNECTEUR DISTRIBUTEUR CAMOZZI";"126-800";131;"126-800";1;;3,66 €;3;1;1;0,00 €;;;0;0;;;;0;0;0;1;22/4/2025 00:00:00;0;0;0;0;;
3398;163944;"CELLULE SICK WLG4S 3P2232V";"WLG4S 3P2232V";40;"WLG4S 3P2232V";8;;222,53 €;4;1;0;0,00 €;;"Operculeuse";0;0;;;;0;0;0;1;19/2/2026 00:00:00;1;3;105;0;;
3399;100293;"CAPTEUR DE SECURITE 3M";"440N-Z2NRS1A";99;"440N-Z2NRS1A";8;;100,00 €;1;1;1;0,00 €;;;0;0;;;;0;0;0;1;10/6/2024 00:00:00;1;12;103;0;;
3400;100295;"VERINE VERTE";"XVB C2B3";91;"XVB CZ B3";1;;20,00 €;2;1;1;0,00 €;;;0;0;;;;0;0;0;1;11/6/2024 00:00:00;2;9;302;0;;
3401;100294;"VERINE ROUGE";"XVB C2B4";91;"XVB C2B4";1;;20,00 €;1;1;1;0,00 €;;;0;0;;;;0;0;0;1;11/6/2024 00:00:00;2;9;303;0;;
3402;100296;"VERINE ORANGE";"XVB C2B5D";91;"XVB C2B5D";1;;20,00 €;1;1;1;0,00 €;;;0;0;;;;0;0;0;1;11/6/2024 00:00:00;2;9;304;0;;
3403;100297;"UNITE DE BASE VERINE XVB";"XVB C21";91;"XVB C21";1;;20,00 €;2;1;1;0,00 €;;;0;0;;;;0;0;0;1;11/6/2024 00:00:00;2;9;401;0;;
3404;182224;"CELLULE BARRAGE LASER  (EMETTRICE+RECEPTRICE)";"WSE9L-3P2237  WS9L-3D2236+WE9L-3P2232";40;"WSE9L-3P2237";8;;294,52 €;2;1;0;0,00 €;;"CELLULE BARRAGE SORTIE FOUR";0;0;;;;0;0;0;1;12/1/2026 00:00:00;1;3;401;0;;
3405;172388;"PALPEUR ELECTRONIQUE FS03";"680297";156;"680297";1;;396,70 €;1;1;1;0,00 €;;"etiquetteuse HERMA";0;0;;;;0;0;0;1;2/7/2026 00:00:00;1;1;501;0;;
3406;172389;"TETE PALPEUR HERMA FS01 - FS03";"TETE PALPEUR HERMA FS 01 - FS03";156;"TETE PALPEUR HERMA FS 01 - FS 03";1;;100,00 €;2;1;1;0,00 €;;"<div>etiquetteuse HERMA</div>";0;0;;;;0;0;0;1;22/1/2026 00:00:00;1;1;502;0;;
3407;182290;"TIGE INOX CLAPET BOULE D72 H640";"UN3/1501";98;"UN3/1501";3;;856,00 €;2;1;1;0,00 €;;;0;0;;;;0;0;0;1;29/12/2025 00:00:00;20;0;0;0;;
3408;182291;"PISTON BAGUE D72 + JOINT";"UN3/00317";98;"UN3/00317";3;;289,00 €;3;1;1;0,00 €;;;0;0;;;;0;0;0;1;29/12/2025 00:00:00;20;2;801;0;;
3409;182292;"BOULE TEFLON 44,5MM";"UN3/1502";98;"UN3/1502";3;;60,00 €;1;1;1;0,00 €;;;0;0;;;;0;0;0;1;28/8/2024 00:00:00;20;2;801;0;;
3410;137729;"CARTE 16 SORTIES";"ABE7 R16S10";1;"ABE7 R16S10";15;;167,09 €;1;1;1;0,00 €;;;0;0;;;;0;0;0;1;16/7/2024 00:00:00;21;1;902;0;;
3411;182621;"INTERRUPTEUR FIN DE COURSE";"D4N-1132";13;"D4N-1132";1;;12,42 €;2;1;1;0,00 €;;"PETRIN";0;0;;;;0;0;0;1;18/7/2025 00:00:00;1;4;304;0;;
3412;100298;"RÉPARTITEUR M12 * 6 CABLE 5M";"EBC020";44;"EBC020";1;;98,20 €;1;1;1;0,00 €;;;0;0;;;;0;0;0;1;16/7/2024 00:00:00;2;13;101;0;;
3413;182232;"MOTEUR TAMBOUR";"DM0138 DM1383 016KW L=550";71;"DM0138 DM1383 016KW L=550";10;;2166,00 €;1;1;1;0,00 €;;"MOTEUR MONTE PATE";0;0;;;;0;0;0;1;26/7/2024 00:00:00;0;0;0;0;;
3416;182377;"MOTEUR + REDUCTEUR DESHUMIFICATEUR";"660398  I=187,5:1";71;"660398";10;;353,35 €;1;1;1;0,00 €;;"64S032L-C/SGP67S *MONO/0187
REDUCTEUR 23405A";0;0;;;;0;0;0;1;28/5/2025 00:00:00;40;4;201;0;;
3417;183679;"JOINT GRIS EMPREINTE INFERIEUR MOULE X 2 LONG 51CM";"ART 8798212 T4.75 60 SHORE GRIS";157;"T4.75 60 SHORE GRIS";3;;5,00 €;26;6;0;0,00 €;;"<div>UNITE DE 51 CM</div>

<div>&nbsp;BESOIN DE 510 MM PAR EMPREINTE</div>";0;0;;;;0;0;0;1;11/6/2026 00:00:00;45;0;0;0;;
3418;182279;"ROULEMENT POLYMERE BB 6005 B180 50 ES";"BB 6005 B180 50 ES";93;"BB 6005 B180 50 ES";13;;7,53 €;110;10;0;0,00 €;;;0;0;;;;0;0;0;1;24/7/2026 00:00:00;10;2;103;0;;
3419;182280;"ROULEMENT POLYMERE BB 6201 B180 30 ES";"BB 6201 B180 30 ES";93;"BB 6201 B180 30 ES";13;;2,38 €;31;10;0;0,00 €;;;0;0;;;;0;0;0;1;9/7/2025 00:00:00;10;2;204;0;;
3420;181335;"VIS DE REGLAGE ARBRE 1000415 REP 6A NEP FOISONNEUR";"1000415";158;"1000415";4;;8,08 €;2;1;0;0,00 €;;"<div>POMPE NEP FOISONNEUR</div>";0;0;;;;0;0;0;1;28/8/2024 00:00:00;20;3;604;0;;
3425;181336;"RETENUE DE ROUE 1000416 REP 24";"1000416";158;"1000416";4;;85,60 €;1;1;2;0,00 €;;"<div>POMPE NEP FOISONNEUR</div>";0;0;;;;0;0;0;1;28/8/2024 00:00:00;0;0;0;0;;
3426;181337;"DEFLECTEUR 1000417 REP 40 182*184 TC";"1000417";158;"1000417";4;;77,00 €;1;1;2;0,00 €;;"<div>POMPE NEP FOISONNEUR<font color=black>POMPE NEP FOISONNEUR</font></div>";0;0;;;;0;0;0;1;28/8/2024 00:00:00;20;3;604;0;;
3427;181338;"JOINT CARBON 1000418 REP 80";"1000418";158;"1000418";4;;123,90 €;1;1;2;0,00 €;;"<div><font color=black>POMPE NEP FOISONNEUR</font></div>";0;0;;;;0;0;0;1;28/8/2024 00:00:00;20;3;604;0;;
3428;181339;"COUVERCLE C114 1000419 REP 80A";"1000419";158;"1000419";4;;51,10 €;1;1;2;0,00 €;;"<div><font color=black>POMPE NEP FOISONNEUR</font></div>";0;0;;;;0;0;0;1;28/8/2024 00:00:00;20;3;604;0;;
3429;181341;"JOINT O RING VITON 1000420 REP 80B";"1000420";158;"1000420";4;;5,90 €;2;1;2;0,00 €;;"<div><font color=black>POMPE NEP FOISONNEUR</font></div>";0;0;;;;0;0;0;1;28/8/2024 00:00:00;20;3;604;0;;
3430;181342;"RESSORT D 1000421 REP 80C";"1000421";158;"1000421";4;;42,40 €;2;1;2;0,00 €;;"<div><font color=black>POMPE NEP FOISONNEUR</font></div>";0;0;;;;0;0;0;1;8/10/2024 00:00:00;20;3;801;0;;
3431;181343;"VIS DE REGLAGE  1000422 REP 80K";"1000422";158;"1000422";4;;13,30 €;2;1;2;0,00 €;;"<div><font color=black>POMPE NEP FOISONNEUR</font></div>";0;0;;;;0;0;0;1;28/8/2024 00:00:00;20;3;604;0;;
3432;181344;"JOINT VITON 1000423 REP 90";"1000423";158;"1000423";4;;190,50 €;1;1;2;0,00 €;;"<div><font color=black>POMPE NEP FOISONNEUR</font></div>";0;0;;;;0;0;0;1;28/8/2024 00:00:00;20;3;604;0;;
3433;181760;"RACLEUR EXTRUDEUR TARTO 200*40 EP10 BLEU";"Usinage racleur 200*40 ep10 bleu";;;;;96,42 €;2;1;2;0,00 €;;"<div>RACLEUR TAPIS TARTOMATIC</div>";0;0;;;;0;0;0;1;28/8/2024 00:00:00;0;0;0;0;;
3435;181761;"RACLEUR EXTRUDEUR TARTO 248*75 EP10 BLEU";"Usinage racleur 248*75 ep10 bleu";;;5;;86,80 €;2;1;2;0,00 €;;"<div><font color=black>RACLEUR EXTRUDEUR TARTOMATIC</font></div>";0;0;;;;0;0;0;1;28/8/2024 00:00:00;0;0;0;0;;
3436;182025;"BRULEUR FOUR INFRAROUGE 600 X 250MM";"ERA01849A";115;"ERA01849A";18;;420,00 €;1;1;2;0,00 €;;"<div>Brûleur remis à neuf </div>

<div>Brûleur HS dans caisse camion</div>";0;0;;;;0;0;0;1;29/8/2024 00:00:00;0;0;0;0;;
3437;182452;"VANNE DE REGULATION DN15 FOUR INFRAROUGE";"60001 212 512 - DN15";115;"60001 212 512 - DN15";18;;69,00 €;3;1;2;0,00 €;;;0;0;;;;0;0;0;1;29/8/2024 00:00:00;20;3;404;0;;
3438;182454;"RELAIS DE SECURITE PILZ PNOZ X7 24V 774059";"774059";39;"774059";16;;142,10 €;6;1;2;0,00 €;;"24V AC/DC
1 canal
2 contact";0;0;;;;0;0;0;1;4/10/2024 00:00:00;1;6;101;0;;
3440;178703;"CABLE PIEZO LG1000  CSV-1 MM2 22603032";"22603032";;"22603032";18;;18,73 €;1;0;0;0,00 €;;"Cuiseur Auriol câble piezo silicone";0;0;;;;0;0;0;1;6/9/2024 00:00:00;0;0;0;0;;
3441;178704;"BOUGIE PIEZO CUISEUR AURIOL";"BOUGIE PIEZO";;"BOUGIE PIEZO";18;;;1;0;0;0,00 €;;"Cuiseur Auriol";0;0;;;;0;0;0;1;6/9/2024 00:00:00;0;0;0;0;;
3442;178706;"JUBILE CORPS REF 22630010";"22630010";;"22630010";18;;;1;0;0;0,00 €;;"Cuiseur Auriol";0;0;;;;0;0;0;1;6/9/2024 00:00:00;0;0;0;0;;
3443;100301;"COUTEAU OPERCULEUSE MOULE *2";"7131503";157;"7131503";3;;200,00 €;5;2;2;0,00 €;;"<div>ULMA</div>";0;0;;;;0;0;0;1;12/9/2024 00:00:00;0;0;0;0;;
3444;100302;"RELAIS TEMPORISE AU DECLENCHEMENT";"RE147LHBM";91;"RE147LHBM";16;;50,00 €;1;1;1;0,00 €;;;0;0;;;;0;0;0;1;19/9/2024 00:00:00;2;6;106;0;;
3446;182553;"CAPTEUR PHOTOELECTRIQUE";"RAY26P-34162530A00";40;"RAY26P-34162530A00";8;;368,00 €;1;1;1;0,00 €;;"RX BFR";0;0;;;;0;0;0;1;25/9/2024 00:00:00;1;9;202;0;;
3447;182554;"REFLECTEUR";"PL80A";40;"PL80A";8;;33,00 €;1;1;1;0,00 €;;;0;0;;;;0;0;0;1;25/9/2024 00:00:00;1;2;307;0;;
3448;182556;"SOUFFLETTE";"06526613";8;"06526613";2;;42,23 €;2;1;1;0,00 €;;;0;0;;;;0;0;0;1;28/5/2026 00:00:00;11;2;701;0;;
3449;182551;"RELAIS DE SECURITE";"3SK111-1AB30";83;"3SK111-1AB30";16;;270,30 €;1;1;1;0,00 €;;;0;0;;;;0;0;0;1;25/9/2024 00:00:00;1;4;305;0;;
3450;182509;"TERMINAL CPV14-GE-MP-8";"18265";4;"CPV14-GE-MP-8 FESTO 18265";17;;241,55 €;1;1;0;0,00 €;;;0;0;;;;0;0;0;1;16/2/2026 00:00:00;3;6;501;0;;
3451;182622;"AIGUILLE REP 5 PISTOLET NAPPEUSE AUTO";"CP9609-302SS";187;"CP9609-302SS";3;;111,93 €;1;1;3;0,00 €;;"<div>PISTOLET NAPPEUSE AUTO</div>";0;0;;;;0;0;0;1;19/6/2026 00:00:00;11;2;0;0;;
3452;182623;"JOINT REP 18 PISTOLET NAPPEUSE AUTO";"CP7487-1-TEF";187;"CP7487-1-TEF";3;;12,00 €;12;2;3;0,00 €;;"<div>PISTOLET NAPPEUSE AUTO</div>";0;0;;;;0;0;0;1;19/6/2026 00:00:00;11;2;0;0;;
3453;182624;"AXE PISTON REP 23 PISTOLET NAPPEUSE AUTO";"CP7916-NP";187;"CP7916-NP";3;;122,00 €;1;1;3;0,00 €;;"<div>PISTOLET NAPPEUSE AUTO</div>";0;0;;;;0;0;0;1;28/4/2025 00:00:00;11;2;0;0;;
3454;182625;"JOINT AXE PISTON REP 24 PISTOLET NAPPEUSE AUTO";"CP8394-4010-BU";187;"CP8394-4010-BU";2;;12,37 €;12;1;2;0,00 €;;"<div>PISTOLET NAPPEUSE AUTO</div>";0;0;;;;0;0;0;1;19/6/2026 00:00:00;11;2;0;0;;
3455;182626;"RESSORT REP 14 PISTOLET NAPPEUSSE AUTO";"CP7922-SS";187;"CP7922-SS";3;;16,00 €;2;1;2;0,00 €;;"<div>PISTOLET NAPPEUSE AUTO</div>";0;0;;;;0;0;0;1;28/4/2025 00:00:00;11;2;0;0;;
3456;100308;"PISTOLET COMPLET NAPEUSSE AUTO";"14799";187;"14799";3;;300,00 €;1;1;2;0,00 €;;"<div>pistolet nappeuse auto</div>";0;0;;;;0;0;0;1;21/9/2024 00:00:00;11;2;804;0;;
3457;102892;"PRESSE ETOUPE PLASTIQUE PG9";"LEG098021";46;"LEG098021";1;;2,00 €;9;2;10;0,00 €;;;0;0;;;;0;0;0;1;24/9/2024 00:00:00;2;7;102;0;;
3458;182555;"PRESSE ETOUPE METAL PG7";"LEG095510";46;"LEG095510";1;;2,00 €;4;2;10;0,00 €;;;0;0;;;;0;0;0;1;25/9/2024 00:00:00;2;7;201;0;;
3460;182565;"PRESSE ETOUPE METAL PG9";"LEG095511";46;"LEG095511";1;;2,00 €;16;2;0;0,00 €;;;0;0;;;;0;0;0;1;24/9/2024 00:00:00;2;7;202;0;;
3461;182566;"PRESSE ETOUPE METAL PG11";"LEG095512";46;"LEG095512";1;;2,00 €;15;2;0;0,00 €;;;0;0;;;;0;0;0;1;24/9/2024 00:00:00;2;7;203;0;;
3462;182561;"PRESSE ETOUPE METAL PG13";"LEG095513";46;"LEG095513";1;;2,00 €;10;2;0;0,00 €;;;0;0;;;;0;0;0;1;24/9/2024 00:00:00;2;7;204;0;;
3463;182562;"PRESSE ETOUPE METAL PG16";"LEG095514";46;"LEG095514";1;;3,00 €;12;2;0;0,00 €;;;0;0;;;;0;0;0;1;24/9/2024 00:00:00;2;7;205;0;;
3464;173470;"PRESSE ETOUPE METAL PG21";"LEG095515";46;"LEG095515";1;;3,00 €;10;2;0;0,00 €;;;0;0;;;;0;0;0;1;24/9/2024 00:00:00;2;7;206;0;;
3465;182564;"PRESSE ETOUPE METAL ISO20";"LEG095516";46;"LEG095516";1;;3,00 €;17;2;0;0,00 €;;;0;0;;;;0;0;0;1;24/9/2024 00:00:00;2;7;401;0;;
3466;157623;"PRESSE ETOUPE PLASTIQUE ISO20";"LEG095517";46;"LEG095517";1;;3,00 €;23;2;0;0,00 €;;;0;0;;;;0;0;0;1;24/9/2024 00:00:00;2;7;301;0;;
3467;134263;"PRESSE ETOUPE PLASTIQUE ISO25";"LEG098005";46;"LEG098005";1;;3,50 €;35;2;10;0,00 €;;;0;0;;;;0;0;0;1;25/9/2024 00:00:00;2;7;302;0;;
3468;182563;"PRESSE ETOUPE METAL ISO25";"LEG098006";46;"LEG098006";1;;3,50 €;10;2;10;0,00 €;;;0;0;;;;0;0;0;1;25/9/2024 00:00:00;2;7;402;0;;
3469;177783;"PRESSE ETOUPE PLASTIQUE PG7";"LEG098";46;"LEG098";1;;1,80 €;6;2;10;0,00 €;;;0;0;;;;0;0;0;1;25/9/2024 00:00:00;2;7;101;0;;
3470;184049;"JOINT CLAMP ISO EPDM DN 32 DEXT 50,5 INT 39,2";"963422-32";88;"964322-32";4;;5,00 €;12;4;20;0,00 €;;;0;0;;;;0;0;0;1;29/9/2026 00:00:00;10;3;904;0;;
3471;170655;"SOCLE ET COUVERCLE VERRINE";"XVUC21B";91;"XVUC21B";1;;28,00 €;1;1;1;0,00 €;;;0;0;;;;0;0;0;1;25/8/2025 00:00:00;2;9;505;0;;
3472;176260;"VERRINE LED VERT";"XVUC23";91;"XVUC21B";1;;28,00 €;1;1;1;0,00 €;;;0;0;;;;0;0;0;1;25/8/2025 00:00:00;2;9;504;0;;
3473;176262;"VERRINE LED ORANGE";"XVUC25";91;"XVUC21B";1;;28,00 €;1;1;1;0,00 €;;;0;0;;;;0;0;0;1;19/3/2025 00:00:00;2;9;502;0;;
3474;176261;"VERRINE LED ROUGE";"XVUC24";91;"XVUC24";1;;28,00 €;1;1;1;0,00 €;;;0;0;;;;0;0;0;1;19/3/2025 00:00:00;2;9;503;0;;
3475;182599;"AXE CHARNIERE PORTE LAME K11";"S3300129ZZZ";10;"S3300129ZZZ";3;;7,80 €;8;2;10;0,00 €;;;0;0;;;;0;0;0;1;2/10/2024 00:00:00;11;1;803;0;;
3476;164979;"CONTACTEUR 24V AC";"LC1K1210B7";91;"LC1K1210B7";1;;29,35 €;2;1;1;0,00 €;;"PASTO 7";0;0;;;;0;0;0;1;7/10/2025 00:00:00;2;11;405;0;;
3477;149014;"CONTACTEUR 230V";"LC1K0610P7";91;"LC1K0610P7";1;;23,32 €;1;1;1;0,00 €;;"ARMOIRE CO2";0;0;;;;0;0;0;1;4/10/2024 00:00:00;2;11;406;0;;
3478;182613;"CONTACTEUR 230V 5,5KW";"LC1K12004P7";91;"LC1K12004P7";1;;24,49 €;1;1;1;0,00 €;;"ARMOIRE CO2";0;0;;;;0;0;0;1;4/10/2024 00:00:00;2;11;407;0;;
3479;182611;"VERIN D20 C20 ADN 20 20 APA";"536237";4;"536237";2;;25,00 €;5;1;2;0,00 €;;"CADENCEUR";0;0;;;;0;0;0;1;29/4/2026 00:00:00;3;2;202;0;;
3480;182612;"ACCOUPLEMENT ROTULE FK-M8";"2062";4;"2062";2;;25,00 €;2;1;2;0,00 €;;"CADENCEUR";0;0;;;;0;0;0;1;4/10/2024 00:00:00;31;3;303;0;;
3481;183684;"VENTURI AVEC CLAPET  PVENT00020";"009009";177;"PVENT00020";14;;65,00 €;4;2;10;0,00 €;;"KERSIA";0;0;;;;0;0;0;1;16/7/2026 00:00:00;30;3;302;0;;
3482;182628;"COUROIE RONDE BLEUE RUGUEUSE 3MM";"COUROIE RONDE BLEUE RUGUEUSE 3MM LG 100M";10;"COUROIE RONDE BLEUE RUGUEUSE 3MM";3;;1,61 €;96;10;100;0,00 €;;"A SORTIR EN METRE
A CDE CHEZ BENNE SA";0;0;;;;0;0;0;1;15/10/2024 00:00:00;40;1;306;0;;
3483;182631;"AUTOMATE CROUZET";" 88974161";30;" 88974161";15;;308,76 €;1;1;1;0,00 €;;;0;0;;;;0;0;0;1;16/1/2025 00:00:00;0;0;0;0;;
3484;100113;"patere";"patere";10;"patere";3;;;6;1;1;0,00 €;;;0;0;;;;0;0;0;1;11/10/2024 00:00:00;31;1;402;0;;
3487;100312;"VERRINE BLEU";"XVBC2B6";91;"XVBC2B6";1;;25,00 €;1;1;1;0,00 €;;;0;0;;;;0;0;0;1;15/10/2024 00:00:00;2;9;301;0;;
3488;104499;"RELAIS D'AUTOMATISME G2R2 SN 24V AC";"G2R2 SN 24V AC";13;"G2R2 SN 24V AC";16;;8,24 €;3;1;3;0,00 €;;;0;0;;;;0;0;0;1;25/10/2024 00:00:00;2;6;202;0;;
3490;182633;"JOINT TOURNANT CERAMIQUE";"1112188-001 MAYER DP20";161;"1112188-001 MAYER DP20";3;;122,00 €;1;1;2;0,00 €;;"<div>FOISONNEUR</div>";0;0;;;;0;0;0;1;10/11/2025 00:00:00;20;3;701;0;;
3491;182634;"BAGUE DE CONTACT CERAMIQUE";" M3511393-001 MAIER DP20";161;" M3511393-001 MAIER DP20";3;;83,00 €;1;1;2;0,00 €;;"<div>FOISONNEUR</div>";0;0;;;;0;0;0;1;10/11/2025 00:00:00;20;3;701;0;;
3492;182636;"JOINT TORIQUE  FKM 23,47x2,62";"M3511721-001 MAIER DP20";161;"M3511721-001 MAIER DP20";3;;8,07 €;7;4;8;0,00 €;;"<div>FOISONNEUR</div>";0;0;;;;0;0;0;1;10/11/2025 00:00:00;20;3;701;0;;
3493;182812;"CLAPET ANTI RETOUR SUPRESSEUR 1/4FF";"1817";167;"1817";4;;71,68 €;1;1;1;0,00 €;;"<div>surpresseur</div>";0;0;;;;0;0;0;1;27/11/2024 00:00:00;31;3;303;0;;
3494;182813;"CLAPET ANTI RETOUR 1/2"" SURPRESSEUR";"1829";10;"1829";14;;218,00 €;1;1;1;0,00 €;;"SURPRESSEUR";0;0;;;;0;0;0;1;13/1/2025 00:00:00;31;3;304;0;;
3495;182814;"MANOMETRE 0-40 BARS";"1823";167;"1823";14;;40,00 €;1;1;1;0,00 €;;"SURPRESSEUR";0;0;;;;0;0;0;1;27/11/2024 00:00:00;31;3;305;0;;
3496;182815;"VANNE DE NETTOYAGE SURPRESSEUR";"113";167;"113";14;;113,83 €;1;1;1;0,00 €;;"SURPRESSEUR";0;0;;;;0;0;0;1;27/11/2024 00:00:00;30;3;201;0;;
3497;182816;"CLAPET ANTI RETOUR PRODUIT 1/4 MF";"1836";10;"1836";14;;49,98 €;1;1;1;0,00 €;;"SURPRESSEUR";0;0;;;;0;0;0;1;27/11/2024 00:00:00;31;3;304;0;;
3498;183757;"KIT MEDIA SENSOR ZE500-6 RH";"P1046696-029";105;"P1046696-029";1;;151,60 €;1;1;1;0,00 €;;"IMPRIMANTE ZE500";0;0;;;;0;0;0;1;24/10/2025 00:00:00;11;1;601;0;;
3499;100314;"KIT MEDIA RIBBON SENSOR ZE500-6";"P1046696-031";105;"P1046696-031";1;;61,50 €;1;1;1;0,00 €;;;0;0;;;;0;0;0;1;5/9/2025 00:00:00;11;1;701;0;;
3501;182881;"BAES BUREAU AVEC BATTERIE ULTRA LED 2-45";"LUM16125";95;"ULTRA LED 24";1;;74,45 €;1;1;1;0,00 €;;;0;0;;;;0;0;0;1;4/2/2026 00:00:00;31;2;406;0;;
3502;182731;"PIGNON CONVOYEUR MAILLE AXYS";"6970AC";140;"6970AC";3;;98,00 €;6;1;1;0,00 €;;;0;0;;;;0;0;0;1;21/11/2024 00:00:00;0;0;0;0;;
3503;182840;"INJECTEUR VENTURI 10-50B";"SPAC316";183;" SPAC316";2;;344,34 €;1;1;1;0,00 €;;;0;0;;;;0;0;0;1;14/11/2025 00:00:00;31;3;305;0;;
3504;182841;"PIGNON INOX TAPIS A SPIRALES FOUR INFRA";"PIGNON 0400M/TR";140;"PIGNON 0400M/TR";3;;59,71 €;1;9;18;0,00 €;;;0;0;;;;0;0;0;4;30/10/2025 00:00:00;40;1;303;0;;
3506;182863;"RELAIS STATIQUE  24VDC-24VDC";" 112729000";134;" 112729000";16;;20,06 €;4;2;4;0,00 €;;;0;0;;;;0;0;0;1;29/11/2024 00:00:00;2;5;502;0;;
3507;182811;"KIT ENTRETIEN SURPRESSEUR";"195XF";183;"195X";2;;92,24 €;6;1;2;0,00 €;;"CONTIENT JOINT POUR CLAPET ET VANNE";0;0;;;;0;0;0;1;8/1/2026 00:00:00;31;3;305;0;;
3508;182810;"KIT ENTRETIEN SURPRESSEUR COMPLET";"195X";10;"195X";2;;146,00 €;1;1;1;0,00 €;;"CONTIENT JOINT ET VANNE ET MANO 10B";0;0;;;;0;0;0;1;5/12/2025 00:00:00;31;3;305;0;;
3509;170465;"ECRAN FILLPACK 1 TP700";"6AV2124-0GC01-0AX0";83;"6AV2-124-0GC01-0AX0";15;;600,00 €;1;1;1;0,00 €;;"FILLPACK";0;0;;;;0;0;0;1;29/11/2024 00:00:00;20;2;503;0;;
3510;182890;"PRISE 2P+T AVEC ECLIPS PLEXO COMPOSABLE";"69551";46;"69551";1;;6,60 €;7;1;2;0,00 €;;"Prise de courant 2P+T avec éclips Plexo composable IP55 16A 250V - gris";0;0;;;;0;0;0;1;17/12/2024 00:00:00;21;4;403;0;;
3511;182880;"BAES BUREAU SANS BATT SOURCE CENTRALE UNILED2 240V";"LUM22525";95;"LUM22525";1;;133,98 €;1;1;1;0,00 €;;;0;0;;;;0;0;0;1;27/10/2025 00:00:00;31;2;407;0;;
3512;182882;"CLAVIER DIGICODE";"DGA";10;"DGA";1;;187,00 €;1;1;1;0,00 €;;;0;0;;;;0;0;0;1;18/4/2025 00:00:00;31;2;404;0;;
3513;100319;"PESON SILO FARINE/SUCRE 500KG";"LC5-K5C";108;"LC5-K5C";8;;100,00 €;2;1;1;0,00 €;;;0;0;;;;0;0;0;1;3/12/2024 00:00:00;40;2;203;0;;
3514;182891;"JOINT PLAT ANTIGOUTTE DANS BUSE KETCHUP";"3683";109;"3683";3;;9,18 €;5;1;2;0,00 €;;"<div>MICRO DOSEUSE</div>";0;0;;;;0;0;0;1;3/3/2025 00:00:00;20;2;408;0;;
3522;182849;"ABOUT STAUBLI R11145006";"RBE 11.6153";174;"RBE 11.6153";2;;25,00 €;10;2;10;0,00 €;;;0;0;;;;0;0;0;1;4/5/2026 00:00:00;55;0;0;0;;
3523;182850;"COUPLEUR STAUBLI R32431535";"RCS 11.1153 G1/2";174;"RCS 11.1153 G1/2";2;;75,00 €;8;2;5;0,00 €;;;0;0;;;;0;0;0;1;4/5/2026 00:00:00;55;0;0;0;;
3524;182809;"CARTE ALIMENTATION MOTEUR SMIPACK";"KZ010644 / KZ010184";9;"KZ010644 / KZ010184";1;;200,00 €;1;1;1;0,00 €;;"<div>SMIPACK</div>";0;0;;;;0;0;0;1;3/1/2025 00:00:00;0;0;0;0;;
3525;182884;"JOINT TORIQUE D84*3";"JOINT TORIQUE D84*3";10;"JOINT TORIQUE D84*3";2;;5,00 €;5;2;5;0,00 €;;;0;0;;;;0;0;0;1;3/1/2025 00:00:00;20;2;901;0;;
3526;100320;"PORTE FUSIBLE UNIPOLAIRE 10*38";"DF101";91;"DF101";1;;5,00 €;7;2;5;0,00 €;;;0;0;;;;0;0;0;1;15/1/2025 00:00:00;3;10;404;0;;
3527;183001;"TRANSFORMATEUR 400/230V";"LEG 042785";46;"LEG 042785";1;;150,00 €;1;1;1;0,00 €;;"PASTO HUBERT CLOIX";0;0;;;;0;0;0;1;15/1/2025 00:00:00;0;0;0;0;;
3528;183002;"TRANSFORMATEUR 400-230V / 24V";"LEG 042856";46;"LEG 042856";1;;150,00 €;1;1;1;0,00 €;;"PASTO HUBERT CLOIX";0;0;;;;0;0;0;1;15/1/2025 00:00:00;0;0;0;0;;
3529;182968;"BOITIER AGITATEUR RAPIDE PASTO 6";"HU.BA.GOU-2";162;"HU.BA.GOU-2";3;;535,20 €;0;1;1;0,00 €;;"<div>Pasto 6 D39.5mm</div>";0;0;;;;0;0;0;4;6/7/2026 00:00:00;20;4;302;0;;
3530;182995;"MOYEU EXTENSIBLE";"DIVE 2517 40";10;"2517 BORE 40";3;;11,27 €;1;1;1;0,00 €;;;0;0;;;;0;0;0;1;17/1/2025 00:00:00;10;2;0;0;;
3531;182996;"MOYEU EXTENSIBLE";"DIVE 3020 40";10;"3020 BORE 40";3;;19,53 €;1;1;1;0,00 €;;;0;0;;;;0;0;0;1;17/1/2025 00:00:00;10;2;0;0;;
3532;183004;"SONDE NTC 3 METRES 103B R25-300";"89750182";30;"89750182";1;;30,29 €;1;1;1;0,00 €;;"<div>Pasto 7</div>";0;0;;;;0;0;0;1;27/1/2025 00:00:00;20;4;505;0;;
3533;182999;"BOITIER AGITATEUR RAPIDE PASTO 7";"HU BA GOU A";162;"HU BA GOU A";3;;593,00 €;0;1;1;0,00 €;;"<div>Pasto 7 D49.5mm</div>";0;0;;;;0;0;0;4;2/2/2026 00:00:00;20;4;301;0;;
3534;183000;"REGULATEUR TEMPERATURE PASTO 6 ET 7";"EV3402P3";162;"EV3402P3";1;;157,49 €;1;1;1;0,00 €;;;0;0;;;;0;0;0;1;30/1/2025 00:00:00;20;4;301;0;;
3535;183116;"KIT JOINT PISTOLET SPRAYING VITON FC";"D55509-A-10-VIFC";187;"D55509-A-10-VIFC";3;;93,97 €;4;4;8;0,00 €;;;0;0;;;;0;0;0;1;28/4/2025 00:00:00;11;2;803;0;;
3536;183117;"VANNE DE VIDANGE PASTO 7";"VV SMS63";162;"VV SMS63";3;;322,78 €;0;0;1;0,00 €;;;0;0;;;;0;0;0;1;17/2/2025 00:00:00;0;0;0;0;;
3537;183118;"JOINT DE VANNE DE VIDANGE PASTO 7";"EUSMSJPV63S  / 958444-65";162;"EUSMSJPV63S";3;;34,85 €;0;0;1;0,00 €;;"<div>joint pour vanne &nbsp;1/4 tour</div>";0;0;;;;0;0;1;3;4/11/2025 00:00:00;20;4;501;1;;
3538;183119;"ROULEMENT 5*13*4";" 695-2Z-HLC";33;" 695-2Z-HLC";13;;5,48 €;4;2;4;0,00 €;;;0;0;;;;0;0;0;1;13/2/2025 00:00:00;10;1;905;0;;
3539;182601;"KIT GARNITURE COMPRESSEUR MYCOM 160";"4 KME 15177 MYCOM FM160";;"4 KME 15177 MYCOM FM160";3;;978,81 €;1;1;0;0,00 €;;;0;0;;;;0;0;0;1;17/2/2025 00:00:00;0;0;0;0;;
3540;182998;"INTERRUPTEUR DE SECURITE LANGUETTE";"A-B-A1-P-161643";163;;8;;35,76 €;1;1;0;0,00 €;;;0;0;;;;0;0;0;1;24/7/2026 00:00:00;1;5;205;0;;
3541;182997;"INTERRUPTEUR DE SECURITE";"CTM-LBI-BR-U-ZZ-SA-P-161496";163;"CTM-LBI-BR-U-ZZ-SA-P-161496";8;;346,00 €;4;1;0;0,00 €;;;0;0;;;;0;0;0;1;27/2/2026 00:00:00;1;5;204;0;;
3542;183110;"KIT 13 POUR PISTO SPRAYING + AIGUIL 3578";"KIT 13 POUR PISTO SPRAYING + AIGUIL 3578";187;"KIT 13 POUR PISTO SPRAYING + AIGUIL 3578";3;;494,28 €;1;1;1;0,00 €;;;0;0;;;;0;0;0;1;17/2/2025 00:00:00;21;2;501;0;;
3543;182707;"COMPTEUR NE216-023AX01";"NE216-023AX01";2;"NE216-023AX01";1;;265,96 €;2;1;1;0,00 €;;;0;0;;;;0;0;0;1;29/4/2026 00:00:00;20;4;1005;0;;
3546;182257;"BOUTEILLE R404";"BOUTEILLE R404";10;"BOUTEILLE R404";9;;200,00 €;50;1;1;0,00 €;;;0;0;;;;0;0;0;1;31/10/2025 00:00:00;0;0;0;0;;
3547;181211;"VERIN ROTATIF";"CRA1BSU80TF-180Z-X10-XC60";6;"CRA1BSU80TF-180Z-X10-XC60";2;;250,00 €;2;1;1;0,00 €;;;0;0;;;;0;0;0;1;17/8/2026 00:00:00;20;2;305;0;;
3548;181213;"KIT VERIN ROTATIF";"CRA1BSU80TF P694040-22";6;"CRA1BSU80TF P694040-22";2;;100,00 €;0;1;1;0,00 €;;"FILLPACK 1";0;0;;;;0;0;0;4;25/6/2025 00:00:00;20;2;304;0;;
3549;183181;"PALIER DIAM 23 + 2PATTES ENTRAXE 60";"CU3/0110";98;"CU3/0091";3;;98,00 €;2;1;1;0,00 €;;"PASTO 1/2/3";0;0;;;;0;0;0;1;22/1/2026 00:00:00;20;4;0;0;;
3550;183182;"PATTE MAINTIEN D23 + D14  ENTRAXE 100";"CU3/0093";98;"CU3/0093";3;;108,00 €;3;1;1;0,00 €;;"PASTO 1/2/3";0;0;;;;0;0;0;1;22/1/2026 00:00:00;20;4;0;0;;
3551;183183;"PIGNON 20 DENTS CU3/0092";"CU3/0092";98;"CU3/0092";3;;175,00 €;3;1;1;0,00 €;;"PASTO 1/2/3";0;0;;;;0;0;0;1;22/1/2026 00:00:00;20;4;0;0;;
3552;170674;"DISTRIBUTEUR VUVS-LK20-M52-AD-G18-1C1S";"8043214";4;"8043214";17;;37,84 €;1;1;1;0,00 €;;;0;0;;;;0;0;0;1;27/2/2025 00:00:00;3;5;303;0;;
3553;170074;"RACLEUR TEFLON PC/GMS120-240 PASTO 6";"HU.RT120-240";162;"HU.RT120-240";3;;37,20 €;1;2;2;0,00 €;;"PASTO 6";0;0;;;;0;0;0;3;9/4/2025 00:00:00;20;4;0;0;;
3554;170075;"RACLEUR SILICONE  PC/GMS120-240 PASTO 6";"HU.RS120-240";162;"HU.RS120-240";3;;29,69 €;2;2;2;0,00 €;;"PASTO 6
1 JEU =2 PIECES";0;0;;;;0;0;0;1;9/4/2025 00:00:00;20;4;0;0;;
3555;170076;"BOUCHON RACLEUR PC120-240 PASTO 6";"BRAC.120-240";162;"BRAC.120-240";3;;52,08 €;3;3;3;0,00 €;;"PASTO 6
1 JEU =3 PIECES";0;0;;;;0;0;0;1;18/4/2025 00:00:00;20;4;0;0;;
3556;183185;"CELLULE REFLEX 3 BROCHES  TRIEUSE PONDERALE";"OBG5000-R100-E5-V3 267075-100632";100;"267075-100632";8;;150,00 €;1;1;1;0,00 €;;"TRIEUSE PONDERALE BIZERBA";0;0;;;;0;0;0;1;4/5/2026 00:00:00;1;3;402;0;;
3557;100321;"PLAQUE PLEXI EXTRUDEUR";"PLAQUE PLEXI EXTRUDEUR";71;"PLAQUE PLEXI EXTRUDEUR";3;;25,00 €;2;2;2;0,00 €;;;0;0;;;;0;0;0;1;27/2/2025 00:00:00;20;1;908;0;;
3558;100322;"VERIN EQUIPE DE COUTEAU TARTO";"VERIN + COUTEAU";10;"VERIN + COUTEAU";3;;200,00 €;3;1;3;0,00 €;;;0;0;;;;0;0;0;1;27/2/2025 00:00:00;20;1;904;0;;
3559;100323;"RACCORD RAPIDE TARTO";"HZ05022VO";95;"RACCORD RAPIDE TARTO";3;;50,00 €;4;2;4;0,00 €;;;0;0;;;;0;0;0;1;27/2/2025 00:00:00;20;1;901;0;;
3560;100324;"RACCORD LEGRIS";"1805-10-13";10;"1805-10-13";2;;12,00 €;10;5;10;0,00 €;;;0;0;;;;0;0;0;1;27/2/2025 00:00:00;20;1;901;0;;
3561;183216;"MOTOREDUCTEUR GAUCHE 0.37KW 10-SPL";"SC00857";10;"SC00857";10;;430,00 €;0;0;0;0,00 €;;"LAVE SEMELLE PROD";0;0;;;;0;0;0;1;11/3/2025 00:00:00;0;0;0;0;;
3562;183217;"MOTOREDUCTEUR DROIT 0.37KW 10BD1R";"SC00856";10;"SC00856";10;;430,00 €;0;0;0;0,00 €;;"LAVE SEMELLE PROD";0;0;;;;0;0;0;1;11/3/2025 00:00:00;0;0;0;0;;
3563;183218;"LANCE 150MM BLEU";"0369-1525";183;"0369-1525";3;;44,16 €;2;1;1;0,00 €;;"MOYENNE PRESSION";0;0;;;;0;0;0;1;13/2/2026 00:00:00;30;3;201;0;;
3564;183219;"LANCE 600MM BLEU";"0319-525";10;"0319-525";3;;48,50 €;2;1;1;0,00 €;;"CENTRALE MOYENNE PRESSION";0;0;;;;0;0;0;1;13/2/2026 00:00:00;30;3;201;0;;
3565;183220;"PISTOLET RB35 BLEU 1/2""";"0175SS";10;"0175SS";3;;64,88 €;6;1;2;0,00 €;;"CENTRALE MOYENNE PRESSION";0;0;;;;0;0;0;1;11/6/2026 00:00:00;30;3;201;0;;
3566;183221;"TUYAU BLEU MOYENNE PRESSION 30M AVEC RACCORD";"0504-019";10;"0504-019";4;;295,00 €;1;1;2;0,00 €;;"CENTRALE MOYENNE PRESSION";0;0;;;;0;0;0;1;11/3/2025 00:00:00;31;1;301;0;;
3567;183222;"VIBREUR M3/4 S02 240V 50HZ";"600448M";10;"600448M";1;;170,76 €;1;1;1;0,00 €;;"TARTO";0;0;;;;0;0;0;1;5/3/2025 00:00:00;20;1;7;0;;
3568;183223;"VANNE SIEGE INCL FF";"450871-1532";88;"450871-1532";2;;115,97 €;0;0;0;0,00 €;;;0;0;;;;0;0;0;1;;0;0;0;0;;
3569;183225;"VANNE SIEGE INCL FF";" 450871-4063";88;" 450871-4063";2;;406,45 €;0;0;0;0,00 €;;;0;0;;;;0;0;0;1;;0;0;0;0;;
3570;183226;"LAME TRANSPORT FLEXLINK";"310110663SKU12";165;"310110663SKU12";3;;27,00 €;83;10;60;0,00 €;;"LAME TRANSPORT FLEXLINK
VENDU PAR LOT DE 20";0;0;;;;0;0;0;1;11/6/2026 00:00:00;30;2;201;0;;
3571;183835;"SANGLE LEVAGE RIDEAU LARG 50MM 100M";"29695.0013";10;"SANGLE LEVAGE RIDEAU LARG 50MM";3;;3,41 €;164;5;2;0,00 €;;"<div>A SORTIR PAR METRE 1 RIDEAU = 5M</div>";0;0;;;;0;0;0;1;17/2/2026 00:00:00;31;0;0;0;;
3572;179074;"RESSORT GAUCHE";"123092";111;"123092";3;;6,00 €;2;1;2;0,00 €;;"POLYLINE";0;0;;;;0;0;0;1;6/3/2025 00:00:00;31;3;0;0;;
3573;179075;"RESSORT DROIT";"123092T02";111;"123092T02";3;;6,00 €;2;2;2;0,00 €;;"POLYLINE";0;0;;;;0;0;0;1;6/3/2025 00:00:00;31;3;0;0;;
3574;179078;"BAGUE AXE DE COUTEAU";"8393";111;"8393";3;;8,00 €;1;1;1;0,00 €;;"POLYLINE";0;0;;;;0;0;0;1;6/3/2025 00:00:00;31;3;0;0;;
3575;179077;"ELEMENT PIQUE PATE BLEU";"120974";111;"120974";3;;6,00 €;1;1;1;0,00 €;;"POLYLINE";0;0;;;;0;0;0;1;6/3/2025 00:00:00;31;3;0;0;;
3576;179068;"COURROIE";"50283";111;"50283";3;;26,00 €;1;1;1;0,00 €;;"LAMINOIR";0;0;;;;0;0;0;1;6/3/2025 00:00:00;31;3;0;0;;
3577;179069;"COURROIE LAMINOIR";"50284";111;"50284";3;;24,00 €;1;1;1;0,00 €;;"LAMINOIRE";0;0;;;;0;0;0;1;6/3/2025 00:00:00;310;3;0;0;;
3578;179067;"VERIN A GAZ 100N 083720 100N 183/20 BM14";"50048";111;"50048";3;;78,00 €;2;1;2;0,00 €;;"POLYLINE";0;0;;;;0;0;0;1;6/3/2025 00:00:00;31;3;305;0;;
3579;179070;"BROSSE BLEU FARINEUR";"106582T03 / 123922";111;"106582T03";3;;60,00 €;2;1;1;0,00 €;;"POLYLINE";0;0;;;;0;0;0;1;23/1/2026 00:00:00;31;3;305;0;;
3580;179071;"BAVETTE CAOUTCHOUC FARINEUR";"107082T03";111;"107082T03";3;;225,00 €;1;1;1;0,00 €;;"POLYLINE";0;0;;;;0;0;0;1;6/3/2025 00:00:00;31;3;305;0;;
3581;179072;"LAME RACLEUR 630 BLEU";"73264T04";111;"73264T04";3;;18,00 €;1;1;1;0,00 €;;"FARINEUR";0;0;;;;0;0;0;1;6/3/2025 00:00:00;31;3;305;0;;
3582;179076;"DEFLECTEUR ROGNURE";"103896";111;"73264T04";3;;72,00 €;0;2;2;0,00 €;;"POLYLINE";0;0;;;;0;0;0;1;;31;3;305;0;;
3583;179079;"BOBINE EMBRAYAGE 24V POUR 10266";"51451";111;"51451";1;;863,00 €;0;1;1;0,00 €;;"POLYLINE";0;0;;;;0;0;0;1;;31;3;305;0;;
3584;100326;"COUPLEUR HYDRAULIQUE MALE ET FEMELLE 3/8";"PRARL 10034";10;"PRARL 10034";3;;50,00 €;8;2;5;0,00 €;;;0;0;;;;0;0;0;1;7/3/2025 00:00:00;31;3;306;0;;
3585;183322;"CELLULE LASER DISTANCE";"LR-ZH500CP";17;"LR-ZH500CP";8;;453,00 €;2;1;1;0,00 €;;"NAPPEUSE BAKON";0;0;;;;0;0;0;1;12/5/2025 00:00:00;1;2;0;0;;
3586;100327;"VANNE LANCE CENTRALE MOYENNE PRESSION";"183";10;"183";4;;150,00 €;1;1;1;0,00 €;;"CENTRALE MOYENNE PRESSION";0;0;;;;0;0;0;1;11/3/2025 00:00:00;30;3;201;0;;
3587;183365;"COUPLEUR HYDRAULIQUE FEMELLE 1/4";"HL05011E0";10;"HL05011E0";4;;69,27 €;3;1;3;0,00 €;;"TARTO";0;0;;;;0;0;0;1;13/5/2025 00:00:00;20;1;1001;0;;
3588;183366;"COUPLEUR MALE 1/4";"HL05012E0";10;"HL05012E0";4;;33,99 €;3;1;3;0,00 €;;"TARTO";0;0;;;;0;0;0;1;13/5/2025 00:00:00;20;1;1001;0;;
3589;183367;"COUPLEUR FEMELLE 3/8";"HL05021E0";10;"HL05021E0";4;;72,64 €;4;1;3;0,00 €;;"TARTO";0;0;;;;0;0;0;1;13/5/2025 00:00:00;20;1;1001;0;;
3590;183395;"BOUTON POUSSOIR VERT LUMINEUX";"M22-DL-G";95;" M22-DL-G";1;;6,95 €;3;1;3;0,00 €;;;0;0;;;;0;0;0;1;28/3/2025 00:00:00;2;2;304;0;;
3591;183396;"BOUTON POUSSOIR ROUGE";"M22-D-R";95;"M22-D-R";1;;4,84 €;3;3;1;0,00 €;;;0;0;;;;0;0;0;1;28/3/2025 00:00:00;2;2;305;0;;
3592;183397;"BOUTON POUSSOIR NOIR";"M22-D-S";95;"M22-D-S";1;;4,84 €;3;1;3;0,00 €;;;0;0;;;;0;0;0;1;28/3/2025 00:00:00;2;2;306;0;;
3593;183398;"INTERRUPTEUR DE DEBIT HB1";"SPQ181";10;"SPQ181";1;;782,55 €;0;0;0;0,00 €;;"POUR CENTRALE MOYENNE PRESSION";0;0;;;;0;0;0;5;22/4/2025 00:00:00;0;0;0;0;;
3594;183415;"TAPIS TP XVT 2332 600*300 BLEU";"XVT 2332 FNB2E";125;"XVT 2332";3;;226,80 €;1;1;1;0,00 €;;"TRIEUSE POND BIZERBA";0;0;;;;0;0;0;1;29/3/2025 00:00:00;31;3;402;0;;
3595;183416;"TAPIS TP WVT 241 300*400 BLEU";"WVT 241";10;"WVT 241";3;;224,90 €;0;1;1;0,00 €;;"TRIEUSE POND BIZERBA";0;0;;;;0;0;0;5;29/3/2025 00:00:00;31;3;402;0;;
3596;183417;"CONTROLEUR MOTEUR BL-DC HS";"CONTROLEUR MOTEUR BL-DC HS";10;"CONTROLEUR MOTEUR BL-DC HS";1;;624,00 €;1;1;1;0,00 €;;"<div>TRIEUSE POND BIZERBA &nbsp;&nbsp;&nbsp;&nbsp;&nbsp;&nbsp;&nbsp;&nbsp;&nbsp;&nbsp;&nbsp;&nbsp;&nbsp;&nbsp;&nbsp;&nbsp;&nbsp;&nbsp;&nbsp;&nbsp;&nbsp;&nbsp;&nbsp;&nbsp;&nbsp;&nbsp;&nbsp;&nbsp;&nbsp;&nbsp;&nbsp;&nbsp;&nbsp;&nbsp;&nbsp;&nbsp;&nbsp;&nbsp;&nbsp;&nbsp;&nbsp;&nbsp;&nbsp;&nbsp;&nbsp;&nbsp;&nbsp;&nbsp;&nbsp;&nbsp;&nbsp;&nbsp;&nbsp;&nbsp;&nbsp;&nbsp;&nbsp;&nbsp;&nbsp;&nbsp;&nbsp;&nbsp;&nbsp;&nbsp;&nbsp;&nbsp;&nbsp;&nbsp;&nbsp;&nbsp;&nbsp;&nbsp;&nbsp;&nbsp;&nbsp;&nbsp;&nbsp;&nbsp;&nbsp;&nbsp;&nbsp;&nbsp;&nbsp;&nbsp;&nbsp;&nbsp;&nbsp;&nbsp;&nbsp;&nbsp;&nbsp;&nbsp;&nbsp;&nbsp;&nbsp;&nbsp;&nbsp;&nbsp;&nbsp;&nbsp;&nbsp;&nbsp;&nbsp;&nbsp;&nbsp;&nbsp;&nbsp;&nbsp;&nbsp;&nbsp;&nbsp;&nbsp;&nbsp;&nbsp;&nbsp;&nbsp;&nbsp;&nbsp;&nbsp;&nbsp;&nbsp;&nbsp;&nbsp;&nbsp;&nbsp;&nbsp;&nbsp;&nbsp;&nbsp;&nbsp;&nbsp;&nbsp;&nbsp;&nbsp;&nbsp;&nbsp;&nbsp;&nbsp;&nbsp;&nbsp;&nbsp;&nbsp;&nbsp;&nbsp;&nbsp;&nbsp;&nbsp;&nbsp;&nbsp;&nbsp;&nbsp;&nbsp;&nbsp;&nbsp;&nbsp;&nbsp;&nbsp;&nbsp;&nbsp;&nbsp;&nbsp;&nbsp;&nbsp;&nbsp;&nbsp;&nbsp;&nbsp;&nbsp;&nbsp;&nbsp;&nbsp;&nbsp;&nbsp;&nbsp;&nbsp;&nbsp;&nbsp;&nbsp;&nbsp;&nbsp;&nbsp;&nbsp;&nbsp;&nbsp;&nbsp;&nbsp;&nbsp;&nbsp;&nbsp;&nbsp;&nbsp;&nbsp;&nbsp;</div>

<div>&nbsp;</div>

<div>&nbsp;</div>

<div>&nbsp;</div>

<div>&nbsp;</div>

<div>&nbsp;</div>

<div>&nbsp;</div>

<div>&nbsp;</div>

<div>&nbsp;</div>

<div>&nbsp;</div>

<div>&nbsp;</div>

<div>&nbsp;</div>

<div>&nbsp;</div>

<div>&nbsp;</div>

<div>&nbsp;</div>

<div>&nbsp;</div>

<div>&nbsp;</div>

<div>&nbsp;</div>

<div>&nbsp;</div>

<div>&nbsp;</div>

<div>&nbsp;</div>

<div>&nbsp;</div>

<div>&nbsp;</div>

<div>&nbsp;</div>

<div>&nbsp;</div>

<div>&nbsp;</div>

<div>&nbsp;</div>

<div>&nbsp;</div>

<div>&nbsp;</div>

<div>&nbsp;</div>

<div>&nbsp;</div>

<div>&nbsp;</div>

<div>&nbsp;</div>

<div>&nbsp;</div>

<div>&nbsp;</div>

<div>&nbsp;</div>

<div>&nbsp;</div>

<div>&nbsp;</div>

<div>&nbsp;</div>

<div>&nbsp;</div>

<div>&nbsp;</div>

<div>&nbsp;</div>

<div>&nbsp;</div>

<div>&nbsp;</div>

<div>&nbsp;</div>

<div>&nbsp;</div>

<div>&nbsp;</div>

<div>&nbsp;</div>

<div>&nbsp;</div>

<div>&nbsp;</div>

<div>&nbsp;</div>

<div>&nbsp;</div>

<div>&nbsp;</div>

<div>&nbsp;</div>

<div>&nbsp;</div>

<div>&nbsp;</div>

<div>&nbsp;</div>

<div>&nbsp;</div>

<div>&nbsp;</div>

<div>&nbsp;</div>

<div>&nbsp;</div>

<div>&nbsp;</div>

<div>&nbsp;</div>

<div>&nbsp;</div>

<div>&nbsp;</div>

<div>&nbsp;</div>

<div>&nbsp;</div>

<div>&nbsp;</div>

<div>&nbsp;</div>

<div>&nbsp;</div>

<div>&nbsp;</div>

<div>&nbsp;</div>

<div>&nbsp;</div>

<div>&nbsp;</div>

<div>&nbsp;</div>

<div>&nbsp;</div>

<div>&nbsp;</div>

<div>&nbsp;</div>

<div>&nbsp;</div>

<div>&nbsp;</div>

<div>&nbsp;</div>

<div>&nbsp;</div>

<div>&nbsp;</div>

<div>&nbsp;</div>

<div>&nbsp;</div>

<div>&nbsp;</div>

<div>&nbsp;</div>

<div>&nbsp;</div>

<div>&nbsp;</div>

<div>&nbsp;</div>

<div>&nbsp;</div>

<div>&nbsp;</div>

<div>&nbsp;</div>

<div>&nbsp;</div>

<div>&nbsp;</div>

<div>&nbsp;</div>

<div>&nbsp;</div>

<div>&nbsp;</div>

<div>&nbsp;</div>

<div>&nbsp;</div>

<div>&nbsp;</div>

<div>&nbsp;</div>

<div>&nbsp;</div>

<div>&nbsp;</div>

<div>&nbsp;</div>

<div>&nbsp;</div>

<div>&nbsp;</div>

<div>&nbsp;</div>

<div>&nbsp;</div>

<div>&nbsp;</div>

<div>&nbsp;</div>

<div>&nbsp;</div>

<div>&nbsp;</div>

<div>&nbsp;</div>

<div>&nbsp;</div>

<div>&nbsp;</div>

<div>&nbsp;</div>

<div>&nbsp;</div>

<div>&nbsp;</div>

<div>&nbsp;</div>

<div>&nbsp;</div>

<div>&nbsp;</div>

<div>&nbsp;</div>

<div>&nbsp;</div>

<div>&nbsp;</div>

<div>&nbsp;</div>

<div>&nbsp;</div>

<div>&nbsp;</div>

<div>&nbsp;</div>

<div>&nbsp;</div>

<div>&nbsp;</div>

<div>&nbsp;</div>

<div>&nbsp;</div>

<div>&nbsp;</div>

<div>&nbsp;</div>

<div>&nbsp;</div>

<div>&nbsp;</div>

<div>&nbsp;</div>

<div>&nbsp;</div>

<div>&nbsp;</div>

<div>&nbsp;</div>

<div>&nbsp;</div>

<div>&nbsp;</div>

<div>&nbsp;</div>

<div>&nbsp;</div>

<div>&nbsp;</div>

<div>&nbsp;</div>

<div>&nbsp;</div>

<div>&nbsp;</div>

<div>&nbsp;</div>

<div>&nbsp;</div>

<div>&nbsp;</div>

<div>&nbsp;</div>

<div>&nbsp;</div>

<div>&nbsp;</div>

<div>&nbsp;</div>

<div>&nbsp;</div>

<div>&nbsp;</div>

<div>&nbsp;</div>

<div>&nbsp;</div>

<div>&nbsp;</div>

<div>&nbsp;</div>

<div>&nbsp;</div>

<div>&nbsp;</div>

<div>&nbsp;</div>

<div>&nbsp;</div>

<div>&nbsp;</div>

<div>&nbsp;</div>

<div>&nbsp;</div>

<div>&nbsp;</div>

<div>&nbsp;</div>

<div>&nbsp;</div>

<div>&nbsp;</div>

<div>&nbsp;</div>

<div>&nbsp;</div>

<div>&nbsp;</div>

<div>&nbsp;</div>

<div>&nbsp;</div>

<div>&nbsp;</div>

<div>&nbsp;</div>

<div>&nbsp;</div>

<div>&nbsp;</div>

<div>&nbsp;</div>

<div>&nbsp;</div>

<div>&nbsp;</div>

<div>&nbsp;</div>

<div>&nbsp;</div>

<div>&nbsp;</div>

<div>&nbsp;</div>

<div>&nbsp;</div>

<div>&nbsp;</div>

<div>&nbsp;</div>

<div>&nbsp;</div>

<div>&nbsp;</div>

<div>&nbsp;</div>

<div>&nbsp;</div>

<div>&nbsp;</div>

<div>&nbsp;</div>

<div>&nbsp;</div>

<div>&nbsp;</div>

<div>&nbsp;</div>

<div>&nbsp;</div>

<div>&nbsp;</div>

<div>&nbsp;</div>

<div>&nbsp;</div>

<div>&nbsp;</div>

<div>&nbsp;</div>

<div>&nbsp;</div>

<div>&nbsp;</div>

<div>&nbsp;</div>

<div>&nbsp;</div>

<div>&nbsp;</div>

<div>&nbsp;</div>

<div>&nbsp;</div>

<div>&nbsp;</div>

<div>&nbsp;</div>

<div>&nbsp;</div>

<div>&nbsp;</div>

<div>&nbsp;</div>

<div>&nbsp;</div>

<div>&nbsp;</div>

<div>&nbsp;</div>

<div>&nbsp;</div>

<div>&nbsp;</div>

<div>&nbsp;</div>

<div>&nbsp;</div>

<div>&nbsp;</div>

<div>&nbsp;</div>

<div>&nbsp;</div>

<div>&nbsp;</div>

<div>&nbsp;</div>

<div>&nbsp;</div>

<div>&nbsp;</div>

<div>&nbsp;</div>

<div>&nbsp;</div>

<div>&nbsp;</div>

<div>&nbsp;</div>

<div>&nbsp;</div>

<div>&nbsp;</div>

<div>&nbsp;</div>

<div>&nbsp;</div>

<div>&nbsp;</div>

<div>&nbsp;</div>

<div>&nbsp;</div>

<div>&nbsp;</div>

<div>&nbsp;</div>

<div>&nbsp;</div>

<div>&nbsp;</div>

<div>&nbsp;</div>

<div>&nbsp;</div>

<div>&nbsp;</div>

<div>&nbsp;</div>

<div>&nbsp;</div>

<div>&nbsp;</div>

<div>&nbsp;</div>

<div>&nbsp;</div>

<div>&nbsp;</div>

<div>&nbsp;</div>

<div>&nbsp;</div>

<div>&nbsp;</div>

<div>&nbsp;</div>

<div>&nbsp;</div>

<div>&nbsp;</div>

<div>&nbsp;</div>

<div>&nbsp;</div>

<div>&nbsp;</div>

<div>&nbsp;</div>

<div>&nbsp;</div>

<div>&nbsp;</div>

<div>&nbsp;</div>

<div>&nbsp;</div>

<div>&nbsp;</div>

<div>&nbsp;</div>

<div>&nbsp;</div>

<div>&nbsp;</div>

<div>&nbsp;</div>

<div>&nbsp;</div>

<div>&nbsp;</div>

<div>&nbsp;</div>

<div>&nbsp;</div>

<div>&nbsp;</div>

<div>&nbsp;</div>

<div>&nbsp;</div>

<div>&nbsp;</div>

<div>&nbsp;</div>

<div>&nbsp;</div>

<div>&nbsp;</div>

<div>&nbsp;</div>

<div>&nbsp;</div>

<div>&nbsp;</div>

<div>&nbsp;</div>

<div>&nbsp;</div>

<div>&nbsp;</div>

<div>&nbsp;</div>

<div>&nbsp;</div>

<div>&nbsp;</div>

<div>&nbsp;</div>

<div>&nbsp;</div>

<div>&nbsp;</div>

<div>&nbsp;</div>

<div>&nbsp;</div>

<div>&nbsp;</div>

<div>&nbsp;</div>

<div>&nbsp;</div>

<div>&nbsp;</div>

<div>&nbsp;</div>

<div>&nbsp;</div>

<div>&nbsp;</div>

<div>&nbsp;</div>

<div>&nbsp;</div>

<div>&nbsp;</div>

<div>&nbsp;</div>

<div>&nbsp;</div>

<div>&nbsp;</div>

<div>&nbsp;</div>

<div>&nbsp;</div>

<div>&nbsp;</div>

<div>&nbsp;</div>

<div>&nbsp;</div>

<div>&nbsp;</div>

<div>&nbsp;</div>

<div>&nbsp;</div>

<div>&nbsp;</div>

<div>&nbsp;</div>

<div>&nbsp;</div>

<div>&nbsp;</div>

<div>&nbsp;</div>

<div>&nbsp;</div>

<div>&nbsp;</div>

<div>&nbsp;</div>

<div>&nbsp;</div>

<div>&nbsp;</div>

<div>&nbsp;</div>

<div>&nbsp;</div>

<div>&nbsp;</div>

<div>&nbsp;</div>

<div>&nbsp;</div>

<div>&nbsp;</div>

<div>&nbsp;</div>

<div>&nbsp;</div>

<div>&nbsp;</div>

<div>&nbsp;</div>

<div>&nbsp;</div>

<div>&nbsp;</div>

<div>&nbsp;</div>

<div>&nbsp;</div>

<div>&nbsp;</div>

<div>&nbsp;</div>

<div>&nbsp;</div>

<div>&nbsp;</div>

<div>&nbsp;</div>

<div>&nbsp;</div>

<div>&nbsp;</div>

<div>&nbsp;</div>

<div>&nbsp;</div>

<div>&nbsp;</div>

<div>&nbsp;</div>

<div>&nbsp;</div>

<div>&nbsp;</div>

<div>&nbsp;</div>

<div>&nbsp;</div>

<div>&nbsp;</div>

<div>&nbsp;</div>

<div>&nbsp;</div>

<div>&nbsp;</div>

<div>&nbsp;</div>

<div>&nbsp;</div>

<div>&nbsp;</div>

<div>&nbsp;</div>

<div>&nbsp;</div>

<div>&nbsp;</div>

<div>&nbsp;</div>

<div>&nbsp;</div>

<div>&nbsp;</div>

<div>&nbsp;</div>

<div>&nbsp;</div>

<div>&nbsp;</div>

<div>&nbsp;</div>

<div>&nbsp;</div>

<div>&nbsp;</div>

<div>&nbsp;</div>

<div>&nbsp;</div>

<div>&nbsp;</div>

<div>&nbsp;</div>

<div>&nbsp;</div>

<div>&nbsp;</div>

<div>&nbsp;</div>

<div>&nbsp;</div>

<div>&nbsp;</div>

<div>&nbsp;</div>

<div>&nbsp;</div>

<div>&nbsp;</div>

<div>&nbsp;</div>

<div>&nbsp;</div>

<div>&nbsp;</div>

<div>&nbsp;</div>

<div>&nbsp;</div>

<div>&nbsp;</div>

<div>&nbsp;</div>

<div>&nbsp;</div>

<div>&nbsp;</div>

<div>&nbsp;</div>

<div>&nbsp;</div>

<div>&nbsp;</div>

<div>&nbsp;</div>

<div>&nbsp;</div>

<div>&nbsp;</div>

<div>&nbsp;</div>

<div>&nbsp;</div>

<div>&nbsp;</div>

<div>&nbsp;</div>

<div>&nbsp;</div>

<div>&nbsp;</div>

<div>&nbsp;</div>

<div>&nbsp;</div>

<div>&nbsp;</div>

<div>&nbsp;</div>

<div>&nbsp;</div>

<div>&nbsp;</div>

<div>&nbsp;</div>

<div>&nbsp;</div>

<div>&nbsp;</div>

<div>&nbsp;</div>

<div>&nbsp;</div>

<div>&nbsp;</div>

<div>&nbsp;</div>

<div>&nbsp;</div>

<div>&nbsp;</div>

<div>&nbsp;</div>

<div>&nbsp;</div>

<div>&nbsp;</div>

<div>&nbsp;</div>

<div>&nbsp;</div>

<div>&nbsp;</div>

<div>&nbsp;</div>

<div>&nbsp;</div>

<div>&nbsp;</div>

<div>&nbsp;</div>

<div>&nbsp;</div>

<div>&nbsp;</div>

<div>&nbsp;</div>

<div>&nbsp;</div>

<div>&nbsp;</div>

<div>&nbsp;</div>

<div>&nbsp;</div>

<div>&nbsp;</div>

<div>&nbsp;</div>

<div>&nbsp;</div>

<div>&nbsp;</div>

<div>&nbsp;</div>

<div>&nbsp;</div>

<div>&nbsp;</div>

<div>&nbsp;</div>

<div>&nbsp;</div>

<div>&nbsp;</div>

<div>&nbsp;</div>

<div>&nbsp;</div>

<div>&nbsp;</div>

<div>&nbsp;</div>

<div>&nbsp;</div>

<div>&nbsp;</div>

<div>&nbsp;</div>

<div>&nbsp;</div>

<div>&nbsp;</div>

<div>&nbsp;</div>

<div>&nbsp;</div>

<div>&nbsp;</div>

<div>&nbsp;</div>

<div>&nbsp;</div>

<div>&nbsp;</div>

<div>&nbsp;</div>

<div>&nbsp;</div>

<div>&nbsp;</div>

<div>&nbsp;</div>

<div>&nbsp;</div>

<div>&nbsp;</div>

<div>&nbsp;</div>

<div>&nbsp;</div>

<div>&nbsp;</div>

<div>&nbsp;</div>

<div>&nbsp;</div>

<div>&nbsp;</div>

<div>&nbsp;</div>

<div>&nbsp;</div>

<div>&nbsp;</div>

<div>&nbsp;</div>

<div>&nbsp;</div>

<div>&nbsp;</div>

<div>&nbsp;</div>

<div>&nbsp;</div>

<div>&nbsp;</div>

<div>&nbsp;</div>

<div>&nbsp;</div>

<div>&nbsp;</div>

<div>&nbsp;</div>

<div>&nbsp;</div>

<div>&nbsp;</div>

<div>&nbsp;</div>

<div>&nbsp;</div>

<div>&nbsp;</div>

<div>&nbsp;</div>

<div>&nbsp;</div>

<div>&nbsp;</div>

<div>&nbsp;</div>

<div>&nbsp;</div>

<div>&nbsp;</div>

<div>&nbsp;</div>

<div>&nbsp;</div>

<div>&nbsp;</div>

<div>&nbsp;</div>

<div>&nbsp;</div>

<div>&nbsp;</div>

<div>&nbsp;</div>

<div>&nbsp;</div>

<div>&nbsp;</div>

<div>&nbsp;</div>

<div>&nbsp;</div>

<div>&nbsp;</div>

<div>&nbsp;</div>

<div>&nbsp;</div>

<div>&nbsp;</div>

<div>&nbsp;</div>

<div>&nbsp;</div>

<div>&nbsp;</div>

<div>&nbsp;</div>

<div>&nbsp;</div>

<div>&nbsp;</div>

<div>&nbsp;</div>

<div>&nbsp;</div>

<div>&nbsp;</div>

<div>&nbsp;</div>

<div>&nbsp;</div>

<div>&nbsp;</div>

<div>&nbsp;</div>

<div>&nbsp;</div>

<div>&nbsp;</div>

<div>&nbsp;</div>

<div>&nbsp;</div>

<div>&nbsp;</div>

<div>&nbsp;</div>

<div>&nbsp;</div>

<div>&nbsp;</div>

<div>&nbsp;</div>

<div>&nbsp;</div>

<div>&nbsp;</div>

<div>&nbsp;</div>

<div>&nbsp;</div>

<div>&nbsp;</div>

<div>&nbsp;</div>

<div>&nbsp;</div>

<div>&nbsp;</div>

<div>&nbsp;</div>

<div>&nbsp;</div>

<div>&nbsp;</div>

<div>&nbsp;</div>

<div>&nbsp;</div>

<div>&nbsp;</div>

<div>&nbsp;</div>

<div>&nbsp;</div>

<div>&nbsp;</div>

<div>&nbsp;</div>

<div>&nbsp;</div>

<div>&nbsp;</div>

<div>&nbsp;</div>

<div>&nbsp;</div>

<div>&nbsp;</div>

<div>&nbsp;</div>

<div>&nbsp;</div>

<div>&nbsp;</div>

<div>&nbsp;</div>

<div>&nbsp;</div>

<div>&nbsp;</div>

<div>&nbsp;</div>

<div>&nbsp;</div>

<div>&nbsp;</div>

<div>&nbsp;</div>

<div>&nbsp;</div>

<div>&nbsp;</div>

<div>&nbsp;</div>

<div>&nbsp;</div>

<div>&nbsp;</div>

<div>&nbsp;</div>

<div>&nbsp;</div>

<div>&nbsp;</div>

<div>&nbsp;</div>

<div>&nbsp;</div>

<div>&nbsp;</div>

<div>&nbsp;</div>

<div>&nbsp;</div>

<div>&nbsp;</div>

<div>&nbsp;</div>

<div>&nbsp;</div>

<div>&nbsp;</div>

<div>&nbsp;</div>

<div>&nbsp;</div>

<div>&nbsp;</div>

<div>&nbsp;</div>

<div>&nbsp;</div>

<div>&nbsp;</div>

<div>&nbsp;</div>

<div>&nbsp;</div>

<div>&nbsp;</div>

<div>&nbsp;</div>

<div>&nbsp;</div>

<div>&nbsp;</div>

<div>&nbsp;</div>

<div>&nbsp;</div>

<div>&nbsp;</div>

<div>&nbsp;</div>

<div>&nbsp;</div>

<div>&nbsp;</div>

<div>&nbsp;</div>

<div>&nbsp;</div>

<div>&nbsp;</div>

<div>&nbsp;</div>

<div>&nbsp;</div>

<div>&nbsp;</div>

<div>&nbsp;</div>

<div>&nbsp;</div>

<div>&nbsp;</div>

<div>&nbsp;</div>

<div>&nbsp;</div>

<div>&nbsp;</div>

<div>&nbsp;</div>

<div>&nbsp;</div>

<div>&nbsp;</div>

<div>&nbsp;</div>

<div>&nbsp;</div>

<div>&nbsp;</div>

<div>&nbsp;</div>

<div>&nbsp;</div>

<div>&nbsp;</div>

<div>&nbsp;</div>

<div>&nbsp;</div>

<div>&nbsp;</div>

<div>&nbsp;</div>

<div>&nbsp;</div>

<div>&nbsp;</div>

<div>&nbsp;</div>

<div>&nbsp;</div>

<div>&nbsp;</div>

<div>&nbsp;</div>

<div>&nbsp;</div>

<div>&nbsp;</div>

<div>&nbsp;</div>

<div>&nbsp;</div>

<div>&nbsp;</div>

<div>&nbsp;</div>

<div>&nbsp;</div>

<div>&nbsp;</div>

<div>&nbsp;</div>

<div>&nbsp;</div>

<div>&nbsp;</div>

<div>&nbsp;</div>

<div>&nbsp;</div>

<div>&nbsp;</div>

<div>&nbsp;</div>

<div>&nbsp;</div>

<div>&nbsp;</div>

<div>&nbsp;</div>

<div>&nbsp;</div>

<div>&nbsp;</div>

<div>&nbsp;</div>

<div>&nbsp;</div>

<div>&nbsp;</div>

<div>&nbsp;</div>

<div>&nbsp;</div>

<div>&nbsp;</div>

<div>&nbsp;</div>

<div>&nbsp;</div>

<div>&nbsp;</div>

<div>&nbsp;</div>

<div>&nbsp;</div>

<div>&nbsp;</div>

<div>&nbsp;</div>

<div>&nbsp;</div>

<div>&nbsp;</div>

<div>&nbsp;</div>

<div>&nbsp;</div>

<div>&nbsp;</div>

<div>&nbsp;</div>

<div>&nbsp;</div>

<div>&nbsp;</div>

<div>&nbsp;</div>

<div>&nbsp;</div>

<div>&nbsp;</div>

<div>&nbsp;</div>

<div>&nbsp;</div>

<div>&nbsp;</div>

<div>&nbsp;</div>

<div>&nbsp;</div>

<div>&nbsp;</div>

<div>&nbsp;</div>

<div>&nbsp;</div>

<div>&nbsp;</div>

<div>&nbsp;</div>

<div>&nbsp;</div>

<div>&nbsp;</div>

<div>&nbsp;</div>

<div>&nbsp;</div>

<div>&nbsp;</div>

<div>&nbsp;</div>

<div>&nbsp;</div>

<div>&nbsp;</div>

<div>&nbsp;</div>

<div>&nbsp;</div>

<div>&nbsp;</div>

<div>&nbsp;</div>

<div>&nbsp;</div>

<div>&nbsp;</div>

<div>&nbsp;</div>

<div>&nbsp;</div>

<div>&nbsp;</div>

<div>&nbsp;</div>

<div>&nbsp;</div>

<div>&nbsp;</div>

<div>&nbsp;</div>

<div>&nbsp;</div>

<div>&nbsp;</div>

<div>&nbsp;</div>

<div>&nbsp;</div>

<div>&nbsp;</div>

<div>&nbsp;</div>

<div>&nbsp;</div>

<div>&nbsp;</div>

<div>&nbsp;</div>

<div>&nbsp;</div>

<div>&nbsp;</div>

<div>&nbsp;</div>

<div>&nbsp;</div>

<div>&nbsp;</div>

<div>&nbsp;</div>

<div>&nbsp;</div>

<div>&nbsp;</div>

<div>&nbsp;</div>

<div>&nbsp;</div>

<div>&nbsp;</div>

<div>&nbsp;</div>

<div>&nbsp;</div>

<div>&nbsp;</div>

<div>&nbsp;</div>

<div>&nbsp;</div>

<div>&nbsp;</div>

<div>&nbsp;</div>

<div>&nbsp;</div>

<div>&nbsp;</div>

<div>&nbsp;</div>

<div>&nbsp;</div>

<div>&nbsp;</div>

<div>&nbsp;</div>

<div>&nbsp;</div>

<div>&nbsp;</div>

<div>&nbsp;</div>

<div>&nbsp;</div>

<div>&nbsp;</div>

<div>&nbsp;</div>

<div>&nbsp;</div>

<div>&nbsp;</div>

<div>&nbsp;</div>

<div>&nbsp;</div>

<div>&nbsp;</div>

<div>&nbsp;</div>

<div>&nbsp;</div>

<div>&nbsp;</div>

<div>&nbsp;</div>

<div>&nbsp;</div>

<div>&nbsp;</div>

<div>&nbsp;</div>

<div>&nbsp;</div>

<div>&nbsp;</div>

<div>&nbsp;</div>

<div>&nbsp;</div>

<div>&nbsp;</div>

<div>&nbsp;</div>

<div>&nbsp;</div>

<div>&nbsp;</div>

<div>&nbsp;</div>

<div>&nbsp;</div>

<div>&nbsp;</div>

<div>&nbsp;</div>

<div>&nbsp;</div>

<div>&nbsp;</div>

<div>&nbsp;</div>

<div>&nbsp;</div>

<div>&nbsp;</div>

<div>&nbsp;</div>

<div>&nbsp;</div>

<div>&nbsp;</div>

<div>&nbsp;</div>

<div>&nbsp;</div>

<div>&nbsp;</div>

<div>&nbsp;</div>

<div>&nbsp;</div>

<div>&nbsp;</div>

<div>&nbsp;</div>

<div>&nbsp;</div>

<div>&nbsp;</div>

<div>&nbsp;</div>

<div>&nbsp;</div>

<div>&nbsp;</div>

<div>&nbsp;</div>

<div>&nbsp;</div>

<div>&nbsp;</div>

<div>&nbsp;</div>

<div>&nbsp;</div>

<div>&nbsp;</div>

<div>&nbsp;</div>

<div>&nbsp;</div>

<div>&nbsp;</div>

<div>&nbsp;</div>

<div>&nbsp;</div>

<div>&nbsp;</div>

<div>&nbsp;</div>

<div>&nbsp;</div>

<div>&nbsp;</div>

<div>&nbsp;</div>

<div>&nbsp;</div>

<div>&nbsp;</div>

<div>&nbsp;</div>

<div>&nbsp;</div>

<div>&nbsp;</div>

<div>&nbsp;</div>

<div>&nbsp;</div>

<div>&nbsp;</div>

<div>&nbsp;</div>

<div>&nbsp;</div>

<div>&nbsp;</div>

<div>&nbsp;</div>

<div>&nbsp;</div>

<div>&nbsp;</div>

<div>&nbsp;</div>

<div>&nbsp;</div>

<div>&nbsp;</div>

<div>&nbsp;</div>

<div>&nbsp;</div>

<div>&nbsp;</div>

<div>&nbsp;</div>

<div>&nbsp;</div>

<div>&nbsp;</div>

<div>&nbsp;</div>

<div>&nbsp;</div>

<div>&nbsp;</div>

<div>&nbsp;</div>

<div>&nbsp;</div>

<div>&nbsp;</div>

<div>&nbsp;</div>

<div>&nbsp;</div>

<div>&nbsp;</div>

<div>&nbsp;</div>

<div>&nbsp;</div>

<div>&nbsp;</div>

<div>&nbsp;</div>

<div>&nbsp;</div>

<div>&nbsp;</div>

<div>&nbsp;</div>

<div>&nbsp;</div>

<div>&nbsp;</div>

<div>&nbsp;</div>

<div>&nbsp;</div>

<div>&nbsp;</div>

<div>&nbsp;</div>

<div>&nbsp;</div>

<div>&nbsp;</div>

<div>&nbsp;</div>

<div>&nbsp;</div>

<div>&nbsp;</div>

<div>&nbsp;</div>

<div>&nbsp;</div>

<div>&nbsp;</div>

<div>&nbsp;</div>

<div>&nbsp;</div>

<div>&nbsp;</div>

<div>&nbsp;</div>

<div>&nbsp;</div>

<div>&nbsp;</div>

<div>&nbsp;</div>

<div>&nbsp;</div>

<div>&nbsp;</div>

<div>&nbsp;</div>

<div>&nbsp;</div>

<div>&nbsp;</div>

<div>&nbsp;</div>

<div>&nbsp;</div>

<div>&nbsp;</div>

<div>&nbsp;</div>

<div>&nbsp;</div>

<div>&nbsp;</div>

<div>&nbsp;</div>

<div>&nbsp;</div>

<div>&nbsp;</div>

<div>&nbsp;</div>

<div>&nbsp;</div>

<div>&nbsp;</div>

<div>&nbsp;</div>

<div>&nbsp;</div>

<div>&nbsp;</div>

<div>&nbsp;</div>

<div>&nbsp;</div>

<div>&nbsp;</div>

<div>&nbsp;</div>

<div>&nbsp;</div>

<div>&nbsp;</div>

<div>&nbsp;</div>

<div>&nbsp;</div>

<div>&nbsp;</div>

<div>&nbsp;</div>

<div>&nbsp;</div>

<div>&nbsp;</div>

<div>&nbsp;</div>

<div>&nbsp;</div>

<div>&nbsp;</div>

<div>&nbsp;</div>

<div>&nbsp;</div>

<div>&nbsp;</div>

<div>&nbsp;</div>

<div>&nbsp;</div>

<div>&nbsp;</div>

<div>&nbsp;</div>

<div>&nbsp;</div>

<div>&nbsp;</div>

<div>&nbsp;</div>

<div>&nbsp;</div>

<div>&nbsp;</div>

<div>&nbsp;</div>

<div>&nbsp;</div>

<div>&nbsp;</div>

<div>&nbsp;</div>

<div>&nbsp;</div>

<div>&nbsp;</div>

<div>&nbsp;</div>

<div>&nbsp;</div>

<div>&nbsp;</div>

<div>&nbsp;</div>

<div>&nbsp;</div>

<div>&nbsp;</div>

<div>&nbsp;</div>

<div>&nbsp;</div>

<div>&nbsp;</div>

<div>&nbsp;</div>

<div>&nbsp;</div>

<div>&nbsp;</div>

<div>&nbsp;</div>

<div>&nbsp;</div>

<div>&nbsp;</div>

<div>&nbsp;</div>

<div>&nbsp;</div>

<div>&nbsp;</div>

<div>&nbsp;</div>

<div>&nbsp;</div>

<div>&nbsp;</div>

<div>&nbsp;</div>

<div>&nbsp;</div>

<div>&nbsp;</div>

<div>&nbsp;</div>

<div>&nbsp;</div>

<div>&nbsp;</div>

<div>&nbsp;</div>

<div>&nbsp;</div>

<div>&nbsp;</div>

<div>&nbsp;</div>

<div>&nbsp;</div>

<div>&nbsp;</div>

<div>&nbsp;</div>

<div>&nbsp;</div>

<div>&nbsp;</div>

<div>&nbsp;</div>

<div>&nbsp;</div>

<div>&nbsp;</div>

<div>&nbsp;</div>

<div>&nbsp;</div>

<div>&nbsp;</div>

<div>&nbsp;</div>

<div>&nbsp;</div>

<div>&nbsp;</div>

<div>&nbsp;</div>

<div>&nbsp;</div>

<div>&nbsp;</div>

<div>&nbsp;</div>

<div>&nbsp;</div>

<div>&nbsp;</div>

<div>&nbsp;</div>

<div>&nbsp;</div>

<div>&nbsp;</div>

<div>&nbsp;</div>

<div>&nbsp;</div>

<div>&nbsp;</div>

<div>&nbsp;</div>

<div>&nbsp;</div>

<div>&nbsp;</div>

<div>&nbsp;</div>

<div>&nbsp;</div>

<div>&nbsp;</div>

<div>&nbsp;</div>

<div>&nbsp;</div>

<div>&nbsp;</div>

<div>&nbsp;</div>

<div>&nbsp;</div>

<div>&nbsp;</div>

<div>&nbsp;</div>

<div>&nbsp;</div>

<div>&nbsp;</div>

<div>&nbsp;</div>

<div>&nbsp;</div>

<div>&nbsp;</div>

<div>&nbsp;</div>

<div>&nbsp;</div>

<div>&nbsp;</div>

<div>&nbsp;</div>

<div>&nbsp;</div>

<div>&nbsp;</div>

<div>&nbsp;</div>

<div>&nbsp;</div>

<div>&nbsp;</div>

<div>&nbsp;</div>

<div>&nbsp;</div>

<div>&nbsp;</div>

<div>&nbsp;</div>

<div>&nbsp;</div>

<div>&nbsp;</div>

<div>&nbsp;</div>

<div>&nbsp;</div>

<div>&nbsp;</div>

<div>&nbsp;</div>

<div>&nbsp;</div>

<div>&nbsp;</div>

<div>&nbsp;</div>

<div>&nbsp;</div>

<div>&nbsp;</div>

<div>&nbsp;</div>

<div>&nbsp;</div>

<div>&nbsp;</div>

<div>&nbsp;</div>

<div>&nbsp;</div>

<div>&nbsp;</div>

<div>&nbsp;</div>

<div>&nbsp;</div>

<div>&nbsp;</div>

<div>&nbsp;</div>

<div>&nbsp;</div>

<div>&nbsp;</div>

<div>&nbsp;</div>

<div>&nbsp;</div>

<div>&nbsp;</div>

<div>&nbsp;</div>

<div>&nbsp;</div>

<div>&nbsp;</div>

<div>&nbsp;</div>

<div>&nbsp;</div>

<div>&nbsp;</div>

<div>&nbsp;</div>

<div>&nbsp;</div>

<div>&nbsp;</div>

<div>&nbsp;</div>

<div>&nbsp;</div>

<div>&nbsp;</div>

<div>&nbsp;</div>

<div>&nbsp;</div>

<div>&nbsp;</div>

<div>&nbsp;</div>

<div>&nbsp;</div>

<div>&nbsp;</div>

<div>&nbsp;</div>

<div>&nbsp;</div>

<div>&nbsp;</div>

<div>&nbsp;</div>

<div>&nbsp;</div>

<div>&nbsp;</div>

<div>&nbsp;</div>

<div>&nbsp;</div>

<div>&nbsp;</div>

<div>&nbsp;</div>

<div>&nbsp;</div>

<div>&nbsp;</div>

<div>&nbsp;</div>

<div>&nbsp;</div>

<div>&nbsp;</div>

<div>&nbsp;</div>

<div>&nbsp;</div>

<div>&nbsp;</div>

<div>&nbsp;</div>

<div>&nbsp;</div>

<div>&nbsp;</div>

<div>&nbsp;</div>

<div>&nbsp;</div>

<div>&nbsp;</div>

<div>&nbsp;</div>

<div>&nbsp;</div>

<div>&nbsp;</div>

<div>&nbsp;</div>

<div>&nbsp;</div>

<div>&nbsp;</div>

<div>&nbsp;</div>

<div>&nbsp;</div>

<div>&nbsp;</div>

<div>&nbsp;</div>

<div>&nbsp;</div>

<div>&nbsp;</div>

<div>&nbsp;</div>

<div>&nbsp;</div>

<div>&nbsp;</div>

<div>&nbsp;</div>

<div>&nbsp;</div>

<div>&nbsp;</div>

<div>&nbsp;</div>

<div>&nbsp;</div>

<div>&nbsp;</div>

<div>&nbsp;</div>

<div>&nbsp;</div>

<div>&nbsp;</div>

<div>&nbsp;</div>

<div>&nbsp;</div>

<div>&nbsp;</div>

<div>&nbsp;</div>

<div>&nbsp;</div>

<div>&nbsp;</div>

<div>&nbsp;</div>

<div>&nbsp;</div>

<div>&nbsp;</div>

<div>&nbsp;</div>

<div>&nbsp;</div>

<div>&nbsp;</div>

<div>&nbsp;</div>

<div>&nbsp;</div>

<div>&nbsp;</div>

<div>&nbsp;</div>

<div>&nbsp;</div>

<div>&nbsp;</div>

<div>&nbsp;</div>

<div>&nbsp;</div>

<div>&nbsp;</div>

<div>&nbsp;</div>

<div>&nbsp;</div>

<div>&nbsp;</div>

<div>&nbsp;</div>

<div>&nbsp;</div>

<div>&nbsp;</div>

<div>&nbsp;</div>

<div>&nbsp;</div>

<div>&nbsp;</div>

<div>&nbsp;</div>

<div>&nbsp;</div>

<div>&nbsp;</div>

<div>&nbsp;</div>

<div>&nbsp;</div>

<div>&nbsp;</div>

<div>&nbsp;</div>

<div>&nbsp;</div>

<div>&nbsp;</div>

<div>&nbsp;</div>

<div>&nbsp;</div>

<div>&nbsp;</div>

<div>&nbsp;</div>

<div>&nbsp;</div>

<div>&nbsp;</div>

<div>&nbsp;</div>

<div>&nbsp;</div>

<div>&nbsp;</div>

<div>&nbsp;</div>

<div>&nbsp;</div>

<div>&nbsp;</div>

<div>&nbsp;</div>

<div>&nbsp;</div>

<div>&nbsp;</div>

<div>&nbsp;</div>

<div>&nbsp;</div>

<div>&nbsp;</div>

<div>&nbsp;</div>

<div>&nbsp;</div>

<div>&nbsp;</div>

<div>&nbsp;</div>

<div>&nbsp;</div>

<div>&nbsp;</div>

<div>&nbsp;</div>

<div>&nbsp;</div>

<div>&nbsp;</div>

<div>&nbsp;</div>

<div>&nbsp;</div>

<div>&nbsp;</div>

<div>&nbsp;</div>

<div>&nbsp;</div>

<div>&nbsp;</div>

<div>&nbsp;</div>

<div>&nbsp;</div>

<div>&nbsp;</div>

<div>&nbsp;</div>

<div>&nbsp;</div>

<div>&nbsp;</div>

<div>&nbsp;</div>

<div>&nbsp;</div>

<div>&nbsp;</div>

<div>&nbsp;</div>

<div>&nbsp;</div>

<div>&nbsp;</div>

<div>&nbsp;</div>

<div>&nbsp;</div>

<div>&nbsp;</div>

<div>&nbsp;</div>

<div>&nbsp;</div>

<div>&nbsp;</div>

<div>&nbsp;</div>

<div>&nbsp;</div>

<div>&nbsp;</div>

<div>&nbsp;</div>

<div>&nbsp;</div>

<div>&nbsp;</div>

<div>&nbsp;</div>

<div>&nbsp;</div>

<div>&nbsp;</div>

<div>&nbsp;</div>

<div>&nbsp;</div>

<div>&nbsp;</div>

<div>&nbsp;</div>

<div>&nbsp;</div>

<div>&nbsp;</div>

<div>&nbsp;</div>

<div>&nbsp;</div>

<div>&nbsp;</div>

<div>&nbsp;</div>

<div>&nbsp;</div>

<div>&nbsp;</div>

<div>&nbsp;</div>

<div>&nbsp;</div>

<div>&nbsp;</div>

<div>&nbsp;</div>

<div>&nbsp;</div>

<div>&nbsp;</div>

<div>&nbsp;</div>

<div>&nbsp;</div>

<div>&nbsp;</div>

<div>&nbsp;</div>

<div>&nbsp;</div>

<div>&nbsp;</div>

<div>&nbsp;</div>

<div>&nbsp;</div>

<div>&nbsp;</div>

<div>&nbsp;</div>

<div>&nbsp;</div>

<div>&nbsp;</div>

<div>&nbsp;</div>

<div>&nbsp;</div>

<div>&nbsp;</div>

<div>&nbsp;</div>

<div>&nbsp;</div>

<div>&nbsp;</div>

<div>&nbsp;</div>

<div>&nbsp;</div>

<div>&nbsp;</div>

<div>&nbsp;</div>

<div>&nbsp;</div>

<div>&nbsp;</div>

<div>&nbsp;</div>

<div>&nbsp;</div>

<div>&nbsp;</div>

<div>&nbsp;</div>

<div>&nbsp;</div>

<div>&nbsp;</div>

<div>&nbsp;</div>

<div>&nbsp;</div>

<div>&nbsp;</div>

<div>&nbsp;</div>

<div>&nbsp;</div>

<div>&nbsp;</div>

<div>&nbsp;</div>

<div>&nbsp;</div>

<div>&nbsp;</div>

<div>&nbsp;</div>

<div>&nbsp;</div>

<div>&nbsp;</div>

<div>&nbsp;</div>

<div>&nbsp;</div>

<div>&nbsp;</div>

<div>&nbsp;</div>

<div>&nbsp;</div>

<div>&nbsp;</div>

<div>&nbsp;</div>

<div>&nbsp;</div>

<div>&nbsp;</div>

<div>&nbsp;</div>

<div>&nbsp;</div>

<div>&nbsp;</div>

<div>&nbsp;</div>

<div>&nbsp;</div>

<div>&nbsp;</div>

<div>&nbsp;</div>

<div>&nbsp;</div>

<div>&nbsp;</div>

<div>&nbsp;</div>

<div>&nbsp;</div>

<div>&nbsp;</div>

<div>&nbsp;</div>

<div>&nbsp;</div>

<div>&nbsp;</div>

<div>&nbsp;</div>

<div>&nbsp;</div>

<div>&nbsp;</div>

<div>&nbsp;</div>

<div>&nbsp;</div>

<div>&nbsp;</div>

<div>&nbsp;</div>

<div>&nbsp;</div>

<div>&nbsp;</div>

<div>&nbsp;</div>

<div>&nbsp;</div>

<div>&nbsp;</div>

<div>&nbsp;</div>

<div>&nbsp;</div>

<div>&nbsp;</div>

<div>&nbsp;</div>

<div>&nbsp;</div>

<div>&nbsp;</div>

<div>&nbsp;</div>

<div>&nbsp;</div>

<div>&nbsp;</div>

<div>&nbsp;</div>

<div>&nbsp;</div>

<div>&nbsp;</div>

<div>&nbsp;</div>

<div>&nbsp;</div>

<div>&nbsp;</div>

<div>&nbsp;</div>

<div>&nbsp;</div>

<div>&nbsp;</div>

<div>&nbsp;</div>

<div>&nbsp;</div>

<div>&nbsp;</div>

<div>&nbsp;</div>

<div>&nbsp;</div>

<div>&nbsp;</div>

<div>&nbsp;</div>

<div>&nbsp;</div>

<div>&nbsp;</div>

<div>&nbsp;</div>

<div>&nbsp;</div>

<div>&nbsp;</div>

<div>&nbsp;</div>

<div>&nbsp;</div>

<div>&nbsp;</div>

<div>&nbsp;</div>

<div>&nbsp;</div>

<div>&nbsp;</div>

<div>&nbsp;</div>

<div>&nbsp;</div>

<div>&nbsp;</div>

<div>&nbsp;</div>

<div>&nbsp;</div>

<div>&nbsp;</div>

<div>&nbsp;</div>

<div>&nbsp;</div>

<div>&nbsp;</div>

<div>&nbsp;</div>

<div>&nbsp;</div>

<div>&nbsp;</div>

<div>&nbsp;</div>

<div>&nbsp;</div>

<div>&nbsp;</div>

<div>&nbsp;</div>

<div>&nbsp;</div>

<div>&nbsp;</div>

<div>&nbsp;</div>

<div>&nbsp;</div>

<div>&nbsp;</div>

<div>&nbsp;</div>

<div>&nbsp;</div>

<div>&nbsp;</div>

<div>&nbsp;</div>

<div>&nbsp;</div>

<div>&nbsp;</div>

<div>&nbsp;</div>

<div>&nbsp;</div>

<div>&nbsp;</div>

<div>&nbsp;</div>

<div>&nbsp;</div>

<div>&nbsp;</div>

<div>&nbsp;</div>

<div>&nbsp;</div>

<div>&nbsp;</div>

<div>&nbsp;</div>

<div>&nbsp;</div>

<div>&nbsp;</div>

<div>&nbsp;</div>

<div>&nbsp;</div>

<div>&nbsp;</div>

<div>&nbsp;</div>

<div>&nbsp;</div>

<div>&nbsp;</div>

<div>&nbsp;</div>

<div>&nbsp;</div>

<div>&nbsp;</div>

<div>&nbsp;</div>

<div>&nbsp;</div>

<div>&nbsp;</div>

<div>&nbsp;</div>

<div>&nbsp;</div>

<div>&nbsp;</div>

<div>&nbsp;</div>

<div>&nbsp;</div>

<div>&nbsp;</div>

<div>&nbsp;</div>

<div>&nbsp;</div>

<div>&nbsp;</div>

<div>&nbsp;</div>

<div>&nbsp;</div>

<div>&nbsp;</div>

<div>&nbsp;</div>

<div>&nbsp;</div>

<div>&nbsp;</div>

<div>&nbsp;</div>

<div>&nbsp;</div>

<div>&nbsp;</div>

<div>&nbsp;</div>

<div>&nbsp;</div>

<div>&nbsp;</div>

<div>&nbsp;</div>

<div>&nbsp;</div>

<div>&nbsp;</div>

<div>&nbsp;</div>

<div>&nbsp;</div>

<div>&nbsp;</div>

<div>&nbsp;</div>

<div>&nbsp;</div>

<div>&nbsp;</div>

<div>&nbsp;</div>

<div>&nbsp;</div>

<div>&nbsp;</div>

<div>&nbsp;</div>

<div>&nbsp;</div>

<div>&nbsp;</div>

<div>&nbsp;</div>

<div>&nbsp;</div>

<div>&nbsp;</div>

<div>&nbsp;</div>

<div>&nbsp;</div>

<div>&nbsp;</div>

<div>&nbsp;</div>

<div>&nbsp;</div>

<div>&nbsp;</div>

<div>&nbsp;</div>

<div>&nbsp;</div>

<div>&nbsp;</div>

<div>&nbsp;</div>

<div>&nbsp;</div>

<div>&nbsp;</div>

<div>&nbsp;</div>

<div>&nbsp;</div>

<div>&nbsp;</div>

<div>&nbsp;</div>

<div>&nbsp;</div>

<div>&nbsp;</div>

<div>&nbsp;</div>

<div>&nbsp;</div>

<div>&nbsp;</div>

<div>&nbsp;</div>

<div>&nbsp;</div>

<div>&nbsp;</div>

<div>&nbsp;</div>

<div>&nbsp;</div>

<div>&nbsp;</div>

<div>&nbsp;</div>

<div>&nbsp;</div>

<div>&nbsp;</div>

<div>&nbsp;</div>

<div>&nbsp;</div>

<div>&nbsp;</div>

<div>&nbsp;</div>

<div>&nbsp;</div>

<div>&nbsp;</div>

<div>&nbsp;</div>

<div>&nbsp;</div>

<div>&nbsp;</div>

<div>&nbsp;</div>

<div>&nbsp;</div>

<div>&nbsp;</div>

<div>&nbsp;</div>

<div>&nbsp;</div>

<div>&nbsp;</div>

<div>&nbsp;</div>

<div>&nbsp;</div>

<div>&nbsp;</div>

<div>&nbsp;</div>

<div>&nbsp;</div>

<div>&nbsp;</div>

<div>&nbsp;</div>

<div>&nbsp;</div>

<div>&nbsp;</div>

<div>&nbsp;</div>

<div>&nbsp;</div>

<div>&nbsp;</div>

<div>&nbsp;</div>

<div>&nbsp;</div>

<div>&nbsp;</div>

<div>&nbsp;</div>

<div>&nbsp;</div>

<div>&nbsp;</div>

<div>&nbsp;</div>

<div>&nbsp;</div>

<div>&nbsp;</div>

<div>&nbsp;</div>

<div>&nbsp;</div>

<div>&nbsp;</div>

<div>&nbsp;</div>

<div>&nbsp;</div>

<div>&nbsp;</div>

<div>&nbsp;</div>

<div>&nbsp;</div>

<div>&nbsp;</div>

<div>&nbsp;</div>

<div>&nbsp;</div>

<div>&nbsp;</div>

<div>&nbsp;</div>

<div>&nbsp;</div>

<div>&nbsp;</div>

<div>&nbsp;</div>

<div>&nbsp;</div>

<div>&nbsp;</div>

<div>&nbsp;</div>

<div>&nbsp;</div>

<div>&nbsp;</div>

<div>&nbsp;</div>

<div>&nbsp;</div>

<div>&nbsp;</div>

<div>&nbsp;</div>

<div>&nbsp;</div>

<div>&nbsp;</div>

<div>&nbsp;</div>

<div>&nbsp;</div>

<div>&nbsp;</div>

<div>&nbsp;</div>

<div>&nbsp;</div>

<div>&nbsp;</div>

<div>&nbsp;</div>

<div>&nbsp;</div>

<div>&nbsp;</div>

<div>&nbsp;</div>

<div>&nbsp;</div>

<div>&nbsp;</div>

<div>&nbsp;</div>

<div>&nbsp;</div>

<div>&nbsp;</div>

<div>&nbsp;</div>

<div>&nbsp;</div>

<div>&nbsp;</div>

<div>&nbsp;</div>

<div>&nbsp;</div>

<div>&nbsp;</div>

<div>&nbsp;</div>

<div>&nbsp;</div>

<div>&nbsp;</div>

<div>&nbsp;</div>

<div>&nbsp;</div>

<div>&nbsp;</div>

<div>&nbsp;</div>

<div>&nbsp;</div>

<div>&nbsp;</div>

<div>&nbsp;</div>

<div>&nbsp;</div>

<div>&nbsp;</div>

<div>&nbsp;</div>

<div>&nbsp;</div>

<div>&nbsp;</div>

<div>&nbsp;</div>

<div>&nbsp;</div>

<div>&nbsp;</div>

<div>&nbsp;</div>

<div>&nbsp;</div>

<div>&nbsp;</div>

<div>&nbsp;</div>

<div>&nbsp;</div>

<div>&nbsp;</div>

<div>&nbsp;</div>

<div>&nbsp;</div>

<div>&nbsp;</div>

<div>&nbsp;</div>

<div>&nbsp;</div>

<div>&nbsp;</div>

<div>&nbsp;</div>

<div>&nbsp;</div>

<div>&nbsp;</div>

<div>&nbsp;</div>

<div>&nbsp;</div>

<div>&nbsp;</div>

<div>&nbsp;</div>

<div>&nbsp;</div>

<div>&nbsp;</div>

<div>&nbsp;</div>

<div>&nbsp;</div>

<div>&nbsp;</div>

<div>&nbsp;</div>

<div>&nbsp;</div>

<div>&nbsp;</div>

<div>&nbsp;</div>

<div>&nbsp;</div>

<div>&nbsp;</div>

<div>&nbsp;</div>

<div>&nbsp;</div>

<div>&nbsp;</div>

<div>&nbsp;</div>

<div>&nbsp;</div>

<div>&nbsp;</div>

<div>&nbsp;</div>

<div>&nbsp;</div>

<div>&nbsp;</div>

<div>&nbsp;</div>

<div>&nbsp;</div>

<div>&nbsp;</div>

<div>&nbsp;</div>

<div>&nbsp;</div>

<div>&nbsp;</div>

<div>&nbsp;</div>

<div>&nbsp;</div>

<div>&nbsp;</div>

<div>&nbsp;</div>

<div>&nbsp;</div>

<div>&nbsp;</div>

<div>&nbsp;</div>

<div>&nbsp;</div>

<div>&nbsp;</div>

<div>&nbsp;</div>

<div>&nbsp;</div>

<div>&nbsp;</div>

<div>&nbsp;</div>

<div>&nbsp;</div>

<div>&nbsp;</div>

<div>&nbsp;</div>

<div>&nbsp;</div>

<div>&nbsp;</div>

<div>&nbsp;</div>

<div>&nbsp;</div>

<div>&nbsp;</div>

<div>&nbsp;</div>

<div>&nbsp;</div>

<div>&nbsp;</div>

<div>&nbsp;</div>

<div>&nbsp;</div>

<div>&nbsp;</div>

<div>&nbsp;</div>

<div>&nbsp;</div>

<div>&nbsp;</div>

<div>&nbsp;</div>

<div>&nbsp;</div>

<div>&nbsp;</div>

<div>&nbsp;</div>

<div>&nbsp;</div>

<div>&nbsp;</div>

<div>&nbsp;</div>

<div>&nbsp;</div>

<div>&nbsp;</div>

<div>&nbsp;</div>

<div>&nbsp;</div>

<div>&nbsp;</div>

<div>&nbsp;</div>

<div>&nbsp;</div>

<div>&nbsp;</div>

<div>&nbsp;</div>

<div>&nbsp;</div>

<div>&nbsp;</div>

<div>&nbsp;</div>

<div>&nbsp;</div>

<div>&nbsp;</div>

<div>&nbsp;</div>

<div>&nbsp;</div>

<div>&nbsp;</div>

<div>&nbsp;</div>

<div>&nbsp;</div>

<div>&nbsp;</div>

<div>&nbsp;</div>

<div>&nbsp;</div>

<div>&nbsp;</div>

<div>&nbsp;</div>

<div>&nbsp;</div>

<div>&nbsp;</div>

<div>&nbsp;</div>

<div>&nbsp;</div>

<div>&nbsp;</div>

<div>&nbsp;</div>

<div>&nbsp;</div>

<div>&nbsp;</div>

<div>&nbsp;</div>

<div>&nbsp;</div>

<div>&nbsp;</div>

<div>&nbsp;</div>

<div>&nbsp;</div>

<div>&nbsp;</div>

<div>&nbsp;</div>

<div>&nbsp;</div>

<div>&nbsp;</div>

<div>&nbsp;</div>

<div>&nbsp;</div>

<div>&nbsp;</div>

<div>&nbsp;</div>

<div>&nbsp;</div>

<div>&nbsp;</div>

<div>&nbsp;</div>

<div>&nbsp;</div>

<div>&nbsp;</div>

<div>&nbsp;</div>

<div>&nbsp;</div>

<div>&nbsp;</div>

<div>&nbsp;</div>

<div>&nbsp;</div>

<div>&nbsp;</div>

<div>&nbsp;</div>

<div>&nbsp;</div>

<div>&nbsp;</div>

<div>&nbsp;</div>

<div>&nbsp;</div>

<div>&nbsp;</div>

<div>&nbsp;</div>

<div>&nbsp;</div>

<div>&nbsp;</div>

<div>&nbsp;</div>

<div>&nbsp;</div>

<div>&nbsp;</div>

<div>&nbsp;</div>

<div>&nbsp;</div>

<div>&nbsp;</div>

<div>&nbsp;</div>

<div>&nbsp;</div>

<div>&nbsp;</div>

<div>&nbsp;</div>

<div>&nbsp;</div>

<div>&nbsp;</div>

<div>&nbsp;</div>

<div>&nbsp;</div>

<div>&nbsp;</div>

<div>&nbsp;</div>

<div>&nbsp;</div>

<div>&nbsp;</div>

<div>&nbsp;</div>

<div>&nbsp;</div>

<div>&nbsp;</div>

<div>&nbsp;</div>

<div>&nbsp;</div>

<div>&nbsp;</div>

<div>&nbsp;</div>

<div>&nbsp;</div>

<div>&nbsp;</div>

<div>&nbsp;</div>

<div>&nbsp;</div>

<div>&nbsp;</div>

<div>&nbsp;</div>

<div>&nbsp;</div>

<div>&nbsp;</div>

<div>&nbsp;</div>

<div>&nbsp;</div>

<div>&nbsp;</div>

<div>&nbsp;</div>

<div>&nbsp;</div>

<div>&nbsp;</div>

<div>&nbsp;</div>

<div>&nbsp;</div>

<div>&nbsp;</div>

<div>&nbsp;</div>

<div>&nbsp;</div>

<div>&nbsp;</div>

<div>&nbsp;</div>

<div>&nbsp;</div>

<div>&nbsp;</div>

<div>&nbsp;</div>

<div>&nbsp;</div>

<div>&nbsp;</div>

<div>&nbsp;</div>

<div>&nbsp;</div>

<div>&nbsp;</div>

<div>&nbsp;</div>

<div>&nbsp;</div>

<div>&nbsp;</div>

<div>&nbsp;</div>

<div>&nbsp;</div>

<div>&nbsp;</div>

<div>&nbsp;</div>

<div>&nbsp;</div>

<div>&nbsp;</div>

<div>&nbsp;</div>

<div>&nbsp;</div>

<div>&nbsp;</div>

<div>&nbsp;</div>

<div>&nbsp;</div>

<div>&nbsp;</div>

<div>&nbsp;</div>

<div>&nbsp;</div>

<div>&nbsp;</div>

<div>&nbsp;</div>

<div>&nbsp;</div>

<div>&nbsp;</div>

<div>&nbsp;</div>

<div>&nbsp;</div>

<div>&nbsp;</div>

<div>&nbsp;</div>

<div>&nbsp;</div>

<div>&nbsp;</div>

<div>&nbsp;</div>

<div>&nbsp;</div>

<div>&nbsp;</div>

<div>&nbsp;</div>

<div>&nbsp;</div>

<div>&nbsp;</div>

<div>&nbsp;</div>

<div>&nbsp;</div>

<div>&nbsp;</div>

<div>&nbsp;</div>

<div>&nbsp;</div>

<div>&nbsp;</div>

<div>&nbsp;</div>

<div>&nbsp;</div>

<div>&nbsp;</div>

<div>&nbsp;</div>

<div>&nbsp;</div>

<div>&nbsp;</div>

<div>&nbsp;</div>

<div>&nbsp;</div>

<div>&nbsp;</div>

<div>&nbsp;</div>

<div>&nbsp;</div>

<div>&nbsp;</div>

<div>&nbsp;</div>

<div>&nbsp;</div>

<div>&nbsp;</div>

<div>&nbsp;</div>

<div>&nbsp;</div>

<div>&nbsp;</div>

<div>&nbsp;</div>

<div>&nbsp;</div>

<div>&nbsp;</div>

<div>&nbsp;</div>

<div>&nbsp;</div>

<div>&nbsp;</div>

<div>&nbsp;</div>

<div>&nbsp;</div>

<div>&nbsp;</div>

<div>&nbsp;</div>

<div>&nbsp;</div>

<div>&nbsp;</div>

<div>&nbsp;</div>

<div>&nbsp;</div>

<div>&nbsp;</div>

<div>&nbsp;</div>

<div>&nbsp;</div>

<div>&nbsp;</div>

<div>&nbsp;</div>

<div>&nbsp;</div>

<div>&nbsp;</div>

<div>&nbsp;</div>

<div>&nbsp;</div>

<div>&nbsp;</div>

<div>&nbsp;</div>

<div>&nbsp;</div>

<div>&nbsp;</div>

<div>&nbsp;</div>

<div>&nbsp;</div>

<div>&nbsp;</div>

<div>&nbsp;</div>

<div>&nbsp;</div>

<div>&nbsp;</div>

<div>&nbsp;</div>

<div>&nbsp;</div>

<div>&nbsp;</div>

<div>&nbsp;</div>

<div>&nbsp;</div>

<div>&nbsp;</div>

<div>&nbsp;</div>

<div>&nbsp;</div>

<div>&nbsp;</div>

<div>&nbsp;</div>

<div>&nbsp;</div>

<div>&nbsp;</div>

<div>&nbsp;</div>

<div>&nbsp;</div>

<div>&nbsp;</div>

<div>&nbsp;</div>

<div>&nbsp;</div>

<div>&nbsp;</div>

<div>&nbsp;</div>

<div>&nbsp;</div>

<div>&nbsp;</div>

<div>&nbsp;</div>

<div>&nbsp;</div>

<div>&nbsp;</div>

<div>&nbsp;</div>

<div>&nbsp;</div>

<div>&nbsp;</div>

<div>&nbsp;</div>

<div>&nbsp;</div>

<div>&nbsp;</div>

<div>&nbsp;</div>

<div>&nbsp;</div>

<div>&nbsp;</div>

<div>&nbsp;</div>

<div>&nbsp;</div>

<div>&nbsp;</div>

<div>&nbsp;</div>

<div>&nbsp;</div>

<div>&nbsp;</div>

<div>&nbsp;</div>

<div>&nbsp;</div>

<div>&nbsp;</div>

<div>&nbsp;</div>

<div>&nbsp;</div>

<div>&nbsp;</div>

<div>&nbsp;</div>

<div>&nbsp;</div>

<div>&nbsp;</div>

<div>&nbsp;</div>

<div>&nbsp;</div>

<div>&nbsp;</div>

<div>&nbsp;</div>

<div>&nbsp;</div>

<div>&nbsp;</div>

<div>&nbsp;</div>

<div>&nbsp;</div>

<div>&nbsp;</div>

<div>&nbsp;</div>

<div>&nbsp;</div>

<div>&nbsp;</div>

<div>&nbsp;</div>

<div>&nbsp;</div>

<div>&nbsp;</div>

<div>&nbsp;</div>

<div>&nbsp;</div>

<div>&nbsp;</div>

<div>&nbsp;</div>

<div>&nbsp;</div>

<div>&nbsp;</div>

<div>&nbsp;</div>

<div>&nbsp;</div>

<div>&nbsp;</div>

<div>&nbsp;</div>

<div>&nbsp;</div>

<div>&nbsp;</div>

<div>&nbsp;</div>

<div>&nbsp;</div>

<div>&nbsp;</div>

<div>&nbsp;</div>

<div>&nbsp;</div>

<div>&nbsp;</div>

<div>&nbsp;</div>

<div>&nbsp;</div>

<div>&nbsp;</div>

<div>&nbsp;</div>

<div>&nbsp;</div>

<div>&nbsp;</div>

<div>&nbsp;</div>

<div>&nbsp;</div>

<div>&nbsp;</div>

<div>&nbsp;</div>

<div>&nbsp;</div>

<div>&nbsp;</div>

<div>&nbsp;</div>

<div>&nbsp;</div>

<div>&nbsp;</div>

<div>&nbsp;</div>

<div>&nbsp;</div>

<div>&nbsp;</div>

<div>&nbsp;</div>

<div>&nbsp;</div>

<div>&nbsp;</div>

<div>&nbsp;</div>

<div>&nbsp;</div>

<div>&nbsp;</div>

<div>&nbsp;</div>

<div>&nbsp;</div>

<div>&nbsp;</div>

<div>&nbsp;</div>

<div>&nbsp;</div>

<div>&nbsp;</div>

<div>&nbsp;</div>

<div>&nbsp;</div>

<div>&nbsp;</div>

<div>&nbsp;</div>

<div>&nbsp;</div>

<div>&nbsp;</div>

<div>&nbsp;</div>

<div>&nbsp;</div>

<div>&nbsp;</div>

<div>&nbsp;</div>

<div>&nbsp;</div>

<div>&nbsp;</div>

<div>&nbsp;</div>

<div>&nbsp;</div>

<div>&nbsp;</div>

<div>&nbsp;</div>

<div>&nbsp;</div>

<div>&nbsp;</div>

<div>&nbsp;</div>

<div>&nbsp;</div>

<div>&nbsp;</div>

<div>&nbsp;</div>

<div>&nbsp;</div>

<div>&nbsp;</div>

<div>&nbsp;</div>

<div>&nbsp;</div>

<div>&nbsp;</div>

<div>&nbsp;</div>

<div>&nbsp;</div>

<div>&nbsp;</div>

<div>&nbsp;</div>

<div>&nbsp;</div>

<div>&nbsp;</div>

<div>&nbsp;</div>

<div>&nbsp;</div>

<div>&nbsp;</div>

<div>&nbsp;</div>

<div>&nbsp;</div>

<div>&nbsp;</div>

<div>&nbsp;</div>

<div>&nbsp;</div>

<div>&nbsp;</div>

<div>&nbsp;</div>

<div>&nbsp;</div>

<div>&nbsp;</div>

<div>&nbsp;</div>

<div>&nbsp;</div>

<div>&nbsp;</div>

<div>&nbsp;</div>

<div>&nbsp;</div>

<div>&nbsp;</div>

<div>&nbsp;</div>

<div>&nbsp;</div>

<div>&nbsp;</div>

<div>&nbsp;</div>

<div>&nbsp;</div>

<div>&nbsp;</div>

<div>&nbsp;</div>

<div>&nbsp;</div>

<div>&nbsp;</div>

<div>&nbsp;</div>

<div>&nbsp;</div>

<div>&nbsp;</div>

<div>&nbsp;</div>

<div>&nbsp;</div>

<div>&nbsp;</div>

<div>&nbsp;</div>

<div>&nbsp;</div>

<div>&nbsp;</div>

<div>&nbsp;</div>

<div>&nbsp;</div>

<div>&nbsp;</div>

<div>&nbsp;</div>

<div>&nbsp;</div>

<div>&nbsp;</div>

<div>&nbsp;</div>

<div>&nbsp;</div>

<div>&nbsp;</div>

<div>&nbsp;</div>

<div>&nbsp;</div>

<div>&nbsp;</div>

<div>&nbsp;</div>

<div>&nbsp;</div>

<div>&nbsp;</div>

<div>&nbsp;</div>

<div>&nbsp;</div>

<div>&nbsp;</div>

<div>&nbsp;</div>

<div>&nbsp;</div>

<div>&nbsp;</div>

<div>&nbsp;</div>

<div>&nbsp;</div>

<div>&nbsp;</div>

<div>&nbsp;</div>

<div>&nbsp;</div>

<div>&nbsp;</div>

<div>&nbsp;</div>

<div>&nbsp;</div>

<div>&nbsp;</div>

<div>&nbsp;</div>

<div>&nbsp;</div>

<div>&nbsp;</div>

<div>&nbsp;</div>

<div>&nbsp;</div>

<div>&nbsp;</div>

<div>&nbsp;</div>

<div>&nbsp;</div>

<div>&nbsp;</div>

<div>&nbsp;</div>

<div>&nbsp;</div>

<div>&nbsp;</div>

<div>&nbsp;</div>

<div>&nbsp;</div>

<div>&nbsp;</div>

<div>&nbsp;</div>

<div>&nbsp;</div>

<div>&nbsp;</div>

<div>&nbsp;</div>

<div>&nbsp;</div>

<div>&nbsp;</div>

<div>&nbsp;</div>

<div>&nbsp;</div>

<div>&nbsp;</div>

<div>&nbsp;</div>

<div>&nbsp;</div>

<div>&nbsp;</div>

<div>&nbsp;</div>

<div>&nbsp;</div>

<div>&nbsp;</div>

<div>&nbsp;</div>

<div>&nbsp;</div>

<div>&nbsp;</div>

<div>&nbsp;</div>

<div>&nbsp;</div>

<div>&nbsp;</div>

<div>&nbsp;</div>

<div>&nbsp;</div>

<div>&nbsp;</div>

<div>&nbsp;</div>

<div>&nbsp;</div>

<div>&nbsp;</div>

<div>&nbsp;</div>

<div>&nbsp;</div>

<div>&nbsp;</div>

<div>&nbsp;</div>

<div>&nbsp;</div>

<div>&nbsp;</div>

<div>&nbsp;</div>

<div>&nbsp;</div>

<div>&nbsp;</div>

<div>&nbsp;</div>

<div>&nbsp;</div>

<div>&nbsp;</div>

<div>&nbsp;</div>

<div>&nbsp;</div>

<div>&nbsp;</div>

<div>&nbsp;</div>

<div>&nbsp;</div>

<div>&nbsp;</div>

<div>&nbsp;</div>

<div>&nbsp;</div>

<div>&nbsp;</div>

<div>&nbsp;</div>

<div>&nbsp;</div>

<div>&nbsp;</div>

<div>&nbsp;</div>

<div>&nbsp;</div>

<div>&nbsp;</div>

<div>&nbsp;</div>

<div>&nbsp;</div>

<div>&nbsp;</div>

<div>&nbsp;</div>

<div>&nbsp;</div>

<div>&nbsp;</div>

<div>&nbsp;</div>

<div>&nbsp;</div>

<div>&nbsp;</div>

<div>&nbsp;</div>

<div>&nbsp;</div>

<div>&nbsp;</div>

<div>&nbsp;</div>

<div>&nbsp;</div>

<div>&nbsp;</div>

<div>&nbsp;</div>

<div>&nbsp;</div>

<div>&nbsp;</div>

<div>&nbsp;</div>

<div>&nbsp;</div>

<div>&nbsp;</div>

<div>&nbsp;</div>

<div>&nbsp;</div>

<div>&nbsp;</div>

<div>&nbsp;</div>

<div>&nbsp;</div>

<div>&nbsp;</div>

<div>&nbsp;</div>

<div>&nbsp;</div>

<div>&nbsp;</div>

<div>&nbsp;</div>

<div>&nbsp;</div>

<div>&nbsp;</div>

<div>&nbsp;</div>

<div>&nbsp;</div>

<div>&nbsp;</div>

<div>&nbsp;</div>

<div>&nbsp;</div>

<div>&nbsp;</div>

<div>&nbsp;</div>

<div>&nbsp;</div>

<div>&nbsp;</div>

<div>&nbsp;</div>

<div>&nbsp;</div>

<div>&nbsp;</div>

<div>&nbsp;</div>

<div>&nbsp;</div>

<div>&nbsp;</div>

<div>&nbsp;</div>

<div>&nbsp;</div>

<div>&nbsp;</div>

<div>&nbsp;</div>

<div>&nbsp;</div>

<div>&nbsp;</div>

<div>&nbsp;</div>

<div>&nbsp;</div>

<div>&nbsp;</div>

<div>&nbsp;</div>

<div>&nbsp;</div>

<div>&nbsp;</div>

<div>&nbsp;</div>

<div>&nbsp;</div>

<div>&nbsp;</div>

<div>&nbsp;</div>

<div>&nbsp;</div>

<div>&nbsp;</div>

<div>&nbsp;</div>

<div>&nbsp;</div>

<div>&nbsp;</div>

<div>&nbsp;</div>

<div>&nbsp;</div>

<div>&nbsp;</div>

<div>&nbsp;</div>

<div>&nbsp;</div>

<div>&nbsp;</div>

<div>&nbsp;</div>

<div>&nbsp;</div>

<div>&nbsp;</div>

<div>&nbsp;</div>

<div>&nbsp;</div>

<div>&nbsp;</div>

<div>&nbsp;</div>

<div>&nbsp;</div>

<div>&nbsp;</div>

<div>&nbsp;</div>

<div>&nbsp;</div>

<div>&nbsp;</div>

<div>&nbsp;</div>

<div>&nbsp;</div>

<div>&nbsp;</div>

<div>&nbsp;</div>

<div>&nbsp;</div>

<div>&nbsp;</div>

<div>&nbsp;</div>

<div>&nbsp;</div>

<div>&nbsp;</div>

<div>&nbsp;</div>

<div>&nbsp;</div>

<div>&nbsp;</div>

<div>&nbsp;</div>

<div>&nbsp;</div>

<div>&nbsp;</div>

<div>&nbsp;</div>

<div>&nbsp;</div>

<div>&nbsp;</div>

<div>&nbsp;</div>

<div>&nbsp;</div>

<div>&nbsp;</div>

<div>&nbsp;</div>

<div>&nbsp;</div>

<div>&nbsp;</div>

<div>&nbsp;</div>

<div>&nbsp;</div>

<div>&nbsp;</div>

<div>&nbsp;</div>

<div>&nbsp;</div>

<div>&nbsp;</div>

<div>&nbsp;</div>

<div>&nbsp;</div>

<div>&nbsp;</div>

<div>&nbsp;</div>

<div>&nbsp;</div>

<div>&nbsp;</div>

<div>&nbsp;</div>

<div>&nbsp;</div>

<div>&nbsp;</div>

<div>&nbsp;</div>

<div>&nbsp;</div>

<div>&nbsp;</div>

<div>&nbsp;</div>

<div>&nbsp;</div>

<div>&nbsp;</div>

<div>&nbsp;</div>

<div>&nbsp;</div>

<div>&nbsp;</div>

<div>&nbsp;</div>

<div>&nbsp;</div>

<div>&nbsp;</div>

<div>&nbsp;</div>

<div>&nbsp;</div>

<div>&nbsp;</div>

<div>&nbsp;</div>

<div>&nbsp;</div>

<div>&nbsp;</div>

<div>&nbsp;</div>

<div>&nbsp;</div>

<div>&nbsp;</div>

<div>&nbsp;</div>

<div>&nbsp;</div>

<div>&nbsp;</div>

<div>&nbsp;</div>

<div>&nbsp;</div>

<div>&nbsp;</div>

<div>&nbsp;</div>

<div>&nbsp;</div>

<div>&nbsp;</div>

<div>&nbsp;</div>

<div>&nbsp;</div>

<div>&nbsp;</div>

<div>&nbsp;</div>

<div>&nbsp;</div>

<div>&nbsp;</div>

<div>&nbsp;</div>

<div>&nbsp;</div>

<div>&nbsp;</div>

<div>&nbsp;</div>

<div>&nbsp;</div>

<div>&nbsp;</div>

<div>&nbsp;</div>

<div>&nbsp;</div>

<div>&nbsp;</div>

<div>&nbsp;</div>

<div>&nbsp;</div>

<div>&nbsp;</div>

<div>&nbsp;</div>

<div>&nbsp;</div>

<div>&nbsp;</div>

<div>&nbsp;</div>

<div>&nbsp;</div>

<div>&nbsp;</div>

<div>&nbsp;</div>

<div>&nbsp;</div>

<div>&nbsp;</div>

<div>&nbsp;</div>

<div>&nbsp;</div>

<div>&nbsp;</div>

<div>&nbsp;</div>

<div>&nbsp;</div>

<div>&nbsp;</div>

<div>&nbsp;</div>

<div>&nbsp;</div>

<div>&nbsp;</div>

<div>&nbsp;</div>

<div>&nbsp;</div>

<div>&nbsp;</div>

<div>&nbsp;</div>

<div>&nbsp;</div>

<div>&nbsp;</div>

<div>&nbsp;</div>

<div>&nbsp;</div>

<div>&nbsp;</div>

<div>&nbsp;</div>

<div>&nbsp;</div>

<div>&nbsp;</div>

<div>&nbsp;</div>

<div>&nbsp;</div>

<div>&nbsp;</div>

<div>&nbsp;</div>

<div>&nbsp;</div>

<div>&nbsp;</div>

<div>&nbsp;</div>

<div>&nbsp;</div>

<div>&nbsp;</div>

<div>&nbsp;</div>

<div>&nbsp;</div>

<div>&nbsp;</div>

<div>&nbsp;</div>

<div>&nbsp;</div>

<div>&nbsp;</div>

<div>&nbsp;</div>

<div>&nbsp;</div>

<div>&nbsp;</div>

<div>&nbsp;</div>

<div>&nbsp;</div>

<div>&nbsp;</div>

<div>&nbsp;</div>

<div>&nbsp;</div>

<div>&nbsp;</div>

<div>&nbsp;</div>

<div>&nbsp;</div>

<div>&nbsp;</div>

<div>&nbsp;</div>

<div>&nbsp;</div>

<div>&nbsp;</div>

<div>&nbsp;</div>

<div>&nbsp;</div>

<div>&nbsp;</div>

<div>&nbsp;</div>

<div>&nbsp;</div>

<div>&nbsp;</div>

<div>&nbsp;</div>

<div>&nbsp;</div>

<div>&nbsp;</div>

<div>&nbsp;</div>

<div>&nbsp;</div>

<div>&nbsp;</div>

<div>&nbsp;</div>

<div>&nbsp;</div>

<div>&nbsp;</div>

<div>&nbsp;</div>

<div>&nbsp;</div>

<div>&nbsp;</div>

<div>&nbsp;</div>

<div>&nbsp;</div>

<div>&nbsp;</div>

<div>&nbsp;</div>

<div>&nbsp;</div>

<div>&nbsp;</div>

<div>&nbsp;</div>

<div>&nbsp;</div>

<div>&nbsp;</div>

<div>&nbsp;</div>

<div>&nbsp;</div>

<div>&nbsp;</div>

<div>&nbsp;</div>

<div>&nbsp;</div>

<div>&nbsp;</div>

<div>&nbsp;</div>

<div>&nbsp;</div>

<div>&nbsp;</div>

<div>&nbsp;</div>

<div>&nbsp;</div>

<div>&nbsp;</div>

<div>&nbsp;</div>

<div>&nbsp;</div>

<div>&nbsp;</div>

<div>&nbsp;</div>

<div>&nbsp;</div>

<div>&nbsp;</div>

<div>&nbsp;</div>

<div>&nbsp;</div>

<div>&nbsp;</div>

<div>&nbsp;</div>

<div>&nbsp;</div>

<div>&nbsp;</div>

<div>&nbsp;</div>

<div>&nbsp;</div>

<div>&nbsp;</div>

<div>&nbsp;</div>

<div>&nbsp;</div>

<div>&nbsp;</div>

<div>&nbsp;</div>

<div>&nbsp;</div>

<div>&nbsp;</div>

<div>&nbsp;</div>

<div>&nbsp;</div>

<div>&nbsp;</div>

<div>&nbsp;</div>

<div>&nbsp;</div>

<div>&nbsp;</div>

<div>&nbsp;</div>

<div>&nbsp;</div>

<div>&nbsp;</div>

<div>&nbsp;</div>

<div>&nbsp;</div>

<div>&nbsp;</div>

<div>&nbsp;</div>

<div>&nbsp;</div>

<div>&nbsp;</div>

<div>&nbsp;</div>

<div>&nbsp;</div>

<div>&nbsp;</div>

<div>&nbsp;</div>

<div>&nbsp;</div>

<div>&nbsp;</div>

<div>&nbsp;</div>

<div>&nbsp;</div>

<div>&nbsp;</div>

<div>&nbsp;</div>

<div>&nbsp;</div>

<div>&nbsp;</div>

<div>&nbsp;</div>

<div>&nbsp;</div>

<div>&nbsp;</div>

<div>&nbsp;</div>

<div>&nbsp;</div>

<div>&nbsp;</div>

<div>&nbsp;</div>

<div>&nbsp;</div>

<div>&nbsp;</div>

<div>&nbsp;</div>

<div>&nbsp;</div>

<div>&nbsp;</div>

<div>&nbsp;</div>

<div>&nbsp;</div>

<div>&nbsp;</div>

<div>&nbsp;</div>

<div>&nbsp;</div>

<div>&nbsp;</div>

<div>&nbsp;</div>

<div>&nbsp;</div>

<div>&nbsp;</div>

<div>&nbsp;</div>

<div>&nbsp;</div>

<div>&nbsp;</div>

<div>&nbsp;</div>

<div>&nbsp;</div>

<div>&nbsp;</div>

<div>&nbsp;</div>

<div>&nbsp;</div>

<div>&nbsp;</div>

<div>&nbsp;</div>

<div>&nbsp;</div>

<div>&nbsp;</div>

<div>&nbsp;</div>

<div>&nbsp;</div>

<div>&nbsp;</div>

<div>&nbsp;</div>

<div>&nbsp;</div>

<div>&nbsp;</div>

<div>&nbsp;</div>

<div>&nbsp;</div>

<div>&nbsp;</div>

<div>&nbsp;</div>

<div>&nbsp;</div>

<div>&nbsp;</div>

<div>&nbsp;</div>

<div>&nbsp;</div>

<div>&nbsp;</div>

<div>&nbsp;</div>

<div>&nbsp;</div>

<div>&nbsp;</div>

<div>&nbsp;</div>

<div>&nbsp;</div>

<div>&nbsp;</div>

<div>&nbsp;</div>

<div>&nbsp;</div>

<div>&nbsp;</div>

<div>&nbsp;</div>

<div>&nbsp;</div>

<div>&nbsp;</div>

<div>&nbsp;</div>

<div>&nbsp;</div>

<div>&nbsp;</div>

<div>&nbsp;</div>

<div>&nbsp;</div>

<div>&nbsp;</div>

<div>&nbsp;</div>

<div>&nbsp;</div>

<div>&nbsp;</div>

<div>&nbsp;</div>

<div>&nbsp;</div>

<div>&nbsp;</div>

<div>&nbsp;</div>

<div>&nbsp;</div>

<div>&nbsp;</div>

<div>&nbsp;</div>

<div>&nbsp;</div>

<div>&nbsp;</div>

<div>&nbsp;</div>

<div>&nbsp;</div>

<div>&nbsp;</div>

<div>&nbsp;</div>

<div>&nbsp;</div>

<div>&nbsp;</div>

<div>&nbsp;</div>

<div>&nbsp;</div>

<div>&nbsp;</div>

<div>&nbsp;</div>

<div>&nbsp;</div>

<div>&nbsp;</div>

<div>&nbsp;</div>

<div>&nbsp;</div>

<div>&nbsp;</div>

<div>&nbsp;</div>

<div>&nbsp;</div>

<div>&nbsp;</div>

<div>&nbsp;</div>

<div>&nbsp;</div>

<div>&nbsp;</div>

<div>&nbsp;</div>

<div>&nbsp;</div>

<div>&nbsp;</div>

<div>&nbsp;</div>

<div>&nbsp;</div>

<div>&nbsp;</div>

<div>&nbsp;</div>

<div>&nbsp;</div>

<div>&nbsp;</div>

<div>&nbsp;</div>

<div>&nbsp;</div>

<div>&nbsp;</div>

<div>&nbsp;</div>

<div>&nbsp;</div>

<div>&nbsp;</div>

<div>&nbsp;</div>

<div>&nbsp;</div>

<div>&nbsp;</div>

<div>&nbsp;</div>

<div>&nbsp;</div>

<div>&nbsp;</div>

<div>&nbsp;</div>

<div>&nbsp;</div>

<div>&nbsp;</div>

<div>&nbsp;</div>

<div>&nbsp;</div>

<div>&nbsp;</div>

<div>&nbsp;</div>

<div>&nbsp;</div>

<div>&nbsp;</div>

<div>&nbsp;</div>

<div>&nbsp;</div>

<div>&nbsp;</div>

<div>&nbsp;</div>

<div>&nbsp;</div>

<div>&nbsp;</div>

<div>&nbsp;</div>

<div>&nbsp;</div>

<div>&nbsp;</div>

<div>&nbsp;</div>

<div>&nbsp;</div>

<div>&nbsp;</div>

<div>&nbsp;</div>

<div>&nbsp;</div>

<div>&nbsp;</div>

<div>&nbsp;</div>

<div>&nbsp;</div>

<div>&nbsp;</div>

<div>&nbsp;</div>

<div>&nbsp;</div>

<div>&nbsp;</div>

<div>&nbsp;</div>

<div>&nbsp;</div>

<div>&nbsp;</div>

<div>&nbsp;</div>

<div>&nbsp;</div>

<div>&nbsp;</div>

<div>&nbsp;</div>

<div>&nbsp;</div>

<div>&nbsp;</div>

<div>&nbsp;</div>

<div>&nbsp;</div>

<div>&nbsp;</div>

<div>&nbsp;</div>

<div>&nbsp;</div>

<div>&nbsp;</div>

<div>&nbsp;</div>

<div>&nbsp;</div>

<div>&nbsp;</div>

<div>&nbsp;</div>

<div>&nbsp;</div>

<div>&nbsp;</div>

<div>&nbsp;</div>

<div>&nbsp;</div>

<div>&nbsp;</div>

<div>&nbsp;</div>

<div>&nbsp;</div>

<div>&nbsp;</div>

<div>&nbsp;</div>

<div>&nbsp;</div>

<div>&nbsp;</div>

<div>&nbsp;</div>

<div>&nbsp;</div>

<div>&nbsp;</div>

<div>&nbsp;</div>

<div>&nbsp;</div>

<div>&nbsp;</div>

<div>&nbsp;</div>

<div>&nbsp;</div>

<div>&nbsp;</div>

<div>&nbsp;</div>

<div>&nbsp;</div>

<div>&nbsp;</div>

<div>&nbsp;</div>

<div>&nbsp;</div>

<div>&nbsp;</div>

<div>&nbsp;</div>

<div>&nbsp;</div>

<div>&nbsp;</div>

<div>&nbsp;</div>

<div>&nbsp;</div>

<div>&nbsp;</div>

<div>&nbsp;</div>

<div>&nbsp;</div>

<div>&nbsp;</div>

<div>&nbsp;</div>

<div>&nbsp;</div>

<div>&nbsp;</div>

<div>&nbsp;</div>

<div>&nbsp;</div>

<div>&nbsp;</div>

<div>&nbsp;</div>

<div>&nbsp;</div>

<div>&nbsp;</div>

<div>&nbsp;</div>

<div>&nbsp;</div>

<div>&nbsp;</div>

<div>&nbsp;</div>

<div>&nbsp;</div>

<div>&nbsp;</div>

<div>&nbsp;</div>

<div>&nbsp;</div>

<div>&nbsp;</div>

<div>&nbsp;</div>

<div>&nbsp;</div>

<div>&nbsp;</div>

<div>&nbsp;</div>

<div>&nbsp;</div>

<div>&nbsp;</div>

<div>&nbsp;</div>

<div>&nbsp;</div>

<div>&nbsp;</div>

<div>&nbsp;</div>

<div>&nbsp;</div>

<div>&nbsp;</div>

<div>&nbsp;</div>

<div>&nbsp;</div>

<div>&nbsp;</div>

<div>&nbsp;</div>

<div>&nbsp;</div>

<div>&nbsp;</div>

<div>&nbsp;</div>

<div>&nbsp;</div>

<div>&nbsp;</div>

<div>&nbsp;</div>

<div>&nbsp;</div>

<div>&nbsp;</div>

<div>&nbsp;</div>

<div>&nbsp;</div>

<div>&nbsp;</div>

<div>&nbsp;</div>

<div>&nbsp;</div>

<div>&nbsp;</div>

<div>&nbsp;</div>

<div>&nbsp;</div>

<div>&nbsp;</div>

<div>&nbsp;</div>

<div>&nbsp;</div>

<div>&nbsp;</div>

<div>&nbsp;</div>

<div>&nbsp;</div>

<div>&nbsp;</div>

<div>&nbsp;</div>

<div>&nbsp;</div>

<div>&nbsp;</div>

<div>&nbsp;</div>

<div>&nbsp;</div>

<div>&nbsp;</div>

<div>&nbsp;</div>

<div>&nbsp;</div>

<div>&nbsp;</div>

<div>&nbsp;</div>

<div>&nbsp;</div>

<div>&nbsp;</div>

<div>&nbsp;</div>

<div>&nbsp;</div>

<div>&nbsp;</div>

<div>&nbsp;</div>

<div>&nbsp;</div>

<div>&nbsp;</div>

<div>&nbsp;</div>

<div>&nbsp;</div>

<div>&nbsp;</div>

<div>&nbsp;</div>

<div>&nbsp;</div>

<div>&nbsp;</div>

<div>&nbsp;</div>

<div>&nbsp;</div>

<div>&nbsp;</div>

<div>&nbsp;</div>

<div>&nbsp;</div>

<div>&nbsp;</div>

<div>&nbsp;</div>

<div>&nbsp;</div>

<div>&nbsp;</div>

<div>&nbsp;</div>

<div>&nbsp;</div>

<div>&nbsp;</div>

<div>&nbsp;</div>

<div>&nbsp;</div>

<div>&nbsp;</div>

<div>&nbsp;</div>

<div>&nbsp;</div>

<div>&nbsp;</div>

<div>&nbsp;</div>

<div>&nbsp;</div>

<div>&nbsp;</div>

<div>&nbsp;</div>

<div>&nbsp;</div>

<div>&nbsp;</div>

<div>&nbsp;</div>

<div>&nbsp;</div>

<div>&nbsp;</div>

<div>&nbsp;</div>

<div>&nbsp;</div>

<div>&nbsp;</div>

<div>&nbsp;</div>

<div>&nbsp;</div>

<div>&nbsp;</div>

<div>&nbsp;</div>

<div>&nbsp;</div>

<div>&nbsp;</div>

<div>&nbsp;</div>

<div>&nbsp;</div>

<div>&nbsp;</div>

<div>&nbsp;</div>

<div>&nbsp;</div>

<div>&nbsp;</div>

<div>&nbsp;</div>

<div>&nbsp;</div>

<div>&nbsp;</div>

<div>&nbsp;</div>

<div>&nbsp;</div>

<div>&nbsp;</div>

<div>&nbsp;</div>

<div>&nbsp;</div>

<div>&nbsp;</div>

<div>&nbsp;</div>

<div>&nbsp;</div>

<div>&nbsp;</div>

<div>&nbsp;</div>

<div>&nbsp;</div>

<div>&nbsp;</div>

<div>&nbsp;</div>

<div>&nbsp;</div>

<div>&nbsp;</div>

<div>&nbsp;</div>

<div>&nbsp;</div>

<div>&nbsp;</div>

<div>&nbsp;</div>

<div>&nbsp;</div>

<div>&nbsp;</div>

<div>&nbsp;</div>

<div>&nbsp;</div>

<div>&nbsp;</div>

<div>&nbsp;</div>

<div>&nbsp;</div>

<div>&nbsp;</div>

<div>&nbsp;</div>

<div>&nbsp;</div>

<div>&nbsp;</div>

<div>&nbsp;</div>

<div>&nbsp;</div>

<div>&nbsp;</div>

<div>&nbsp;</div>

<div>&nbsp;</div>

<div>&nbsp;</div>

<div>&nbsp;</div>

<div>&nbsp;</div>

<div>&nbsp;</div>

<div>&nbsp;</div>

<div>&nbsp;</div>

<div>&nbsp;</div>

<div>&nbsp;</div>

<div>&nbsp;</div>

<div>&nbsp;</div>

<div>&nbsp;</div>

<div>&nbsp;</div>

<div>&nbsp;</div>

<div>&nbsp;</div>

<div>&nbsp;</div>

<div>&nbsp;</div>

<div>&nbsp;</div>

<div>&nbsp;</div>

<div>&nbsp;</div>

<div>&nbsp;</div>

<div>&nbsp;</div>

<div>&nbsp;</div>

<div>&nbsp;</div>

<div>&nbsp;</div>

<div>&nbsp;</div>

<div>&nbsp;</div>

<div>&nbsp;</div>

<div>&nbsp;</div>

<div>&nbsp;</div>

<div>&nbsp;</div>

<div>&nbsp;</div>

<div>&nbsp;</div>

<div>&nbsp;</div>

<div>&nbsp;</div>

<div>&nbsp;</div>

<div>&nbsp;</div>

<div>&nbsp;</div>

<div>&nbsp;</div>

<div>&nbsp;</div>

<div>&nbsp;</div>

<div>&nbsp;</div>

<div>&nbsp;</div>

<div>&nbsp;</div>

<div>&nbsp;</div>

<div>&nbsp;</div>

<div>&nbsp;</div>

<div>&nbsp;</div>

<div>&nbsp;</div>

<div>&nbsp;</div>

<div>&nbsp;</div>

<div>&nbsp;</div>

<div>&nbsp;</div>

<div>&nbsp;</div>

<div>&nbsp;</div>

<div>&nbsp;</div>

<div>&nbsp;</div>

<div>&nbsp;</div>

<div>&nbsp;</div>

<div>&nbsp;</div>

<div>&nbsp;</div>

<div>&nbsp;</div>

<div>&nbsp;</div>

<div>&nbsp;</div>

<div>&nbsp;</div>

<div>&nbsp;</div>

<div>&nbsp;</div>

<div>&nbsp;</div>

<div>&nbsp;</div>

<div>&nbsp;</div>

<div>&nbsp;</div>

<div>&nbsp;</div>

<div>&nbsp;</div>

<div>&nbsp;</div>

<div>&nbsp;</div>

<div>&nbsp;</div>

<div>&nbsp;</div>

<div>&nbsp;</div>

<div>&nbsp;</div>

<div>&nbsp;</div>

<div>&nbsp;</div>

<div>&nbsp;</div>

<div>&nbsp;</div>

<div>&nbsp;</div>

<div>&nbsp;</div>

<div>&nbsp;</div>

<div>&nbsp;</div>

<div>&nbsp;</div>

<div>&nbsp;</div>

<div>&nbsp;</div>

<div>&nbsp;</div>

<div>&nbsp;</div>

<div>&nbsp;</div>

<div>&nbsp;</div>

<div>&nbsp;</div>

<div>&nbsp;</div>

<div>&nbsp;</div>

<div>&nbsp;</div>

<div>&nbsp;</div>

<div>&nbsp;</div>

<div>&nbsp;</div>

<div>&nbsp;</div>

<div>&nbsp;</div>

<div>&nbsp;</div>

<div>&nbsp;</div>

<div>&nbsp;</div>

<div>&nbsp;</div>

<div>&nbsp;</div>

<div>&nbsp;</div>

<div>&nbsp;</div>

<div>&nbsp;</div>

<div>&nbsp;</div>

<div>&nbsp;</div>

<div>&nbsp;</div>

<div>&nbsp;</div>

<div>&nbsp;</div>

<div>&nbsp;</div>

<div>&nbsp;</div>

<div>&nbsp;</div>

<div>&nbsp;</div>

<div>&nbsp;</div>

<div>&nbsp;</div>

<div>&nbsp;</div>

<div>&nbsp;</div>

<div>&nbsp;</div>

<div>&nbsp;</div>

<div>&nbsp;</div>

<div>&nbsp;</div>

<div>&nbsp;</div>

<div>&nbsp;</div>

<div>&nbsp;</div>

<div>&nbsp;</div>

<div>&nbsp;</div>

<div>&nbsp;</div>

<div>&nbsp;</div>

<div>&nbsp;</div>

<div>&nbsp;</div>

<div>&nbsp;</div>

<div>&nbsp;</div>

<div>&nbsp;</div>

<div>&nbsp;</div>

<div>&nbsp;</div>

<div>&nbsp;</div>

<div>&nbsp;</div>

<div>&nbsp;</div>

<div>&nbsp;</div>

<div>&nbsp;</div>

<div>&nbsp;</div>

<div>&nbsp;</div>

<div>&nbsp;</div>

<div>&nbsp;</div>

<div>&nbsp;</div>

<div>&nbsp;</div>

<div>&nbsp;</div>

<div>&nbsp;</div>

<div>&nbsp;</div>

<div>&nbsp;</div>

<div>&nbsp;</div>

<div>&nbsp;</div>

<div>&nbsp;</div>

<div>&nbsp;</div>

<div>&nbsp;</div>

<div>&nbsp;</div>

<div>&nbsp;</div>

<div>&nbsp;</div>

<div>&nbsp;</div>

<div>&nbsp;</div>

<div>&nbsp;</div>

<div>&nbsp;</div>

<div>&nbsp;</div>

<div>&nbsp;</div>

<div>&nbsp;</div>

<div>&nbsp;</div>

<div>&nbsp;</div>

<div>&nbsp;</div>

<div>&nbsp;</div>

<div>&nbsp;</div>

<div>&nbsp;</div>

<div>&nbsp;</div>

<div>&nbsp;</div>

<div>&nbsp;</div>

<div>&nbsp;</div>

<div>&nbsp;</div>

<div>&nbsp;</div>

<div>&nbsp;</div>

<div>&nbsp;</div>

<div>&nbsp;</div>

<div>&nbsp;</div>

<div>&nbsp;</div>

<div>&nbsp;</div>

<div>&nbsp;</div>

<div>&nbsp;</div>

<div>&nbsp;</div>

<div>&nbsp;</div>

<div>&nbsp;</div>

<div>&nbsp;</div>

<div>&nbsp;</div>

<div>&nbsp;</div>

<div>&nbsp;</div>

<div>&nbsp;</div>

<div>&nbsp;</div>

<div>&nbsp;</div>

<div>&nbsp;</div>

<div>&nbsp;</div>

<div>&nbsp;</div>

<div>&nbsp;</div>

<div>&nbsp;</div>

<div>&nbsp;</div>

<div>&nbsp;</div>

<div>&nbsp;</div>

<div>&nbsp;</div>

<div>&nbsp;</div>

<div>&nbsp;</div>

<div>&nbsp;</div>

<div>&nbsp;</div>

<div>&nbsp;</div>

<div>&nbsp;</div>

<div>&nbsp;</div>

<div>&nbsp;</div>

<div>&nbsp;</div>

<div>&nbsp;</div>

<div>&nbsp;</div>

<div>&nbsp;</div>

<div>&nbsp;</div>

<div>&nbsp;</div>

<div>&nbsp;</div>

<div>&nbsp;</div>

<div>&nbsp;</div>

<div>&nbsp;</div>

<div>&nbsp;</div>

<div>&nbsp;</div>

<div>&nbsp;</div>

<div>&nbsp;</div>

<div>&nbsp;</div>

<div>&nbsp;</div>

<div>&nbsp;</div>

<div>&nbsp;</div>

<div>&nbsp;</div>

<div>&nbsp;</div>

<div>&nbsp;</div>

<div>&nbsp;</div>

<div>&nbsp;</div>

<div>&nbsp;</div>

<div>&nbsp;</div>

<div>&nbsp;</div>

<div>&nbsp;</div>

<div";0;0;;;;0;0;0;1;29/3/2025 00:00:00;31;3;402;0;;
3597;183418;"MOTEUR TRIEUSE PONDERALE";" EGK 48-30NI";10;" EGK 48-30NI";10;;1326,00 €;1;1;1;0,00 €;;"<div>TRIEUSE POND BIZERBA</div>";0;0;;;;0;0;0;1;29/3/2025 00:00:00;31;3;402;0;;
3598;183419;"ROULEAU EQUILIBRE BB300 bizerba";"38003930001";176;"ROULEAU EQUILIBRE BB300";3;;840,00 €;1;1;1;0,00 €;;"TRIEUSE PONDERALE BIZERBA";0;0;;;;0;0;0;1;24/10/2025 00:00:00;31;3;402;0;;
3599;183420;"ROULEAU ENTRAINEMENT EQUILIBRE 300 bizerba";"38003911000";176;"ROULEAU ENTRAINEMENT EQUILIBRE 300";3;;848,40 €;1;1;1;0,00 €;;"TRIEUSE PONDERAL BIZERBA";0;0;;;;0;0;0;1;24/10/2025 00:00:00;31;3;402;0;;
3600;183421;"COURROIE DENTEE";"216-3M";10;"216-3M";3;;21,80 €;3;1;3;0,00 €;;"TRIEUSE PONDERALE BIZERBA";0;0;;;;0;0;0;1;28/4/2025 00:00:00;31;3;402;0;;
3601;183422;"VANNE DE REGLAGE DBDS 6K 13/315";"7309000042";97;"DBDS 6K 13/315";3;;250,27 €;1;1;1;0,00 €;;"<div>tarto</div>";0;0;;;;0;0;0;1;18/4/2025 00:00:00;20;1;803;0;;
3602;183423;"VANNE DE PRESSION";"7309000030";97;"7309000030";3;;250,27 €;1;1;1;0,00 €;;"<div>tarto</div>";0;0;;;;0;0;0;1;18/4/2025 00:00:00;20;1;803;0;;
3603;183424;"VANNE OLEODYNAMIQUE";"7309005007";97;"7309005007";3;;69,85 €;1;1;1;0,00 €;;"<div>tarto</div>";0;0;;;;0;0;0;1;18/4/2025 00:00:00;20;1;802;0;;
3604;183434;"SERVOMOTEUR";"MRC11A2A";10;"MRC11A2A";1;;293,64 €;0;0;1;0,00 €;;"POUR VANNE EAU VERS CHAUDIERE";0;0;;;;0;0;0;5;7/4/2025 00:00:00;0;0;0;0;;
3605;183435;"DETECTEUR PHOTO GRTE18-P2442V";"GRTE18-P2442V";40;"GRTE18-P2442V";8;;113,30 €;2;1;2;0,00 €;;"CELLULE CONVOYEUR AERIENS";0;0;;;;0;0;0;1;2/9/2026 00:00:00;1;3;403;0;;
3606;183393;"CLAPET ANTIRETOUR HB-3/8-QS-10 153457";"HB-3/8-QS-10 153457";4;"HB-3/8-QS-10 153457";2;;58,03 €;1;1;1;0,00 €;;;0;0;;;;0;0;0;1;28/4/2025 00:00:00;20;2;510;0;;
3607;157966;"CONNECTEUR CABLE 2M POUR CAPTEUR ZCM39";"ZCMC21L2";1;"ZCMC21L2";1;;8,61 €;2;1;1;0,00 €;;;0;0;;;;0;0;0;1;14/5/2025 00:00:00;1;11;203;0;;
3608;157968;"TETE POUSSOIR METAL SOUFFLET SILICONE POUR ZCM39";" ZCE01A";1;" ZCE01";1;;11,93 €;1;1;1;0,00 €;;;0;0;;;;0;0;0;1;17/4/2025 00:00:00;1;4;306;0;;
3609;183524;"JOINT CLAMP ISO EPDM DN25";"963422-2533";88;"963422-2533";3;;1,27 €;20;5;20;0,00 €;;;0;0;;;;0;0;0;1;22/4/2025 00:00:00;10;3;905;0;;
3612;180352;"ROULEMENT INOX 10*19*5";"S6800-2RS OU S61800-2RS HLC";31;"S6800-2RS OU S61800-2RS";13;;13,00 €;11;6;20;0,00 €;;"SPIRALE DESCENTE";0;0;;;;0;0;0;1;22/4/2025 00:00:00;10;1;1008;0;;
3613;100328;"SUPPORT MS4-WP";"532184";4;"532184";2;;20,00 €;8;1;2;0,00 €;;;0;0;;;;0;0;0;1;29/4/2026 00:00:00;3;2;501;0;;
3614;127302;"EMBASE ILME";"CHP16 LS2";89;"CHP16LS2";1;;20,23 €;6;1;5;0,00 €;;"prise cadenseur";0;0;;;;0;0;0;1;14/5/2025 00:00:00;21;3;901;0;;
3615;182416;"BAGUE A COLLETRETTE IGLIDUR 6*7,2*4";"MCM-06-04";93;"MCM-06-04";13;;0,23 €;46;6;50;0,00 €;;"PRIX MINI POUR 50 PIECES";0;0;;;;0;0;0;1;28/4/2025 00:00:00;0;0;0;0;;
3616;183534;"PALIER CLIPS";"MCM-16-04";93;"MCM-16-04";3;;5,00 €;21;4;20;0,00 €;;;0;0;;;;0;0;0;1;28/4/2025 00:00:00;0;0;0;0;;
3617;183881;"INSERT MALE 6 BROCHES";"CSHM 06";89;"CSHM 06";1;;5,48 €;7;1;2;0,00 €;;"CONNECTEUR FILLPACK";0;0;;;;0;0;0;1;12/3/2026 00:00:00;2;4;302;0;;
3618;100330;"CAPOT ILME";"MHO 06";89;"MHO 06";1;;10,00 €;2;1;2;0,00 €;;;0;0;;;;0;0;0;1;22/4/2025 00:00:00;21;3;0;0;;
3619;183548;"INSERT PNEUMATIQUE 2 LOG TUBE D6";"CX02P";89;"CX02P";1;;1,33 €;2;1;3;0,00 €;;;0;0;;;;0;0;0;1;14/5/2025 00:00:00;2;4;301;0;;
3620;183549;"CONTACT PNEU FEMELLE TUBE 6";"CX6.0MPAV";89;"CX6.0MPAV";1;;8,11 €;3;1;3;0,00 €;;;0;0;;;;0;0;0;1;25/6/2025 00:00:00;31;3;303;0;;
3621;183550;"CONTACT PNEU MALE TUBE 6";"CX6.0MPAM";89;"CX6.0MPAM";1;;5,93 €;3;1;3;0,00 €;;;0;0;;;;0;0;0;1;25/6/2025 00:00:00;31;3;303;0;;
3622;113733;"CAPOT HARTING HAN 3A AVEC VERROUILLAGE";"9200031750";113;"9200031750";1;;9,91 €;3;1;2;0,00 €;;;0;0;;;;0;0;0;1;13/5/2025 00:00:00;2;4;104;0;;
3624;179601;"INSERT MALE 24 B CONNECTION RAPIDE";"CSHM 24";89;"CSHM 24";1;;12,96 €;4;1;2;0,00 €;;;0;0;;;;0;0;0;1;5/3/2026 00:00:00;2;4;202;0;;
3625;113743;"CAPOT HAN 3A PG11";"9200031440";113;"9200031440";1;;5,62 €;3;1;2;0,00 €;;;0;0;;;;0;0;0;1;2/7/2026 00:00:00;2;4;103;0;;
3626;183551;"INTERRUPTEUR SECURITE";"HS5D-03RNP";10;"HS5D-03RNP";1;;45,98 €;1;1;1;0,00 €;;"RX bfr";0;0;;;;0;0;0;1;14/5/2025 00:00:00;1;5;203;0;;
3627;183552;"INTERRUPTEUR SECURITE";"440N-G02044";99;"440N-G02044";1;;151,08 €;1;1;1;0,00 €;;"Rx BFR";0;0;;;;0;0;0;1;12/5/2025 00:00:00;1;12;104;0;;
3628;183553;"CAPTEUR PHOTOELECTRIQUE NPN";"GL6G-N4211";40;"GL6G-N4211";8;;77,14 €;1;1;1;0,00 €;;"Rx bfr";0;0;;;;0;0;0;1;14/5/2025 00:00:00;1;3;107;0;;
3629;183558;"REDUCTEUR  SUMITO";"CNHXS-6070E-17/G 71/C140";10;"CNHXS-6070E-17/G 71/C140";10;;500,00 €;1;1;1;0,00 €;;" TARTO DEPILLEUR";0;0;;;;0;0;0;1;28/6/2025 00:00:00;40;4;105;0;;
3630;100331;"AMPOULE HALOGENE TD70W";"HALOGENE TD70W";10;"HALOGENE TD70W";1;;5,00 €;2;1;0;0,00 €;;;0;0;;;;0;0;0;1;13/5/2025 00:00:00;31;2;40;0;;
3631;100332;"AMPOULE HALOGENE TUBE ES78MM";"ES78MM";10;"ES78MM";1;;10,00 €;2;1;1;0,00 €;;;0;0;;;;0;0;0;1;13/5/2025 00:00:00;31;2;400;0;;
3632;100333;"AMPOULE H3";"H3";10;"H3";1;;10,00 €;1;1;2;0,00 €;;;0;0;;;;0;0;0;1;13/5/2025 00:00:00;31;2;400;0;;
3633;100334;"AMPOULE GU10 50W";" GU10 50W";10;" GU10 50W";1;;10,00 €;12;2;10;0,00 €;;;0;0;;;;0;0;0;1;13/5/2025 00:00:00;31;2;401;0;;
3634;100335;"CAPOT HARTING";"CAPOT HARTING";113;;1;;10,00 €;3;1;2;0,00 €;;;0;0;;;;0;0;0;1;15/5/2025 00:00:00;1;10;101;0;;
3635;100336;"CAPOT HARTING";"MH016L32";113;"MH016L32";1;;10,00 €;4;1;2;0,00 €;;;0;0;;;;0;0;0;1;15/5/2025 00:00:00;1;10;102;0;;
3636;100337;"CAPOT HARTING";"CVI16L5";113;"CVI16L5";1;;10,00 €;3;1;2;0,00 €;;;0;0;;;;0;0;0;1;15/5/2025 00:00:00;1;10;103;0;;
3637;100338;"CAPOT HARTING";"Z3625";113;"Z3625";1;;10,00 €;1;1;2;0,00 €;;;0;0;;;;0;0;0;1;16/5/2025 00:00:00;1;10;201;0;;
3638;100339;"CAPOT HARTING";"CHP16LS2";113;"CHP16LS2";1;;10,00 €;4;1;2;0,00 €;;;0;0;;;;0;0;0;1;15/5/2025 00:00:00;1;10;202;0;;
3639;100340;"CAPOT HARTING";"CVI16LSP";113;"CVI16LSP";1;;10,00 €;2;1;2;0,00 €;;;0;0;;;;0;0;0;1;15/5/2025 00:00:00;1;10;301;0;;
3640;100341;"CAPOT HARTING";"MVP16LSP2S";113;"MVP16LSP2S";1;;10,00 €;2;1;2;0,00 €;;;0;0;;;;0;0;0;1;15/5/2025 00:00:00;1;10;302;0;;
3641;100342;"CAPOT HARTING";"MVP16LSP2S-1";113;"MVP16LSP2S-1";1;;10,00 €;2;1;2;0,00 €;;;0;0;;;;0;0;0;1;15/5/2025 00:00:00;1;10;303;0;;
3642;100343;"CAPOT HARTING";"JCVP16LP";113;"JCVP16LP";1;;10,00 €;1;1;2;0,00 €;;;0;0;;;;0;0;0;1;15/5/2025 00:00:00;1;10;402;0;;
3643;100344;"CAPOT HARTING";"MVP24LS25";113;"MVP24LS25";1;;10,00 €;2;1;2;0,00 €;;;0;0;;;;0;0;0;1;15/5/2025 00:00:00;1;10;401;0;;
3644;100345;"CAPOT HARTING";"MHO24L25";113;"MHO24L25";1;;10,00 €;3;1;2;0,00 €;;;0;0;;;;0;0;0;1;15/5/2025 00:00:00;1;10;403;0;;
3646;183882;"INSERT FEMELLE 10 BROCHES";"CSHF10";113;"CSHF10";1;;7,65 €;4;2;1;0,00 €;;;0;0;;;;0;0;0;1;5/3/2026 00:00:00;2;4;305;0;;
3647;183883;"INSERT MALE 10 BROCHES";"CNEM10TX /CSHM10";89;"CNEM10TX";1;;7,47 €;5;1;2;0,00 €;;;0;0;;;;0;0;0;1;5/3/2026 00:00:00;2;4;304;0;;
3648;100349;"INSERT FEMELLE 12 BROCHES";"CXF4/2";113;"CXF4/2";1;;10,00 €;1;1;2;0,00 €;;;0;0;;;;0;0;0;1;16/5/2025 00:00:00;2;4;303;0;;
3649;183878;"INSERT FEMELLE 16 BROCHES";"CSHF16";113;"CSHF16";1;;10,00 €;6;1;2;0,00 €;;;0;0;;;;0;0;0;1;5/3/2026 00:00:00;2;4;502;0;;
3650;100351;"PRISE 16";"MVP 16LS25";113;"MVP 16LS25";1;;10,00 €;1;1;2;0,00 €;;;0;0;;;;0;0;0;1;16/5/2025 00:00:00;2;1;801;0;;
3651;100352;"insert femelle 12 broches";"CXF4/8";113;"CXF4/8";1;;10,00 €;2;1;1;0,00 €;;;0;0;;;;0;0;0;1;16/5/2025 00:00:00;2;4;305;0;;
3652;100353;"INSERT MALE 12 BROCHES CONNECTION RAPIDE";"CXM4/8";113;"CXM4/8";1;;10,00 €;4;1;1;0,00 €;;;0;0;;;;0;0;0;1;16/5/2025 00:00:00;2;4;401;0;;
3653;100354;"PRISE + INSERT";"MHO 10L25 + CNEM 10 TX";89;"MHO 10L25 + CNEM 10 TX";1;;20,00 €;3;1;2;0,00 €;;;0;0;;;;0;0;0;1;19/5/2025 00:00:00;2;4;501;0;;
3654;100355;"EMBASE";"CVI 10L";89;"CVI 10L";1;;10,00 €;2;1;1;0,00 €;;;0;0;;;;0;0;0;1;19/5/2025 00:00:00;2;4;403;0;;
3655;119758;"PALIER CARRE 80*80 POUR D30";"UCF 206";31;"UCF 206";13;;25,00 €;1;2;2;0,00 €;;"IDEM QUE FY 30TF";0;0;;;;0;0;0;1;10/3/2026 00:00:00;10;2;305;0;;
3656;183394;"SONDE BELIMO";"01DT-1BP";10;"01DT-1BP";1;;32,00 €;3;2;3;0,00 €;;;0;0;;;;0;0;0;1;23/5/2025 00:00:00;50;0;0;0;;
3657;100356;"THERMOSTAT 66-206°";"55.19034.802";10;"55.19034.802";1;;100,00 €;1;1;1;0,00 €;;"<div>BAKON NAPPEUSE</div>";0;0;;;;0;0;0;1;5/6/2025 00:00:00;11;3;106;0;;
3658;100357;"MOTEUR VENTILLATEUR EVAPORATEUR";"MK34";10;"MK34";10;;200,00 €;2;2;2;0,00 €;;;0;0;;;;0;0;0;4;6/6/2025 00:00:00;41;2;0;0;;
3659;100358;"BOUCHE SANITAIRE BN45";"521002";10;"521002";3;;10,00 €;1;1;2;0,00 €;;;0;0;;;;0;0;0;1;10/6/2025 00:00:00;0;0;0;0;;
3660;171415;"JOINT DE CUVE 120L SILICONE BLEU";"JOINT DE CUVE 120L SILICONE BLEU";;;3;;235,88 €;1;1;2;0,00 €;;;0;0;;;;0;0;0;1;24/6/2025 00:00:00;20;4;0;0;;
3661;183660;"JOINT DE FILTRE NAPPEUSE BAKON";"OR 43X3 EPDM 70SH FDA + certificat";173;"OR 43X3 EPDM 70SH FDA";3;;7,32 €;8;2;5;0,00 €;;"HMS";0;0;;;;0;0;0;1;2/8/2025 00:00:00;11;2;801;0;;
3662;183661;"JOINT DE FILTRE NAPPEUSE BAKON";"OR 49X3 EPDM 70SH FDA + certificat";173;"OR 49X3 EPDM 70SH FDA";3;;9,15 €;5;2;5;0,00 €;;"HMS";0;0;;;;0;0;0;1;2/8/2025 00:00:00;11;5;801;0;;
3663;100359;"DISJONCTEUR 3P+N C16";"NFT 816";155;"NFT 816";1;;50,00 €;6;1;2;0,00 €;;;0;0;;;;0;0;0;1;28/6/2025 00:00:00;3;10;103;0;;
3664;100360;"DISJONCTEUR 1 P+N";"MJT 716";155;"MJT 716";1;;50,00 €;1;1;1;0,00 €;;;0;0;;;;0;0;0;1;25/6/2025 00:00:00;3;10;501;0;;
3665;183753;"CAPTEUR POUR TIRETTE PORTE SOUPLE";"PS42L-PS11N6-TC3100";104;"PS42L-PS11N6-TC3100";8;;50,00 €;1;1;1;0,00 €;;"<div>OU T00</div>";0;0;;;;0;0;0;1;13/10/2025 00:00:00;1;9;302;0;;
3666;100362;"ELECTROVANNE 1/2"" 24VDC 10W";"2351-117";10;"2351-117";1;;150,00 €;1;1;1;0,00 €;;"LAVE SEMELLE";0;0;;;;0;0;0;1;25/6/2025 00:00:00;30;3;302;0;;
3667;100363;"ADAPTATEUR PRISE 240V";"214-4096";10;"214-4096";1;;25,00 €;5;1;2;0,00 €;;;0;0;;;;0;0;0;1;25/6/2025 00:00:00;30;3;203;0;;
3668;183667;"PALIER BLANC D25 INOX";"SUCFBL205FG1";169;"SUCFBL205FG1";13;;84,28 €;4;1;4;0,00 €;;;0;0;;;;0;0;0;1;24/7/2025 00:00:00;10;2;403;0;;
3669;183669;"FILTRE POUR 1 1/2 PE";"9514531";157;"9514531";3;;59,37 €;3;1;3;0,00 €;;;0;0;;;;0;0;0;1;2/9/2025 00:00:00;45;0;0;0;;
3670;183670;"CAPTEUR INDUCTIF M12";"XS1N12PC410";1;"XS1N12PC410";8;;59,25 €;1;1;2;0,00 €;;;0;0;;;;0;0;0;1;3/7/2025 00:00:00;1;1;404;0;;
3671;183671;"SERVOMOTEUR";"JOVENTA BAS2";10;"JOVENTA BAS2";1;;326,27 €;1;1;1;0,00 €;;"POUR VANNE BOULANGERIE";0;0;;;;0;0;0;1;4/7/2025 00:00:00;50;1;0;0;;
3672;100364;"DISJONCTEUR 3P C16";"NFN 316";155;"NFN 316";1;;;2;1;1;0,00 €;;;0;0;;;;0;0;0;1;28/6/2025 00:00:00;3;10;102;0;;
3673;100365;"DISJONCTEUR 4P C25";"NFN 425";155;"NFN 425";1;;50,00 €;1;1;1;0,00 €;;;0;0;;;;0;0;0;1;28/6/2025 00:00:00;3;10;101;0;;
3674;183648;"KIT COURROIE VIDEOJET";"407931";170;"407931";3;;50,00 €;1;1;1;0,00 €;;;0;0;;;;0;0;0;1;28/6/2025 00:00:00;11;1;603;0;;
3675;183646;"TETE IMPIMANTE VIDEOJET";"407933";170;"407933";3;;100,00 €;1;1;1;0,00 €;;;0;0;;;;0;0;0;1;28/6/2025 00:00:00;11;1;603;0;;
3676;183647;"CASSETTE VIDEOJET";"407947";170;"407947";3;;120,00 €;1;1;1;0,00 €;;;0;0;;;;0;0;0;1;28/6/2025 00:00:00;11;1;604;0;;
3677;183677;"INTERFACE COMMUNICATION BLUETOOTH SURPRESSEUR";"MI301";171;"MI301";6;;481,26 €;1;1;1;0,00 €;;"<div>dans le bureau</div>";0;0;;;;0;0;0;1;5/2/2026 00:00:00;55;0;0;0;;
3678;183678;"COMMANDE ROTATIVE POIGNEE ROUGE";"LV428942";91;"LV428942";1;;37,11 €;1;1;2;0,00 €;;"TARTO";0;0;;;;0;0;0;1;16/7/2025 00:00:00;21;3;506;0;;
3679;100366;"JOINT VERT EMPREINTE INFERIEUR MOULE X 4 LONG 94CM";"8766402";157;"8766402";3;;10,00 €;5;3;6;0,00 €;;;0;0;;;;0;0;0;1;17/7/2025 00:00:00;45;0;0;0;;
3680;183847;"CHAINE DOUBLE ANTI CORROSION 1/2"" INOX 08B2";"CHAINE 08B2  B5M";172;"7103000038";3;;50,00 €;3;1;1;0,00 €;;"<div>TARTO en metre</div>";0;0;;;;0;0;0;1;9/3/2026 00:00:00;40;4;301;0;;
3681;183848;"ATTACHE RAPIDE ANTI CORROSION CHAINE DOUBLE 1/2""";"7103000011 MDJ08B2";172;"7103000011";3;;15,00 €;10;1;2;0,00 €;;"<div>TARTO en metre</div>";0;0;;;;0;0;0;1;9/3/2026 00:00:00;40;2;305;0;;
3682;100369;"DEMI MAILLON CHAINE DOUBLE INOX";"7103000023";172;"7103000023";3;;5,00 €;3;1;2;0,00 €;;"TARTO";0;0;;;;0;0;0;1;31/7/2025 00:00:00;40;2;305;0;;
3683;100370;"CONTACT AUXILIAIRE";"VHI20-PKZ0";95;"VHI20-PKZ0";1;;25,00 €;3;1;2;0,00 €;;"ARRET URGENCE SCOTCHEUSE";0;0;;;;0;0;0;1;24/7/2025 00:00:00;21;2;0;0;;
3684;100371;"JOINT SPI NI 150 25*35*7";"NI 150 25*35*7";10;" NI 150 25*35*7";12;;9,30 €;8;2;3;0,00 €;;"JOINT POUR MOULE ULMA";0;0;;;;0;0;0;1;2/8/2025 00:00:00;45;0;0;0;;
3685;183675;"POULIE  DENTEE SYNCH L19L050-1108";"L19L050-1108";10;"L19L050-1108";3;;6,16 €;2;1;2;0,00 €;;"PASTO 6";0;0;;;;0;0;0;1;30/12/2025 00:00:00;10;2;905;0;;
3686;183849;"DEMI MAILLON CHAINE DOUBLE ANTI CORROSION";"08B2";10;"08B2 ACIER";3;;5,00 €;10;1;2;0,00 €;;;0;0;;;;0;0;0;1;9/3/2026 00:00:00;40;2;304;0;;
3687;100374;"ATTACHE RAPIDE CHAINE DOUBLE ACIER";"ATT RAP 08B2 ACIER";10;"ATT RAP 08B2 ACIER";3;;8,00 €;1;1;2;0,00 €;;;0;0;;;;0;0;0;1;31/7/2025 00:00:00;40;2;304;0;;
3688;100375;"DEMI MAILLON CHAINE SIMPLE";"1/2 MAILLON 08B1 ACIER";10;"1/2 MAILLON 08B1 ACIER";3;;8,00 €;3;1;2;0,00 €;;;0;0;;;;0;0;0;1;31/7/2025 00:00:00;40;2;303;0;;
3689;183877;"ATTACHE RAPIDE CHAINE SIMPLE";"ATT RAP 08B1 ACIER ANTICORROSION";10;"ATT RAP 08B1 ACIER";3;;8,00 €;3;1;2;0,00 €;;;0;0;;;;0;0;0;1;4/5/2026 00:00:00;40;2;303;0;;
3690;183676;"MOYEU AMOVIBLE D14";"1108-14";10;"1108-14";3;;4,82 €;3;1;2;0,00 €;;"pasto 6";0;0;;;;0;0;0;1;30/12/2025 00:00:00;20;4;402;0;;
3691;183698;"VERIN CRDSNU-25-25-P-A 19219";"CRDSNU-25-25-P-A";4;"CRDSNU-25-25-P-A 19219";2;;116,22 €;1;1;1;0,00 €;;"VERIN BUTEE MECANIC AIR";0;0;;;;0;0;0;1;22/8/2025 00:00:00;3;1;301;0;;
3692;183711;"CAPTEUR PHOTO ELECTRIQUE";"OBG5000-R100-2EP-IO-V31";100;"OBG5000-R100-2EP-IO-V31";8;;118,00 €;1;1;1;0,00 €;;"BIZERBA";0;0;;;;0;0;0;1;15/9/2025 00:00:00;1;3;106;0;;
3693;183710;"CARTE ELECTRONIQUE TRIO BIZERBA";"65718601154 trio";176;"65718601154 trio";6;;819,00 €;1;1;1;0,00 €;;"BIZERBA";0;0;;;;0;0;0;1;1/10/2025 00:00:00;31;3;402;0;;
3694;183713;"COURROIE ENTRAINEMENT  ZEBRA ZT410 203DPI";"79866M";105;"79866M";3;;39,23 €;1;1;1;0,00 €;;;0;0;;;;0;0;0;1;15/9/2025 00:00:00;11;1;705;0;;
3695;100377;"INTERRUPTEUR 3 POLES 20A";"T0-2-1/E";95;" 024639";1;;20,15 €;1;1;1;0,00 €;;;0;0;;;;0;0;0;1;16/9/2025 00:00:00;21;3;505;0;;
3696;183707;"DOUILLE A AIGUILLES 25/32*20";"HK2520-B";63;"HK2520-B";13;;8,60 €;2;2;4;0,00 €;;"FLOWPACK";0;0;;;;0;0;0;1;19/9/2025 00:00:00;10;1;902;0;;
3697;100378;"CUVE LF/LFR D MINI";"646226";4;"646226";2;;25,00 €;1;1;1;0,00 €;;;0;0;;;;0;0;0;1;22/9/2025 00:00:00;3;8;204;0;;
3698;100379;"DISTRIBUTEUR DOUBLE 3/2 NO MONOSTABLE 8043213";"VUVS-LK20-M32C-AD-G18-1C1-S";4;"8043213";17;;50,00 €;2;1;1;0,00 €;;;0;0;;;;0;0;0;1;18/3/2026 00:00:00;3;5;101;0;;
3699;166748;"CABLE M12 FEMELLE 5 CONDUCTEURS  5 METRES";"8771044";10;"8771044";1;;12,00 €;2;1;2;0,00 €;;;0;0;;;;0;0;0;1;26/9/2025 00:00:00;1;13;301;0;;
3700;183717;"REGULATEUR TEMPERATEUR 24V CA/CC 48*48";"E5GC-RX1DCM-00";13;"E5GC-RX1DCM-00";1;;168,00 €;1;1;1;0,00 €;;;0;0;;;;0;0;0;1;26/9/2025 00:00:00;21;1;903;0;;
3701;183718;"JOINT TORIQUE OR 6*1.5 EPDM 70";"OR 6*1.5 EPDM 70";10;"OR 6*1.5 EPDM 70";2;;0,24 €;20;5;20;0,00 €;;"NAPPEUSE BAKON";0;0;;;;0;0;0;1;4/10/2025 00:00:00;11;2;501;0;;
3702;183719;"JOINT TORIQUE OR 9.1*1.6 EPDM 70";"OR 9.1*1.6 EPDM 70";10;"OR 9.1*1.6 EPDM 70";2;;0,24 €;20;4;10;0,00 €;;"nappeuse bakon";0;0;;;;0;0;0;1;4/10/2025 00:00:00;11;2;502;0;;
3703;183720;"JOINT TORIQUE OR 4.5*1 EPDM 70";"OR 4.5*1 EPDM 70";10;"OR 4.5*1 EPDM 70";2;;2,03 €;20;5;20;0,00 €;;"nappeuse bakon";0;0;;;;0;0;0;1;4/10/2025 00:00:00;11;2;501;0;;
3704;183721;"PALIER SEUL INOX D20";"SP204";31;"SP204";13;;10,44 €;4;2;4;0,00 €;;;0;0;;;;0;0;0;1;4/10/2025 00:00:00;10;2;404;0;;
3705;183727;"INTERFACE SECURITE PSEN IX1";"535120";39;"535120";1;;66,81 €;1;1;1;0,00 €;;"CUVE BAKON";0;0;;;;0;0;0;1;29/9/2025 00:00:00;1;6;201;0;;
3706;183725;"RELAIS SECURITE PNOZ S3";"751103";39;"751103";1;;157,79 €;1;1;1;0,00 €;;"CUVE BAKON";0;0;;;;0;0;0;1;29/9/2025 00:00:00;1;6;102;0;;
3707;183726;"MODULE EXTENSION LOGO";"6ED1055-1CB10-0BA2";83;"6ED1055-1CB10-0BA2";15;;90,09 €;1;1;1;0,00 €;;"CUVE BAKON";0;0;;;;0;0;0;1;29/9/2025 00:00:00;6;3;104;0;;
3708;100380;"OBTURATEUR DISTRIBUTEUR 569989";"VABB-L1-14";4;"569989";17;;12,00 €;3;1;1;0,00 €;;;0;0;;;;0;0;0;1;1/10/2025 00:00:00;3;5;403;0;;
3709;183730;"BANDE DE CONVOYEUR  NASTRO";"SCA0003060";110;"SCA0003060";3;;130,30 €;2;2;2;0,00 €;;;0;0;;;;0;0;0;1;12/11/2025 00:00:00;11;1;101;0;;
3710;183731;"POULIE MOTRICE  SM11";"SBA0001152";110;"SBA0001152";3;;192,71 €;2;2;2;0,00 €;;;0;0;;;;0;0;0;1;21/5/2026 00:00:00;11;1;905;0;;
3711;183732;"GALET FOU NASTRO";"SBA0024662";110;"SBA0024662";3;;77,43 €;3;2;4;0,00 €;;"<div>scotcheuse</div>";0;0;;;;0;0;0;1;12/11/2025 00:00:00;11;1;906;0;;
3712;183733;"POULIE RENVOI SM11";"SBA0001151";110;"SBA0001151";3;;139,75 €;1;1;1;0,00 €;;;0;0;;;;0;0;0;1;12/11/2025 00:00:00;11;1;908;0;;
3713;183734;"POULIE DE RENVOI SM11";"S4503371ZZZ";110;"S4503371ZZZ";3;;113,53 €;1;1;1;0,00 €;;;0;0;;;;0;0;0;1;12/11/2025 00:00:00;11;1;907;0;;
3714;183735;"COURROIE 160*L050";"S3401593ZZZ";110;"S3401593ZZZ";3;;19,50 €;2;1;1;0,00 €;;"<div>scotcheuse</div>";0;0;;;;0;0;0;1;21/5/2026 00:00:00;11;1;806;0;;
3715;183736;"COURROIE NASTRO";"SCA0003031";110;"SCA0003031";3;;36,86 €;2;1;1;0,00 €;;;0;0;;;;0;0;0;1;21/5/2026 00:00:00;11;1;806;0;;
3716;183737;"MOTEUR TYPE H63A4 0.13KW 0.52A";"S3803441ZZZ";110;"S3803441ZZZ";10;;498,78 €;1;1;1;0,00 €;;"<div>Scotcheuse SIAT</div>";0;0;;;;0;0;0;1;23/6/2026 00:00:00;40;4;0;0;;
3717;183738;"ELECTROVANNE 1-1/2-D 230V";"505212.15";184;"505212.15";14;;74,99 €;1;1;1;0,00 €;;"<div>miwe pour four L2</div>";0;0;;;;0;0;0;1;21/11/2025 00:00:00;40;2;401;0;;
3718;183739;"COMPTEUR EAU SIKA TURBOTRON";"507533.30";178;"507533.30";14;;234,99 €;2;1;1;0,00 €;;"<div>Débit metre four MIWE</div>";0;0;;;;0;0;0;1;31/3/2026 00:00:00;40;2;401;0;;
3719;183740;"GRAISSE GR AR 555 100GR pour four Miwe";"0901780287";179;"GR AR 555 100GR";9;;51,85 €;2;2;5;0,00 €;;"<div>POUR FOUR MIWE armoire</div>";0;0;;;;0;0;0;1;27/7/2026 00:00:00;55;;;0;;
3720;183728;"ROULEAU LISSE D16 SORTIE REFROIDISSEUR";"ROULEAU LISSE D16 SORTIE REFROIDISSEUR";10;;3;;18,14 €;3;2;0;0,00 €;;;0;0;;;;0;0;0;1;4/11/2025 00:00:00;40;2;401;0;;
3721;183741;"ARBRE FLOWPACKEUSE";" 072.000.363";180;" 072.000.363";3;;499,10 €;0;0;1;0,00 €;;;0;0;;;;0;0;0;1;;0;0;0;0;;
3722;180893;"VERIN BUTEE TRANSFERT CRDSNU-20-15-PPV-A-MG";"552789 20-15";4;"552789";2;;75,00 €;4;2;4;0,00 €;;"BUTEE TRANSFERT AXYS";0;0;;;;0;0;0;1;1/10/2025 00:00:00;3;1;201;0;;
3723;183742;"POTENTIOMETRE 4.7K";"M22-R4K7";95;"M22-R4K7";1;;42,15 €;1;1;1;0,00 €;;;0;0;;;;0;0;0;1;7/10/2025 00:00:00;11;3;504;0;;
3724;183743;"INTERSECTIONNEUR TETRAPOLAIRE 50A";"LEG022114";46;"LEG022114";1;;74,38 €;1;1;1;0,00 €;;"<div>MANETTE REF 0 222 50 </div>";0;0;;;;0;0;0;1;23/1/2026 00:00:00;21;13;403;0;;
3725;183744;"MANETTE POUR SECTIONNEUR";"LEG022250";46;"LEG022250";1;;11,25 €;2;1;2;0,00 €;;;0;0;;;;0;0;0;1;4/10/2025 00:00:00;21;3;507;0;;
3726;100381;"VERIN DSNU 25 50 PA";"19221";4;"19221";2;;50,00 €;1;1;1;0,00 €;;;0;0;;;;0;0;0;1;2/10/2025 00:00:00;3;1;403;0;;
3727;183750;"ACTIONNEUR 1/4 TOUR KINETROL";"034-100";122;"034-100";2;;237,06 €;1;1;1;0,00 €;;;0;0;;;;0;0;0;1;15/10/2025 00:00:00;0;0;0;0;;
3728;183751;"POCHETTE DE JOINT POUR 034-100 SP054";"030-800";122;"030-800";2;;33,60 €;3;2;2;0,00 €;;;0;0;;;;0;0;0;1;13/10/2025 00:00:00;0;0;0;0;;
3729;183729;"BRULEUR ASSEMBLE 1021969";"2131159";185;"2131159";;;1520,00 €;2;1;1;0,00 €;;;0;0;;;;0;0;0;1;13/10/2025 00:00:00;45;0;0;0;;
3730;100382;"SONDE PTC";"PTC015W00";10;"PTC 015W00";1;;25,00 €;1;1;1;0,00 €;;"REFROIDISSEUR D'EAU L1";0;0;;;;0;0;0;1;28/8/2026 00:00:00;20;3;604;0;;
3731;183745;"AUTOMATE LOGO";"6AG1052-1CC08-7BA2";83;"6AG1052-1CC08-7BA2";15;;729,00 €;1;1;1;0,00 €;;;0;0;;;;0;0;0;1;3/11/2025 00:00:00;6;3;103;0;;
3732;183765;"PULVERISATEUR NAPPEUSE BAKON";"D55500-2P18 JAUH1 A4V-FC";187;"D55500-2P18 JAUH1 A4V-FC";2;;1190,19 €;1;1;1;0,00 €;;"STOCKER DANS L'ARMOIRE ELECRTIQUE DE LA MACHINE";0;0;;;;0;0;0;1;2/12/2025 00:00:00;0;0;0;0;;
3733;183763;"ECRAN FILLPACK 4T TP900";"6AV2124-0JC01-0AX0";83;"6AV2124-0JC01-0AX0";1;;1679,77 €;0;1;1;0,00 €;;"FILLPACK 4T";0;0;;;;0;0;0;1;;0;0;0;0;;
3734;180179;"BAGUE D'ARRET REXNORD";"S0612 614722";169;"S0612 614722";0;;1,72 €;104;4;10;0,00 €;;"<div>JEUX DE 4</div>";0;0;;;;0;0;0;1;30/10/2025 00:00:00;10;0;0;0;;
3735;180180;"EMBOUT EXPANSION REXNORD";"S065 698681";169;"S065 698681";0;;2,87 €;40;4;0;0,00 €;;;0;0;;;;0;0;0;1;30/10/2025 00:00:00;10;0;0;0;;
3736;180178;"ROULEAU SUPPORT BANDE";"S0826 632073";169;"S0826 632073";3;;3,71 €;48;4;0;0,00 €;;;0;0;;;;0;0;0;1;30/10/2025 00:00:00;10;1;0;0;;
3737;183760;"MODULE PUISSANCE DOUBLE AXE MONTEE BAISSE";"MDD90A-0040-503-X-S00/X";61;"MDD90A-0040-503-X-S00/X";1;;2741,00 €;1;1;1;0,00 €;;"FILLPACK 4T";0;0;;;;0;0;0;1;30/10/2025 00:00:00;6;4;101;0;;
3738;183762;"MOTOREDUCTEUR ROUE ET VIS SANS FIN";"SA37 CMP63M/BK/KY/AK0H/SB1";61;"SA37 CMP63M/BK/KY/AK0H/SB1";10;;2899,00 €;1;11;1;0,00 €;;"<div>FILLPACK 4T Monte et Baisse</div>";0;0;;;;0;0;0;1;30/10/2025 00:00:00;6;5;101;0;;
3739;183761;"CABLE POUR MOTEURS-FREIN";"CMP 1335 4388/3";61;"CMP 1335 4388/3";10;;217,00 €;0;1;1;0,00 €;;"fillpack 4t moteur montée baisse";0;0;;;;0;0;0;5;30/10/2025 00:00:00;0;0;0;0;;
3740;183764;"VENTILATEUR  EVAPORATEUR COPIRAL";"S4D300";10;"S4D300";1;;407,00 €;0;1;1;0,00 €;;"EVAPORATEUR COPIRAL";0;0;;;;0;0;0;1;;0;0;0;0;;
3741;183766;"BALAI RACLEUR PORTE NEGATIVE LG1.5M";"79210034";10;"79210034";3;;238,61 €;2;1;2;0,00 €;;;0;0;;;;0;0;0;1;29/11/2025 00:00:00;0;0;0;0;;
3742;183767;"MODULE SECURITE PILZ PNOZ mB0";"772100";39;"772100";1;;640,00 €;1;1;1;0,00 €;;"<div>FILLPACK 4T</div>";0;0;;;;0;0;0;1;10/11/2025 00:00:00;1;6;202;0;;
3743;183768;"MODULE SECURITE PNOZ m ES ETH";"772130";39;"772130";1;;207,19 €;1;1;1;0,00 €;;"fillpack 4tt";0;0;;;;0;0;0;1;10/11/2025 00:00:00;1;6;203;0;;
3744;100383;"JOINT NYLON REP 2 PISTOLET NAPPEUSE";"CP7894-NY";187;"CP7894-NY";2;;5,00 €;6;2;6;0,00 €;;"PISTOLET NAPPEUSE AUTO";0;0;;;;0;0;0;1;4/11/2025 00:00:00;11;2;0;0;;
3745;100384;"DEMI CLAVETTE REP 6A";"CP7892-IZP";187;"CP7892-IZP";3;;5,00 €;2;1;2;0,00 €;;"PISTOLET AUTO";0;0;;;;0;0;0;1;22/1/2026 00:00:00;11;2;0;0;;
3746;184003;"CAPUCHON REP 16";"CP6235-NP";187;"CP6235-NP";3;;80,00 €;2;1;1;0,00 €;;"PISTOLET NAPPEUSE AUTO";0;0;;;;0;0;0;1;20/8/2026 00:00:00;11;2;0;0;;
3747;100386;"ECROU AIGUILLE REP 20";"CP7921-SS";187;"CP7921-SS";3;;25,00 €;3;3;4;0,00 €;;"PISTOLET NAPPEUSE AUTO";0;0;;;;0;0;0;1;13/4/2026 00:00:00;11;2;0;0;;
3748;100387;"RONDELLE AIGUILLE REP 22";"CP7920-SS";187;"CP7920-SS";3;;25,00 €;3;2;2;0,00 €;;"PISTOLET NAPPEUSE AUTO";0;0;;;;0;0;0;1;13/4/2026 00:00:00;11;2;0;0;;
3749;183663;"AXE ROULEAU EQUIPE DES GUIDES TEFLON";"AXE ROULEAU EQUIPE DES GUIDES TEFLON";157;"AXE TEFLON";3;;60,00 €;1;1;1;0,00 €;;"7131515+7131514+7789350+8372125+9528196";0;0;;;;0;0;0;1;5/11/2025 00:00:00;45;0;0;0;;
3750;183664;"AXE ROULEAU";"7131515";157;"7131515";3;;76,00 €;2;1;2;0,00 €;;"ULMA";0;0;;;;0;0;0;1;4/2/2026 00:00:00;45;0;0;0;;
3751;183769;"SERVOMOTEUR REGISTRE 230V 0-10v";"DML2.2";10;"DML2.2";1;;400,33 €;2;1;2;0,00 €;;"<div>vanne melange +4+8</div>";0;0;;;;0;0;0;1;10/11/2025 00:00:00;50;1;305;0;;
3752;183775;"DETECTEUR INDUCTIF M18 NOYABLE M12 NO/NC PNP/NPN";"XS1M18KP340D";1;"XS1M18KP340D";8;;58,17 €;2;1;2;0,00 €;;;0;0;;;;0;0;0;1;21/11/2025 00:00:00;1;1;504;0;;
3753;183776;"EMBRAYAGE ROBATIC";" 3/540.102/24 A15H7MAYR";10;" 3/540.102/24 A15H7MAYR";3;;332,44 €;2;1;2;0,00 €;;"<div>calibreur</div>";0;0;;;;0;0;0;1;30/12/2025 00:00:00;21;1;601;0;;
3754;183777;"PIGNON DOUBLE  1/2 TARTO";"08B2 ALE30 +CLAV 8 + TARM6";10;"08B2 ALE30 +CLAV 8 + TARM6";3;;240,00 €;0;0;1;0,00 €;;"TARTO";0;0;;;;0;0;0;1;;0;0;0;0;;
3755;183778;"PIGNON DOUBLE 20 DENTS INOX";"08B2 ALE.35H8+RCN+1VP Z20DIVE";10;"08B2 ALE.35H8+RCN+1VP Z20DIVE";3;;198,00 €;0;0;1;0,00 €;;"TARTO PIGNONS DE CHAINE";0;0;;;;0;0;0;1;;0;0;0;0;;
3756;183779;"PIGNON DOUBLE 18 DENTS INOX 08B2";"08B2 ALE.47 POUR LOGEMENT 2 ROULEMENTS";10;"08B2 ALE.47 POUR LOGEMENT 2 ROULEMENTS";3;;145,68 €;0;0;1;0,00 €;;"<div>PIGNONS POUR CHAINE TARTO</div>";0;0;;;;0;0;0;1;;0;0;0;0;;
3757;100388;"COL DE CYGNE F1/2";"70080";10;"70080";14;;30,00 €;2;1;2;0,00 €;;;0;0;;;;0;0;0;1;21/11/2025 00:00:00;31;1;201;0;;
3758;100389;"ROBINET GENOU 1/2";"TEMPOSTOP 748126";10;"TEMPOSTOP 748126";14;;30,00 €;1;1;1;0,00 €;;;0;0;;;;0;0;0;1;2/7/2026 00:00:00;31;1;201;0;;
3759;100390;"JOINT PISTOLET NAPPEUSE BAKON POS 11";"D9 X 1";10;"D9*1 EP70FDA";3;;5,00 €;3;3;20;0,00 €;;;0;0;;;;0;0;0;1;28/11/2025 00:00:00;11;2;0;0;;
3760;100391;"JOINT PISTOLET NAPPEUSE BAKON REP 6";"OR 2,06*2,62 FPM 80 AS103";10;"OR 2,06*2,62 FPM 80 AS103";3;;2,50 €;12;10;50;0,00 €;;;0;0;;;;0;0;0;1;28/11/2025 00:00:00;0;0;0;0;;
3761;183781;"MITIGEUR THERMOSTATIQUE 3/4""";"MT521720";190;"MT521720";14;;121,60 €;2;1;2;0,00 €;;;0;0;;;;0;0;0;1;11/12/2025 00:00:00;31;1;204;0;;
3762;183782;"MITIGEUR THERMOSTATIQUE 1""";"MT52126C";191;" MT52126C";14;;233,60 €;1;1;2;0,00 €;;;0;0;;;;0;0;0;1;11/12/2025 00:00:00;31;1;205;0;;
3763;100392;"VENTILLATEUR EVAPORATEUR COPIRAL";"VENTILLATEUR EVAPORATEUR COPIRAL";10;;1;;200,00 €;1;1;1;0,00 €;;"REMIS EN ETAT";0;0;;;;0;0;0;1;2/12/2025 00:00:00;0;0;0;0;;
3764;183785;"VERIN POMPE CORPS+BAGUE";"UN3/1405";98;"UN3/1405";2;;1580,00 €;1;1;1;0,00 €;;"<div>CGG5NN63TNSV -254 DUW00674</div>";0;0;;;;0;0;0;1;6/3/2026 00:00:00;20;2;102;0;;
3765;183788;"TIMER 24 VAC/DC";"TMR48BD MDE1";30;"TMR48BD MDE1";1;;100,26 €;1;1;1;0,00 €;;;0;0;;;;0;0;0;1;17/12/2025 00:00:00;20;4;705;0;;
3766;183787;"CONTACTEUR INVERSEUR 3P 25A 24VCC";"LC2D09BD";91;"LC2D09BD";1;;162,81 €;1;1;1;0,00 €;;;0;0;;;;0;0;0;1;17/12/2025 00:00:00;2;10;502;0;;
3767;151600;"CONTACTEUR 3P 25A 24VCC";"LC1D25BD";91;"LC1D25BD";1;;100,89 €;1;1;1;0,00 €;;;0;0;;;;0;0;0;1;8/12/2025 00:00:00;2;10;203;0;;
3768;183789;"POTENTIOMETRE D22 4.7K";"XB4BD912R4K7";91;"XB4BD912R4K7";1;;49,60 €;1;1;1;0,00 €;;;0;0;;;;0;0;0;1;8/12/2025 00:00:00;11;3;504;0;;
3769;100393;"SUPPORT METAL POUR D22";"3SU1550-0AA10-0AA0";83;"3SU1550-0AA10-0AA0";1;;15,00 €;11;2;5;0,00 €;;;0;0;;;;0;0;0;1;9/12/2025 00:00:00;2;2;204;0;;
3770;183771;"TAPIS ADHERENT ENTREE ETIQUETTEUSE SORTIE ULMA";"1335*335 20253-I";125;"1335*335 20253-I";3;;76,00 €;1;1;1;0,00 €;;"<div>ETIQUETTEUSE SORTIE ULMA</div>";0;0;;;;0;0;0;1;11/12/2025 00:00:00;11;3;302;0;;
3771;183772;"TAPIS NON ADHERENT HERMA SORTIE ETIQUETEUSE";"1090*335 20255-I";125;"1090*335 20255-I";3;;71,00 €;1;1;1;0,00 €;;"<div>ETIQUETTEUSE SORTIE ULMA</div>";0;0;;;;0;0;0;1;11/12/2025 00:00:00;11;3;302;0;;
3772;183803;"TAPIS SILICONE BLEU ETIQUETTEUSE L1 1900*600";"FR01 CFG 22624";125;"FR01 CFG 22624";3;;359,11 €;0;1;1;0,00 €;;"TAPIS POUR ETIQUETEUSE L1";0;0;;;;0;0;0;4;7/1/2026 00:00:00;0;0;0;0;;
3773;183804;"TAPIS SILICONE BLEU ETIQUETTEUSE L2 2500*390";"FR01 CFG 22625";125;"FR01 CFG 22625";3;;277,10 €;1;1;1;0,00 €;;"TAPIS SILICONE BLEU ETIQUET L2";0;0;;;;0;0;0;1;7/1/2026 00:00:00;0;0;0;0;;
3774;173997;"SUPPORT BALAI DETECTEUR RONDO";"126088";111;"126088";3;;22,00 €;2;2;1;0,00 €;;;0;0;;;;0;0;0;1;23/1/2026 00:00:00;31;3;303;0;;
3775;183809;"DETECTEUR TRANSMETTEUR SEK RONDO";"11335";111;"11335";8;;264,00 €;1;1;1;0,00 €;;;0;0;;;;0;0;0;1;23/1/2026 00:00:00;1;9;203;0;;
3776;183810;"CABLE DETECTEUR SEK RONDO";"106112";111;"106112";1;;84,00 €;1;1;1;0,00 €;;;0;0;;;;0;0;0;1;23/1/2026 00:00:00;1;9;204;0;;
3777;183811;"MOTEUR RECUPERATION FILM SMIPACK FP6000";"DMC600338";10;"DMC600338";10;;750,00 €;1;1;1;0,00 €;;"<div>FILMEUSE SMIPACK FP6000</div>";0;0;;;;0;0;0;1;22/1/2026 00:00:00;40;4;208;0;;
3778;183812;"RESSORT PINCE FILM V6";"10-0115250-10-A4";10;"10-0115250-10-A4";3;;65,49 €;0;1;2;0,00 €;;"FILMEUSE ATECMAA";0;0;;;;0;0;0;1;;0;0;0;0;;
3779;112744;"CORNIERE DE 20X20X3 INOX";"CORNIERE DE 20X20X3 INOX";10;;3;;;0;1;1;0,00 €;;;0;0;;;;0;0;0;1;;70;0;0;0;;
3780;112747;"TUBE CARRE INOX 304 20*20*1,5";"TUBE CARRE INOX 304 20*20*1,5";10;;3;;51,24 €;5;1;1;0,00 €;;;0;0;;;;0;0;0;1;8/1/2026 00:00:00;70;0;0;0;;
3781;112748;"TUBE CARRE INOX 304 25*25*1,5";"TUBE CARRE INOX 304 25*25*1,5";10;;3;;61,63 €;3;1;1;0,00 €;;;0;0;;;;0;0;0;1;8/1/2026 00:00:00;0;0;0;0;;
3782;112781;"ROND PLEIN INOX D.6";"ROND PLEIN INOX D.6";10;;3;;7,75 €;3;1;1;0,00 €;;;0;0;;;;0;0;0;1;8/1/2026 00:00:00;70;0;0;0;;
3783;112782;"ROND PLEIN INOX D.8";"ROND PLEIN INOX D.8";10;;3;;10,35 €;3;1;1;0,00 €;;;0;0;;;;0;0;0;1;8/1/2026 00:00:00;70;0;0;0;;
3784;112783;"ROND PLEIN INOX D.10";"ROND PLEIN INOX D.10";10;;3;;18,10 €;3;1;1;0,00 €;;;0;0;;;;0;0;0;1;8/1/2026 00:00:00;70;0;0;0;;
3785;113115;"TOLE INOX 304L 1000*2000*2";"TOLE INOX 304L 1000*2000*2";10;;3;;291,00 €;1;1;1;0,00 €;;;0;0;;;;0;0;0;1;8/1/2026 00:00:00;70;0;0;0;;
3786;113441;"CORNIERE INOX 304L 30X30X3";"CORNIERE INOX 304L 30X30X3";10;;3;;70,91 €;1;1;1;0,00 €;;;0;0;;;;0;0;0;1;8/1/2026 00:00:00;70;0;0;0;;
3787;158779;"PLAT INOX 20*4";"PLAT INOX 20*4";10;;3;;27,79 €;1;1;1;0,00 €;;;0;0;;;;0;0;0;1;8/1/2026 00:00:00;70;0;0;0;;
3788;169849;"GRV DE 1000L GLYCOL";"GRV DE 1000L GLYCOL";10;;4;;1936,00 €;1;1;1;0,00 €;;;0;0;;;;0;0;0;1;8/1/2026 00:00:00;70;0;0;0;;
3789;183814;"CONDENSATEUR 150µF 220V CA POUR PETRIN";"150MS22ACMA1STD";10;"150MS22ACMA1STD";1;;18,10 €;1;1;1;0,00 €;;"<div>petrin</div>";0;0;;;;0;0;0;1;12/1/2026 00:00:00;1;7;101;0;;
3791;183817;"ADAPTATEUR Y M8 4PIN VERS 2X M8 4PIN";"ADAPTATEUR Y M8 4PIN VERS 2X M8 4PIN";40;;1;;22,53 €;1;1;0;0,00 €;;;0;0;;;;0;0;0;1;15/1/2026 00:00:00;1;3;303;0;;
3792;183816;"CELLULE SICK BARRAGE LASER emeteur + recepteur";"WSE4SL-3P2237";40;"WSE4SL-3P2237";8;;369,12 €;2;1;0;0,00 €;;;0;0;;;;0;0;0;1;27/2/2026 00:00:00;1;3;502;0;;
3795;100394;"JOINT POUR PINCE FILMEUSE";"OR 13,64*5,33 NBR";10;"OR 13,64*5,33 NBR";3;;0,70 €;19;5;26;0,00 €;;;0;0;;;;0;0;0;1;15/1/2026 00:00:00;22;0;0;0;;
3796;183824;"CABLE M8 4B FEM 10M";"EVF140";44;"EVF140";1;;25,00 €;1;1;2;0,00 €;;;0;0;;;;0;0;0;1;15/1/2026 00:00:00;1;13;103;0;;
3797;100395;"AMPOULE GU5.3 12V 50W 38°";"HR63218";10;;1;;12,00 €;4;1;4;0,00 €;;;0;0;;;;0;0;0;1;2/2/2026 00:00:00;31;2;405;0;;
3798;183843;"ROULEAU EXTRUDEUR TARTO";"ROULEAU EXTRUDEUR TARTO";71;;3;;25,00 €;6;2;2;0,00 €;;;0;0;;;;0;0;0;1;2/2/2026 00:00:00;20;1;0;0;;
3799;183846;"FLEXTOR MECANICAIR";"ROTEX GS 14 SH98";10;"KTR 55014100004";3;;25,00 €;8;2;6;0,00 €;;"<div>mécanic'air</div>";0;0;;;;0;0;0;1;12/3/2026 00:00:00;20;3;1002;0;;
3800;183807;"BATTERIE BAES Nicd 1600mAh";"MGM0750";10;"MGM0750";1;;44,83 €;1;1;1;0,00 €;;;0;0;;;;0;0;0;1;2/2/2026 00:00:00;32;2;403;0;;
3801;183853;"RESISTANCE 1000W PC240 230V";"1FZSE767P003";162;"1FZSE767P003";1;;219,89 €;2;1;2;0,00 €;;"PASTO 6 ET 7";0;0;;;;0;0;0;1;26/2/2026 00:00:00;0;0;0;0;;
3803;128384;"TETE BOUTON TOURNANT 2 POS";"ZB5AD2";91;"ZB5AD2";1;;7,34 €;2;1;0;0,00 €;;;0;0;;;;0;0;0;1;4/2/2026 00:00:00;2;2;308;0;;
3804;183854;"TETE BOUTON TOURNANT 3POS";"ZB5AD7";91;"ZB5AD7";1;;9,26 €;2;1;0;0,00 €;;;0;0;;;;0;0;0;1;13/2/2026 00:00:00;2;2;309;0;;
3805;183855;"TETE POUSSOIR LUMINEUX BLEU";"ZB5AW363";91;"ZB5AW636";1;;6,21 €;2;1;0;0,00 €;;;0;0;;;;0;0;0;1;4/2/2026 00:00:00;2;2;307;0;;
3806;183856;"FENETRE INSPECTION 297-1207";"297-1207";10;"297-1207";1;;24,39 €;1;1;0;0,00 €;;;0;0;;;;0;0;0;1;4/2/2026 00:00:00;2;8;101;0;;
3807;183857;"INTERUPTEUR SECTIONNEUR 3P+N 32A";"P1-32/M4/SVB/N";95;"P1-32/M4/SVB/N";1;;74,99 €;2;1;1;0,00 €;;"NAPPEUSE BUN'S";0;0;;;;0;0;0;1;6/2/2026 00:00:00;21;3;404;0;;
3808;183860;"SANGLE 100M RIDEAU  GUIDAGE LARG 115MM";"SANGLE 100M RIDEAU  GUIDAGE LARG 115MM";10;;3;;6,74 €;72;10;100;0,00 €;;"A SORTIR PAR METRE SANGLE GUIDAGE PORTES SOUPLES";0;0;;;;0;0;0;1;17/2/2026 00:00:00;0;0;0;0;;
3809;183861;"JOINT LAMPE FOUR MIWE";"504544.27";10;"504544.27";3;;12,00 €;10;1;3;0,00 €;;"MIWE";0;0;;;;0;0;0;1;16/2/2026 00:00:00;40;2;402;0;;
3810;100396;"PONT DE DIODE 240V 25A";"GBPC2502";10;"GBPC2502";1;;25,00 €;1;1;1;0,00 €;;;0;0;;;;0;0;0;1;11/2/2026 00:00:00;2;5;107;0;;
3811;173993;"COURROIE DOUBLE CRANTE LARG 30";"658 8M 30";10;"658 8M 30";3;;96,90 €;1;1;1;0,00 €;;"LAMINOIR";0;0;;;;0;0;0;1;4/3/2026 00:00:00;31;3;404;0;;
3812;173992;"COURROIE SYNCHRONE LARG 27";"424 8M 27";10;"424 8M 27";3;;13,60 €;1;1;1;0,00 €;;"LAMINOIR";0;0;;;;0;0;0;1;24/2/2026 00:00:00;31;3;404;0;;
3813;173994;"COURROIE SYNCHRONE LARG 12";"5 MR 360 12";192;"5 MR 360 12";3;;8,25 €;1;1;2;0,00 €;;"LAMINOIR
EQUIV 5MHP-360-12";0;0;;;;0;0;0;1;24/2/2026 00:00:00;31;3;404;0;;
3814;173995;"COURROIE SYNCHRONE LARG 12";"5MR 375 12";192;"5MR 375 12";3;;8,88 €;1;1;2;0,00 €;;"LAMINOIR
EQUIV 5MHP-375-12";0;0;;;;0;0;0;1;24/2/2026 00:00:00;0;0;0;0;;
3815;183865;"COURROIE QUAD POWER POULIE MOTEUR";"XPZ2360 IV";193;"XPZ2360 IV";3;;17,83 €;8;8;8;0,00 €;;"PETRIN FERNETO";0;0;;;;0;0;0;1;18/2/2026 00:00:00;0;0;0;0;;
3816;183866;"COURROIE XE POWER 10.8 LP1462";"XPZ1462 XEP";192;"XE POWER 10.8 LP1462";3;;10,52 €;3;3;1;0,00 €;;"PETRIN FERNETO";0;0;;;;0;0;0;1;18/2/2026 00:00:00;31;3;401;0;;
3817;183867;"COURROIE SYNCHRONE LARG 30 LONG 2104";"D8M 2104 30";192;" D8M 2104 30";3;;231,86 €;1;1;1;0,00 €;;"PETRIN FERNETO";0;0;;;;0;0;0;1;4/3/2026 00:00:00;0;0;0;0;;
3818;183868;"COFFRET MASTERCELLA2 PROCOLD";"MD33D5EB00";81;"MD33D5EB00";1;;270,97 €;1;1;2;0,00 €;;"PROCOLD";0;0;;;;0;0;0;1;2/7/2026 00:00:00;50;1;0;0;;
3820;183869;"VERIN A GAZ D23  COUVERCLE";"3469553";162;"3469553";3;;471,72 €;1;1;2;0,00 €;;"PASTO 7 VENDU PAR PAIRE";0;0;;;;0;0;0;1;2/3/2026 00:00:00;20;4;804;0;;
3821;170615;"ALTIVAR LIGNE POLIN AVEC PORT CAN";"ATV320U 04M2C";91;"ATV320U 04M2C";1;;245,00 €;1;1;1;0,00 €;;"ATIVAR LIGNE POLIN NE FONCTION PAS AVEC LA LIGNE POLIN PB COMMUNICATION CAN";0;0;;;;0;0;0;1;17/2/2026 00:00:00;0;0;0;0;;
3822;183870;"CABLE PROLONGATEUR 1M 4P M8";"EVF180 M8 4P M/F";44;"EVF180";1;;35,85 €;2;1;2;0,00 €;;;0;0;;;;0;0;0;1;2/3/2026 00:00:00;1;11;302;0;;
3823;183958;"TAPIS RX 1 BLEU";"SILICONE 4068*420";125;"SILICONE 4068*420";3;;168,00 €;1;1;1;0,00 €;;;0;0;;;;0;0;0;1;28/5/2026 00:00:00;0;0;0;0;;
3824;183959;"TAPIS RX2 BLEU";"SILICONE 3068*420";125;;0;;142,90 €;1;1;1;0,00 €;;;0;0;;;;0;0;0;1;28/5/2026 00:00:00;0;0;0;0;;
3825;183957;"TAPIS DM 2";"TAPIS DM 2 1636*350";125;;3;;88,57 €;1;1;1;0,00 €;;;0;0;;;;0;0;0;1;28/5/2026 00:00:00;0;0;0;0;;
3826;183956;"TAPIS PESAGE TP2";"1017*350";125;;;;75,14 €;1;1;1;0,00 €;;;0;0;;;;0;0;0;1;28/5/2026 00:00:00;0;0;0;0;;
3827;183955;"TAPIS EVACUATION TP2 BFR";"SL SY 052 1725*400";125;;;;85,65 €;1;1;1;0,00 €;;;0;0;;;;0;0;0;1;28/5/2026 00:00:00;0;0;0;0;;
3828;183978;"TAPIS DM BUN'S";"SL SY148  1640*230";125;;3;;79,09 €;0;1;1;0,00 €;;"<div>Bun's</div>";0;0;;;;0;0;0;1;;0;0;0;0;;
3829;183950;"PLAQUE SOUDURE 108*193";"71315032";157;"71315032";3;;262,34 €;7;6;7;0,00 €;;"<div>ULMA</div>";0;0;;;;0;0;0;1;5/6/2026 00:00:00;45;0;0;0;;
3830;183872;"OBINE A EMISSION MX";"HXF004H2";155;"HXF004H2";1;;50,00 €;2;1;1;0,00 €;;"ARTIC";0;0;;;;0;0;0;1;2/3/2026 00:00:00;3;10;502;0;;
3831;183874;"SONDE TEMPERATURE ET HYGRO STH9";"PLATINE 14S9";195;"PLATINE 14S9";1;;191,61 €;4;1;2;0,00 €;;"ETUVE";0;0;;;;0;0;0;1;3/4/2026 00:00:00;40;4;105;0;;
3832;183876;"ATTACHE RAPIDE ANTICORROSION";"05B1ARSS";10;"05B1ARSS";3;;2,25 €;0;1;3;0,00 €;;;0;0;;;;0;0;0;1;;0;0;0;0;;
3833;153823;"VERIN A GAZ STABILUS 200N";"50485";10;"50485";3;;25,85 €;2;2;2;0,00 €;;"COMPOSE DE ST200+F1V+D8 + STO722421 + STO92990A";0;0;;;;0;0;0;1;18/3/2026 00:00:00;31;3;305;0;;
3834;183879;"INSERT MALE 16 BROCHES";"CSHM 16";89;"CSHM 16";1;;10,51 €;6;5;5;0,00 €;;;0;0;;;;0;0;0;1;5/3/2026 00:00:00;2;4;503;0;;
3835;183880;"INSERT FEMELLE 6 BROCHES";"CSHF06";89;"CSHF06";1;;5,58 €;5;5;5;0,00 €;;;0;0;;;;0;0;0;1;5/3/2026 00:00:00;2;4;303;0;;
3836;183886;"MOTEUR A PATTE  HOTTE ASPIRANTE";"MA2,2A4B34IE3";10;"MA2,2A4B34IE3";10;;291,43 €;0;0;1;0,00 €;;"HOTTE PASTO";0;0;;;;0;0;0;5;12/3/2026 00:00:00;0;0;0;0;;
3837;100404;"SUPPORT BOUTON ABB";"SUPPORT BOUTON ABB";94;"SUPPORT BOUTON ABB";1;;10,00 €;4;2;5;0,00 €;;;0;0;;;;0;0;0;1;5/3/2026 00:00:00;2;2;303;0;;
3838;100405;"BOUTON 2 POSITION VERT";"1SFA611201R1102 / M2SS2-11G";94;"1SFA611201R1102";1;;12,00 €;2;1;2;0,00 €;;;0;0;;;;0;0;0;1;5/3/2026 00:00:00;2;2;304;0;;
3839;183890;"CORPS FREIN 80FM MOTEUR PORTE SOUPLE";"CORPS FREIN 80FM MOTEUR PORTE SOUPLE";10;;10;;368,00 €;1;1;1;0,00 €;;"FREIN MOTEUR PORTE SOUPE";0;0;;;;0;0;0;1;6/8/2026 00:00:00;40;4;105;0;;
3840;183891;"DISQUE FREIN 8004FM PORTE SOUPLE";"DISQUE FREIN 8004FM PORTE SOUPLE";10;;10;;127,00 €;1;1;1;0,00 €;;"PORTE SOUPLE";0;0;;;;0;0;0;1;24/7/2026 00:00:00;40;4;105;0;;
3841;183845;"MOYEU ACCOUPLEMENT INOX D14";"ROTEX GS 14";10;"ROTEX GS 14";3;;50,00 €;3;2;1;0,00 €;;"<div>mécanic'air</div>";0;0;;;;0;0;0;1;12/3/2026 00:00:00;20;3;1002;0;;
3842;183844;"MOYEU ACCOUPLEMENT INOX D10";"ROTEX GS 10";10;"ROTEX GS 10";3;;50,00 €;10;2;10;0,00 €;;"<div>mécanic'air</div>";0;0;;;;0;0;0;1;12/3/2026 00:00:00;20;3;1002;0;;
3843;182061;"VARIATEUR CENTRALE CO2";"FC-302P30KT5P55H2";10;"FC-302P30KT5P55H2";1;;3947,00 €;1;1;1;0,00 €;;"centrale co2";0;0;;;;0;0;0;1;23/3/2026 00:00:00;0;0;0;0;;
3844;100406;"ROULEAU ENTRAINEMENT NON EQUILIBRE 300 bizerba";"ROULEAU ENTRAINEMENT NON EQUILIBRE 300";176;"ROULEAU ENTRAINEMENT NON EQUILIBRE 300";3;;100,00 €;1;1;1;0,00 €;;"A UTILIER POUR LES AUTRES CONVOYEURS QUE PESEE";0;0;;;;0;0;0;1;13/3/2026 00:00:00;31;3;403;0;;
3845;100407;"ROULEAU NON EQUILIBRE BB300 bizerba";"ROULEAU NON EQUILIBRE BB300 bizerba";176;"ROULEAU NON EQUILIBRE BB300 bizerba";3;;100,00 €;1;1;1;0,00 €;;"A UTILISER POUR LES AUTRES CONVOYEURS QUE PESEE";0;0;;;;0;0;0;1;13/3/2026 00:00:00;31;3;403;0;;
3846;183893;"VARIATEUR TRI 2.2KW FC-101P2K2T4E20H4";"FC-101P2K2T4E20H4";77;"FC-101P2K2T4E20H4";10;;1029,00 €;0;0;1;0,00 €;;"HOTTES";0;0;;;;0;0;0;5;23/3/2026 00:00:00;0;0;0;0;;
3847;183899;"CONDUIT ASPIRATION LG705 DINT 73 UN3/13";"UN3/00013";98;"UN3/00013";3;;952,00 €;1;0;1;0,00 €;;;0;0;;;;0;0;0;1;18/9/2026 00:00:00;0;0;0;0;;
3848;183900;"VERIN MONTEE/DESCENTE D67 LG660";"UN4/00431";98;"UN4/00431";2;;1260,00 €;0;0;1;0,00 €;;;0;0;;;;0;0;0;1;;0;0;0;0;;
3849;183901;"CALE TEFLON CENTRAGE COLONNE 85*25 EP 10";"UN1/00120";98;"UN1/00120";3;;9,00 €;0;4;8;0,00 €;;;0;0;;;;0;0;0;1;;0;0;0;0;;
3850;183902;"EJECTEUR SANGLE 600";"EJECTEUR SANGLE 600";196;"EJECTEUR SANGLE 600";3;;;10;2;10;0,00 €;;;0;0;;;;0;0;0;1;3/4/2026 00:00:00;40;1;101;0;;
3851;183903;"BORD CONTACT AVEC CABLE";"BORD CONTACT AVEC CABLE";196;"BORD CONTACT AVEC CABLE";1;;133,46 €;2;1;2;0,00 €;;;0;0;;;;0;0;0;1;3/4/2026 00:00:00;0;0;0;0;;
3852;183904;"GUIDE SANGLE PLASTIQUE FRIGO";"GUIDE SANGLE PLASTIQUE FRIGO";196;"GUIDE SANGLE PLASTIQUE FRIGO";3;;32,42 €;9;4;10;0,00 €;;;0;0;;;;0;0;0;1;3/4/2026 00:00:00;40;1;101;0;;
3853;183905;"POMPE MOUVEX MICROC 250 FKM";"MC250 I/VT/DIN20/TS/C100/[ESOR-SPECIAL A4]";10;"MC250 I/VT/DIN20/TS/C100/[ESOR-SPECIAL A4]";3;;3980,50 €;1;1;1;0,00 €;;"<div>nappeuse bakon</div>";0;0;;;;0;0;0;1;21/5/2026 00:00:00;11;2;201;0;;
3854;182607;"COUPLEUR F TRAVERSE CLOISON";"21KBKS08MPN";8;"21KBKS08MPN";2;;21,20 €;2;2;10;0,00 €;;;0;0;;;;0;0;0;1;19/3/2026 00:00:00;0;0;0;0;;
3855;182608;"COUPLEUR M TRAVERSE CLOISON";"21SBKS08MPN";8;"21SBKS08MPN";2;;20,30 €;2;2;10;0,00 €;;;0;0;;;;0;0;0;1;19/3/2026 00:00:00;0;0;0;0;;
3856;182609;"COUPLEUR M TUBE D8MM";"21KBKO08MPN";8;"21KBKO08MPN";2;;16,50 €;6;2;10;0,00 €;;;0;0;;;;0;0;0;1;19/3/2026 00:00:00;0;0;0;0;;
3857;182610;"COUPLEUR F TUBE D8MM";"21SBKO08MPN";8;"21SBKO08MPN";2;;13,19 €;6;2;10;0,00 €;;;0;0;;;;0;0;0;1;19/3/2026 00:00:00;0;0;0;0;;
3858;183910;"MOTEUR FREIN PORTE SOUPLE 2 VITESSES";"TBMF080C4 2B05-4";197;"TBMF080C4 2B05-4";10;;990,12 €;1;1;1;0,00 €;;"PORTE SOUPLE";0;0;;;;0;0;0;1;24/4/2026 00:00:00;40;4;105;0;;
3859;164193;"ACCOUPLEMENT -";"AN84Y170100";198;"AN84Y170100";3;;42,00 €;0;1;1;0,00 €;;"rx";0;0;;;;0;0;0;1;;0;0;0;0;;
3860;183912;"SECURITE MAGNETIQUE RAYON X";"AN440NG02123";198;"AN440NG02123";8;;192,00 €;0;1;1;0,00 €;;"RAYON X";0;0;;;;0;0;0;1;;0;0;0;0;;
3861;183913;"MOTOREDUCTEUR RAYON X";" AN83G901433C";198;" AN83G901433C";10;;1290,20 €;0;1;1;0,00 €;;"BFR";0;0;;;;0;0;0;1;;0;0;0;0;;
3862;183914;"MOTEUR TAPIS ENTRE TP BFR";"AN83G901478";198;"AN83G901478";10;;551,87 €;0;0;0;0,00 €;;"TAPIS ENTREE TP BFR";0;0;;;;0;0;0;1;;0;0;0;0;;
3863;183915;"ROULEAU D'ENTRAINEMENT TAPIS PESEE BFR";"AN839H176790E";198;"AN839H176790E";3;;351,78 €;0;1;1;0,00 €;;"TP BFR";0;0;;;;0;0;0;1;;0;0;0;0;;
3864;183916;"ROULEAUX ENTRAINE TAPIS PESEE BFR";"AN839H176795E";198;"AN839H176795E";3;;350,00 €;0;1;1;0,00 €;;"<div>PESEE BFR</div>";0;0;;;;0;0;0;1;;0;0;0;0;;
3866;100408;"JOINT BLANC EMPREINTE SUPERIEUR";"9511468  D4 VITON";157;"9511468";3;;0,05 €;280;30;0;0,00 €;;"<div>ULMA a sortir en cm</div>";0;0;;;;0;0;0;1;31/3/2026 00:00:00;45;0;0;0;;
3867;183918;"JOINT POMPE BUN'S + CERTIFICAT CE";"BA16224VI BAGUE 16*22*4 FDM";10;"BA16224VI";3;;9,76 €;3;3;10;0,00 €;;"POMPE NAPPEUSE BUN'S";0;0;;;;0;0;0;1;11/5/2026 00:00:00;11;2;104;0;;
3868;183919;"JOINT TORIQUE 43*3,5";"JOINT TORIQUE 43*3,5";10;"JOINT TORIQUE 43*3,5";3;;0,86 €;10;2;10;0,00 €;;"MATRICE TARTO";0;0;;;;0;0;0;1;15/4/2026 00:00:00;20;0;0;0;;
3869;183920;"JOINT TORIQUE 100*3.5 MATRICE TARTO";"JOINT TORIQUE 100*3.5 MATRICE TARTO";10;"JOINT TORIQUE 100*3.5";3;;2,40 €;9;2;10;0,00 €;;" MATRICE TARTO";0;0;;;;0;0;0;1;10/4/2026 00:00:00;20;0;0;0;;
3870;183921;"LUMINAIRE LED 1500 46W IP65";"OSR541207";42;"OSR541207";1;;31,16 €;24;1;10;0,00 €;;"LUMINAIRE ETANCHE";0;0;;;;0;0;0;1;28/9/2026 00:00:00;0;0;0;0;;
3871;183922;"COUVERCLE  5 CONTACTS ALU AVEC LEVIER";"CKAX03CX";89;"CKAX03CX";1;;14,19 €;2;1;1;0,00 €;;;0;0;;;;0;0;0;1;17/4/2026 00:00:00;2;4;107;0;;
3872;183923;"EMBASE 5 CONTACTS  ALU COUDEE +PG20";"MKAIAP20";89;"MKAIAP20";1;;3,71 €;2;1;1;0,00 €;;;0;0;;;;0;0;0;1;23/4/2026 00:00:00;2;4;108;0;;
3873;183924;"MOTEUR / CODEUR TETE IMPRESSION VIDEOJET";"407873";170;"407873";1;;2932,50 €;1;1;1;0,00 €;;"VIDEOJET";0;0;;;;0;0;0;1;5/5/2026 00:00:00;11;1;604;0;;
3874;183925;"CELLULE RUBAN VIDEOJET";"407917";170;"407917";1;;172,00 €;1;1;1;0,00 €;;"VIDEOJET";0;0;;;;0;0;0;1;5/5/2026 00:00:00;11;1;603;0;;
3875;183926;"CELLULE VERIFICATION IASSAURE VIDEOJET";"407937";170;"407937";1;;85,80 €;1;1;1;0,00 €;;"VIDEOJET";0;0;;;;0;0;0;1;5/5/2026 00:00:00;11;1;605;0;;
3876;183927;"IASSURE LIGHTBOX VIDEOJET";"407936";170;"407936";1;;292,50 €;1;1;1;0,00 €;;"VIDEOJET";0;0;;;;0;0;0;1;5/5/2026 00:00:00;11;1;604;0;;
3877;183928;"CHAINE NASTRO";"SCA0003061";110;"SCA0003061";3;;19,60 €;1;1;1;0,00 €;;"SCOTCHEUSE";0;0;;;;0;0;0;1;21/5/2026 00:00:00;11;1;808;0;;
3879;183929;"MODULE VERINE LED VERT";"PAT LR5-E-G";10;"PAT LR5-E-G";1;;19,58 €;1;1;1;0,00 €;;"BFR";0;0;;;;0;0;0;1;11/5/2026 00:00:00;31;3;405;0;;
3880;183930;"MODULE VERINE LED JAUNE";"PAT LR5-E-Y";10;"PAT LR5-E-Y";1;;19,58 €;1;1;1;0,00 €;;"BFR";0;0;;;;0;0;0;1;11/5/2026 00:00:00;31;3;405;0;;
3881;183931;"MODULE VERINE LED ROUGE";" PAT LR5-E-R";10;" PAT LR5-E-R";1;;19,58 €;1;1;1;0,00 €;;"BFR";0;0;;;;0;0;0;1;11/5/2026 00:00:00;31;3;405;0;;
3882;183932;"COLONNE VERINE LED";"PAT LR5-02WJNW";10;"PAT LR5-02WJNW";1;;37,40 €;1;1;1;0,00 €;;"BFR";0;0;;;;0;0;0;1;11/5/2026 00:00:00;31;3;405;0;;
3884;183948;"COMPTEUR EAU DISTRIBUTEUR PASTO";"END DMA20-1098/0 3/4""";10;"DMA20-1098/0 3/4""";1;;641,25 €;0;1;1;0,00 €;;"DISTRIBUTEUR EAU";0;0;;;;0;0;0;4;21/5/2026 00:00:00;40;2;502;0;;
3885;183949;"MOTEUR SOUFFLAFGE AIR FOUR DENBOER";"MOTEUR 3KW 3000TR/MN B3IE3";10;"MOTEUR 3KW 3000TR/MN B3IE3";10;;342,00 €;1;1;1;0,00 €;;"FOUR DENBOER";0;0;;;;0;0;0;1;21/5/2026 00:00:00;45;0;0;0;;
3887;183951;"CALE SOUDURE 108*193";"7131482";157;"7131482";3;;215,62 €;6;6;6;0,00 €;;"ULMA";0;0;;;;0;0;0;1;5/6/2026 00:00:00;45;0;0;0;;
3888;183952;"DISQUE EJECTEUR MATRICE FONCAGE D10";"SUPPORT MATRICE TARTO";71;"SUPPORT MATRICE TARTO";3;;438,15 €;2;1;2;0,00 €;;"TARTO";0;0;;;;0;0;0;1;28/7/2026 00:00:00;20;11;0;0;;
3889;183953;"DISQUE EJECTEUR MATRICE FONCAGE D8/D9";"343-05-6349";71;"343-05-6349";3;;373,20 €;2;1;2;0,00 €;;"TARTO";0;0;;;;0;0;0;1;28/7/2026 00:00:00;20;11;0;0;;
3890;183911;"ROULEAU PEK FOUR INFRA ROUGE";"ROULEAU PEK FOUR INFRA ROUGE";71;;3;;50,00 €;8;4;8;0,00 €;;"FOUR INFRA";0;0;;;;0;0;0;1;13/5/2026 00:00:00;40;3;305;0;;
3891;100409;"RELAIS CREPUSCULAIRE AVEC SONDE";"RELAIS CREPUSCULAIRE AVEC SONDE";155;"RELAIS CREPUSCULAIRE AVEC SONDE";1;;120,00 €;1;1;1;0,00 €;;;0;0;;;;0;0;0;1;13/5/2026 00:00:00;2;11;501;0;;
3893;183961;"TAPIS OPERCULEUSE 2115*330 BLEU";"TAPIS OPERCULEUSE 2115*330 BLEU";125;"TAPIS OPERCULEUSE 2115*330 BLEU";3;;160,00 €;0;1;1;0,00 €;;;0;0;;;;0;0;0;4;28/5/2026 00:00:00;0;0;0;0;;
3894;183960;"TAPIS DEPILLEUR ULMA 2300*350 BLEU";"TAPIS DEPILLEUR ULMA 2300*350 BLEU";125;"TAPIS DEPILLEUR ULMA 2300*350 BLEU";3;;207,00 €;1;1;1;0,00 €;;;0;0;;;;0;0;0;1;30/9/2026 00:00:00;0;0;0;0;;
3895;183962;"RENVOI STOP GOUTTE EN INOX";"RENVOI STOP GOUTTE EN INOX";71;"RENVOI STOP GOUTTE EN INOX";3;;36,80 €;4;1;4;0,00 €;;"FILLPACK 2";0;0;;;;0;0;0;1;1/6/2026 00:00:00;20;2;504;0;;
3896;100410;"COURROIE ORANGE";"COURROIE ORANGE";110;"COURROIE ORANGE";3;;50,00 €;4;2;4;0,00 €;;"SCOTEUSE SIAT BL 2048317 DU 7/12/23";0;0;;;;0;0;0;1;21/5/2026 00:00:00;11;1;808;0;;
3897;183965;"TRANSMETTEUR PRESSION 0-25B 4-20MA 1/4 INOX";"TRANSMETTEUR PRESSION 0-25B 4-20MA";10;;1;;162,00 €;1;1;1;0,00 €;;;0;0;;;;0;0;0;1;26/5/2026 00:00:00;50;0;0;0;;
3898;183966;"HANSEN KIT VANNE THERM  HOTV 51";"HANSEN KIT VANNE THERM  HOTV 51";10;;1;;905,40 €;1;1;1;0,00 €;;;0;0;;;;0;0;0;1;28/5/2026 00:00:00;50;0;0;0;;
3899;183947;"FICHE HYPRA 63A 3P+N+T";"059448";46;"059448";1;;50,00 €;0;1;1;0,00 €;;;0;0;;;;0;0;0;4;2/6/2026 00:00:00;30;3;208;0;;
3900;183946;"EMBASE PRISE 63 A 3P+N+T";"059428";46;"059428";1;;50,00 €;1;1;1;0,00 €;;;0;0;;;;0;0;0;1;2/6/2026 00:00:00;30;3;208;0;;
3901;183967;"ALIMENTATION 240V 24VDC 0,63A";"HDR 15 24";201;"HDR 15 24";1;;50,00 €;1;1;1;0,00 €;;"CAPTEUR NIVEAU POMPE TRANSFERT";0;0;;;;0;0;0;1;2/6/2026 00:00:00;21;2;801;0;;
3902;183970;"MOTEUR TAKEUP SURGELATEUR";"KA47TDRN80MK4ALDH";61;"KA47TDRN80MK4ALDH";10;;1325,00 €;0;1;1;0,00 €;;;0;0;;;;0;0;0;1;;45;0;0;0;;
3903;183971;"MOTEUR NAPPEUSE BAKON";"TAILLE 80 0.55KW 935T/MIN";202;"80 0.55KW 935T/MIN";10;;258,91 €;1;1;1;0,00 €;;"MOTEUR NAPPEUSE BAKON";0;0;;;;0;0;0;1;21/8/2026 00:00:00;45;0;0;0;;
3904;183972;"REGULATEUR PRESSION";"ITV1030-31F2";6;" ITV1030-31F2";2;;345,00 €;1;1;1;0,00 €;;"NAPPEUSE BAKON";0;0;;;;0;0;0;1;18/6/2026 00:00:00;3;7;302;0;;
3905;183973;"VARIATEUR CONVOYEUR CORRECTION";"ANG 210-01-1FA";203;"ANG 210-01-1FA";1;;770,00 €;1;1;1;0,00 €;;"ULMA";0;0;;;;0;0;0;1;3/7/2026 00:00:00;6;4;201;0;;
3906;183979;"TAPIS ENTREE 1 ULMA 1030*340";" FR01-CFG-32604";125;"1030*240 -CFG-32604";3;;140,07 €;0;1;1;0,00 €;;"ENTREE 1 ULMA";0;0;;;;0;0;0;1;;0;0;0;0;;
3907;183980;"TAPIS ENTREE 2 ULMA 2100*330";"FR01-CFG-32605";125;"FR01-CFG-32605";3;;172,83 €;0;1;1;0,00 €;;"tapis entree 2 ulma";0;0;;;;0;0;0;1;;0;0;0;0;;
3908;183981;"TAPIS SORTIE ULMA 2820*330";"FR01-CFG-32606";125;"FR01-CFG-32606";3;;190,87 €;0;1;1;0,00 €;;"SORTIE ULMA";0;0;;;;0;0;0;1;;0;0;0;0;;
3909;183982;"DISTRIBUTEUR 5/2 24VDC";"SY9120-5WOU-03FQ";6;"SY9120-5WOU-03FQ";2;;75,96 €;1;1;1;0,00 €;;"NAPPEUSE BAKON";0;0;;;;0;0;0;1;17/8/2026 00:00:00;3;4;401;0;;
3910;183983;"MANCHON ACCOUPLEMENT";"BOWEX 19 POLYAMIDE";10;"BOWEX 19 POLYAMIDE";3;;5,14 €;2;1;2;0,00 €;;"ACCOUPLEMENT MOTEUR NAPPEUSE BAKON";0;0;;;;0;0;0;1;17/8/2026 00:00:00;21;1;502;0;;
3911;100411;"ELECTROVANNE EAU 1/2""24V 50HZ";"ELECTROVANNE EAU 1/2""24V 50HZ";10;"L140B5-Z610A G";1;;50,00 €;1;1;2;0,00 €;;"LAVE SEMELLE PROD";0;0;;;;0;0;0;1;10/6/2026 00:00:00;30;3;101;0;;
3912;100412;"TUYAU CHAUFFANT NAPPEUSE";"TUYAU CHAUFFANT NAPPEUSE";204;"TUYAU CHAUFFANT NAPPEUSE";4;;1400,00 €;1;1;1;0,00 €;;"NAPPEUSE";0;0;;;;0;0;0;1;10/6/2026 00:00:00;0;0;0;0;;
3913;183984;"ACCOUPLEMENT ROTEX INOX D14-D19";"ROTEX INOX D14-D19";10;"ROTEX INOX D14-D19";3;;302,59 €;1;1;1;0,00 €;;"NAPPEUSE BAKON";0;0;;;;0;0;0;1;1/7/2026 00:00:00;21;1;501;0;;
3914;100413;"HUILE MINERALE 5L";"SEW 220E1";10;"2546011";9;;46,90 €;0;1;1;0,00 €;;"REDUCTEUR TAPIS FOUR 7L POUR KA97 ET 0,8L POUR R57";0;0;;;;0;0;0;1;;50;0;0;0;;
3915;183659;"FILTRE DESHYDRATEUR CENTRALE CO2";"FILTRE DESHYDRATEUR CENTRALE CO2";10;;9;;50,00 €;16;2;1;0,00 €;;"CENTRALE CO2";0;0;;;;0;0;0;1;17/6/2026 00:00:00;0;0;0;0;;
3916;183986;"IHM LIGNE VANDERPOL SIEMENS TP177B";"6AV6642-0BA01-1AX1";83;"6AV6642-0BA01-1AX1";15;;900,00 €;1;1;1;0,00 €;;"<div>LIGNE VANDERPOL</div>";0;0;;;;0;0;0;1;27/7/2026 00:00:00;6;0;0;0;;
3917;100414;"CONDENSATEUR 6 µf";"196-4781";10;"196-4781";1;;15,00 €;1;1;1;0,00 €;;"SMIPACK";0;0;;;;0;0;0;1;23/6/2026 00:00:00;1;7;103;0;;
3918;183995;"JOINT BRIDE 100*165*2 + 4T10 D140";"JOINT BRIDE 100*165*2 + 4T10 D140";10;"JOINT BRIDE 100*165*2 + 4T10 D140";3;;14,05 €;2;1;1;0,00 €;;"<div>JOINT INSUFLATION AIR DANS FOUR DENBOER</div>";0;0;;;;0;0;0;1;24/7/2026 00:00:00;40;3;306;0;;
3919;183996;"INTERRUPTEUR SECURITE";"BNS30302ZST2211";103;"BNS30302ZST2211";1;;112,50 €;1;1;1;0,00 €;;"<div>ULMA</div>";0;0;;;;0;0;0;1;6/8/2026 00:00:00;1;6;501;0;;
3920;183997;"INTERRUPTEUR SECURITE";"BPS303";103;"BPS303";1;;19,60 €;1;1;1;0,00 €;;"ULMA";0;0;;;;0;0;0;1;6/8/2026 00:00:00;1;6;502;0;;
3921;183998;"CAPTEUR PRESSION  0.1-6B 4.20MA";"14505404";205;"14505404";1;;238,65 €;1;1;1;0,00 €;;"ULMA";0;0;;;;0;0;0;1;6/8/2026 00:00:00;1;9;303;0;;
3922;183999;"RELAIS SECURITE 24V";"PNOZ S5 C 24V";39;"PNOZ S5 C 24V PILZ";1;;341,00 €;1;1;1;0,00 €;;"<div>NAPPEUSE BAKON</div>";0;0;;;;0;0;0;1;30/7/2026 00:00:00;1;6;401;0;;
3923;184000;"COURROIE HTD 5M 1350-25";"HTD5M LARG25 LONG 1350";10;"HTD5M LARG25 LONG 1350";3;;25,00 €;1;1;1;0,00 €;;"ULMA";0;0;;;;0;0;0;1;29/7/2026 00:00:00;45;0;0;0;;
3924;100415;"CONDENSATEUR 25µF 452V";"CONDENSATEUR 25µF 452V";10;"CONDENSATEUR 25µF 452V";1;;25,00 €;1;1;1;0,00 €;;"PORTAIL";0;0;;;;0;0;0;1;6/7/2026 00:00:00;1;7;104;0;;
3925;184001;"VARIATEUR I510 C0,55 230V";" I51AE155B10V10000S";117;" I51AE155B10V10000S";1;;250,88 €;1;1;1;0,00 €;;"NAPPEUSE BAKON";0;0;;;;0;0;0;1;4/9/2026 00:00:00;6;3;201;0;;
3926;184002;"CLAVIER COMMANDE VARIATEUR";"I5MADK00000S";117;"I5MADK00000S";1;;69,96 €;1;1;1;0,00 €;;"NAPPEUSE BAKON";0;0;;;;0;0;0;1;4/9/2026 00:00:00;6;3;202;0;;
3927;184004;"FILTRE A HUILE NH3";"HC2003FNT12HYR14";10;"HC2003FNT12HYR14";11;;608,00 €;3;1;3;0,00 €;;"FILTRE NH3";0;0;;;;0;0;0;1;21/7/2026 00:00:00;50;2;0;0;;
3928;184005;"BOITIER NU POUR VCF";"VCFXGE1";91;"VCFXGE1";1;;33,68 €;2;1;2;0,00 €;;;0;0;;;;0;0;0;1;24/7/2026 00:00:00;21;3;304;0;;
3933;184006;"JEU DE JOINTS ROBINET DN10/15 EPDM";"P0100430003";10;"P0100430003";14;;11,35 €;9;1;10;0,00 €;;"VANNES CO2";0;0;;;;0;0;0;1;30/7/2026 00:00:00;50;0;0;0;;
3936;184007;"CIRCULATEUR WILO";"4047573 STAR-Z 25/6-3";10;"4047573 STAR-Z 25/6-3";4;;452,58 €;0;1;1;0,00 €;;"fillpack 1";0;0;;;;0;0;0;5;;0;0;0;0;;
3937;184008;"FRETTE 25483 DOSEUSE FILLPACK 2";"25483";166;;3;;385,00 €;1;1;1;0,00 €;;"<div>fillpack 2</div>";0;0;;;;0;0;0;1;17/8/2026 00:00:00;20;2;405;0;;
3938;184009;"CARTE ELECTRONIQUE SMIPACK";"KZ010153";9;"KZ010153";6;;340,00 €;0;1;1;0,00 €;;;0;0;;;;0;0;0;5;6/8/2026 00:00:00;0;0;0;0;;
3939;183974;"ALIMENTATION LOGO 24VDC 1,3A";"6EP3331-6SB00-0AY0";83;"6EP3331-6SB00-0AY0";15;;70,00 €;1;1;1;0,00 €;;"CADENCEUR AV BIZERBA";0;0;;;;0;0;0;1;20/8/2026 00:00:00;6;3;101;0;;
3940;183975;"LOGO 24CE  8 DI 4 DO";"6ED1052-1CC08-0BA3";83;"6ED1052-1CC08-0BA3";15;;150,00 €;1;1;1;0,00 €;;"CADENCEUR";0;0;;;;0;0;0;1;20/8/2026 00:00:00;6;3;102;0;;
3941;184019;"COURROIE INSUFFLATION AIR";"XPZ710";10;;3;;50,00 €;2;1;2;0,00 €;;"FOUR DENBOER";0;0;;;;0;0;0;1;21/8/2026 00:00:00;40;3;307;0;;
3943;184021;"THERMOSTAT SECURITE 0-150°C EM-5";"411762/0005-027-000-25-1000-40-10-00-00-000-00-6";207;"0005-027-000-25-1000-40-10-00-00-000-00-6";1;;91,13 €;2;1;1;0,00 €;;"ASSECHEUR";0;0;;;;0;0;0;1;28/8/2026 00:00:00;40;2;502;0;;
3944;100416;"COLLIER CLAMP D64";"263444-64";88;"263444-64";3;;5,00 €;5;1;1;0,00 €;;;0;0;;;;0;0;0;1;25/8/2026 00:00:00;10;3;1001;0;;
3945;100417;"COLLIER CLAMP DN25 A 38";"280020-100";88;"280020-100";3;;5,00 €;2;1;1;0,00 €;;;0;0;;;;0;0;0;1;26/8/2026 00:00:00;10;3;1001;0;;
3946;100418;"JOINT CLAMP SILICONE SMS DN25";"963425-25";88;"963425-25";3;;5,00 €;6;1;1;0,00 €;;;0;0;;;;0;0;0;1;26/8/2026 00:00:00;10;3;901;0;;
3947;184022;"JOINT CLAMP EPDM DIN DN32";"963422-34";88;"963422-34";3;;2,26 €;13;2;10;0,00 €;;;0;0;;;;0;0;0;1;27/8/2026 00:00:00;10;3;908;0;;
3948;100420;"JOINT CLAMP EPDM ISO DN15 DEXT 50,5 INT 18,1";"963422-15";88;"963422-15";3;;2,00 €;1;1;1;0,00 €;;;0;0;;;;0;0;0;1;26/8/2026 00:00:00;10;3;909;0;;
3949;184023;"JOINT CLAMP EPDM SMS DN25";"963422-25";88;"963422-25";3;;0,85 €;50;4;50;0,00 €;;;0;0;;;;0;0;0;1;27/8/2026 00:00:00;10;3;910;0;;
3950;184024;"FLECTOR ACCOUPLEMENT PASTO 6";"NORMEX 82 PB 75SH FNF100002";208;"NORMEX 82 PB 75SH FNF100002";3;;15,00 €;0;1;2;0,00 €;;"PASTO 6";0;0;;;;0;0;0;1;;0;0;0;0;;
3951;184020;"THERMOSTAT REGULATEUR TEMP 0-150°C EM-1";"412361/001-027-000-25-1000-40-10-00-00-000-00-6/00";207;"00412361";1;;95,00 €;1;1;1;0,00 €;;"<div>ASSECHEUR REGULATEUR TEMP ASSECHEUR</div>";0;0;;;;0;0;0;1;28/8/2026 00:00:00;40;2;501;0;;
3952;183976;"IHM CADENCEUR ENTREE BIZERBA";"6ED1055-4MH8-0BA3 LOGO 9";83;"6ED1055-4MH8-0BA3";15;;100,00 €;1;1;1;0,00 €;;"IHM AVANT CADENCEUR BIZERBA";0;0;;;;0;0;0;1;27/8/2026 00:00:00;6;3;105;0;;
3953;100421;"PRISE FEMELLE MOBILE P17";"555304";46;"555304";1;;50,00 €;1;1;1;0,00 €;;;0;0;;;;0;0;0;1;27/8/2026 00:00:00;30;3;309;0;;
3954;100422;"VIS A BILLE PISTON DOSEUSE";"M10*26";10;"829-436";3;;5,00 €;10;2;10;0,00 €;;"FILLPACK 2";0;0;;;;0;0;0;1;28/8/2026 00:00:00;20;2;303;0;;
3955;184026;"MODULE SECURITE  24VDC";"SRB202CS";103;"101176208";1;;431,59 €;1;1;1;0,00 €;;"SPIRAL DE SURGELATION";0;0;;;;0;0;0;1;7/9/2026 00:00:00;1;6;503;0;;
3956;100423;"PIGNON SERIE1100/155MM D30";"S3E1I6CVJ5LS";121;;0;;10,00 €;0;9;1;0,00 €;;;0;0;;;;0;0;0;1;;40;1;0;0;;
3957;184040;"BOITIER PROTECTION FIBRE 125*125*80";"498-5107";10;"498-5107";3;;25,00 €;1;1;0;0,00 €;;"<div>AXYS</div>";0;0;;;;0;0;0;1;18/9/2026 00:00:00;21;1;601;0;;
3958;184039;"PORTE PROTECTION ECRAN SURGEL";"509-3293";10;"509-3293";3;;50,00 €;1;1;1;0,00 €;;;0;0;;;;0;0;0;1;18/9/2026 00:00:00;21;1;602;0;;
3959;100424;"MODULE PREVENTA";"XPS AK";91;"XPS AK";1;;50,00 €;1;1;1;0,00 €;;;0;0;;;;0;0;0;1;18/9/2026 00:00:00;1;6;504;0;;
3960;100425;"AIMANT SECURITE BPS260-1";"101184395";103;"101184395";1;;25,00 €;2;1;1;0,00 €;;;0;0;;;;0;0;0;1;29/9/2026 00:00:00;1;6;305;0;;
3961;100426;"PRISE SUR SOCLE  HYPRA ROUGE 16A 380V 3P+N+T";"051131";46;"051131";1;;50,00 €;1;1;1;0,00 €;;;0;0;;;;0;0;0;1;29/9/2026 00:00:00;30;3;204;0;;
3962;100427;"FILTRE DE RECHANGE 30 µm";"I-36S-A";6;"I-36S-A";2;;1,88 €;4;1;10;0,00 €;;;0;0;;;;0;0;0;1;1/10/2026 00:00:00;3;7;303;0;;
3963;184038;"CODEUR LIGNE POLIN";"91680093";10;"91680093";1;;579,00 €;1;1;1;0,00 €;;"POLIN";0;0;;;;0;0;0;1;2/10/2026 00:00:00;21;2;501;0;;
3964;107617;"ROULEMENT 20*42*12 INOX";"6004 2RS HLC";33;"6004 2RS HLC";13;;5,00 €;10;2;10;0,00 €;;"AGITATEUR PASTO 7";0;0;;;;0;0;0;1;2/10/2026 00:00:00;10;1;705;0;;
3965;184032;"JOINT FILTRE 221 DN250";"JOINT FILTRE 221 DN250";10;"JOINT FILTRE 221 DN250";3;;50,00 €;2;1;2;0,00 €;;"<div>JOINT DISTRIBUTION MPG</div>";0;0;;;;0;0;0;1;2/10/2026 00:00:00;0;0;0;0;;
3966;184031;"JOINT FILTRE 221 DN150";"JOINT FILTRE 221 DN150";10;"JOINT FILTRE 221 DN150";3;;50,00 €;6;1;6;0,00 €;;"<div>JOINT DISTRIBUTION MPG</div>";0;0;;;;0;0;0;1;2/10/2026 00:00:00;0;0;0;0;;
3967;184029;"JOINT FILTRE 221 DN100";"JOINT FILTRE 221 DN100";10;"JOINT FILTRE 221 DN100";3;;50,00 €;3;1;3;0,00 €;;"<div>JOINT DISTRIBUTION MPG</div>";0;0;;;;0;0;0;1;2/10/2026 00:00:00;50;0;0;0;;
3968;184028;"JOINT FILTRE 221 DN65";"JOINT FILTRE 221 DN65";10;"JOINT FILTRE 221 DN65";3;;50,00 €;6;2;6;0,00 €;;"<div>JOINT DISTRIBUTION MPG</div>";0;0;;;;0;0;0;1;2/10/2026 00:00:00;50;0;0;0;;
